"../../../Engine/Plugins/2D/Paper2D/Content/PlaceholderTextures/DummySpriteTexture.ubulk" 0
"../../../Engine/Plugins/2D/Paper2D/Content/PlaceholderTextures/DummySpriteTexture.uasset" 1
"../../../Engine/Plugins/2D/Paper2D/Content/PlaceholderTextures/DummySpriteTexture.uexp" 2
"../../../Engine/Plugins/2D/Paper2D/Content/DummySprite.uasset" 3
"../../../Engine/Plugins/2D/Paper2D/Content/DummySprite.uexp" 4
"../../../Engine/Plugins/2D/Paper2D/Content/DefaultPaperTerrainMaterial.uasset" 5
"../../../Engine/Plugins/2D/Paper2D/Content/DefaultPaperTerrainMaterial.uexp" 6
"../../../Engine/Plugins/Animation/ACLPlugin/Content/ACLAnimBoneCompressionSettings.uasset" 7
"../../../Engine/Plugins/Animation/ACLPlugin/Content/ACLAnimBoneCompressionSettings.uexp" 8
"../../../Engine/Content/EngineSounds/Master.uasset" 9
"../../../Engine/Content/EngineSounds/Master.uexp" 10
"../../../Engine/Content/EngineMaterials/DefaultPhysicalMaterial.uasset" 11
"../../../Engine/Content/EngineMaterials/DefaultPhysicalMaterial.uexp" 12
"../../../Engine/Content/EngineMaterials/DefaultDestructiblePhysicalMaterial.uasset" 13
"../../../Engine/Content/EngineMaterials/DefaultDestructiblePhysicalMaterial.uexp" 14
"../../../Engine/Content/EngineFonts/Faces/DroidSansFallback.uexp" 15
"../../../Engine/Content/EngineFonts/Faces/DroidSansFallback.uasset" 16
"../../../Engine/Content/EngineFonts/Faces/DroidSansFallback.ufont" 17
"../../../Engine/Content/EngineFonts/Faces/RobotoRegular.uexp" 18
"../../../Engine/Content/EngineFonts/Faces/RobotoRegular.uasset" 19
"../../../Engine/Content/EngineFonts/Faces/RobotoRegular.ufont" 20
"../../../Engine/Content/EngineFonts/Faces/RobotoLight.uexp" 21
"../../../Engine/Content/EngineFonts/Faces/RobotoLight.uasset" 22
"../../../Engine/Content/EngineFonts/Faces/RobotoLight.ufont" 23
"../../../Engine/Content/EngineFonts/Faces/RobotoItalic.uexp" 24
"../../../Engine/Content/EngineFonts/Faces/RobotoItalic.uasset" 25
"../../../Engine/Content/EngineFonts/Faces/RobotoItalic.ufont" 26
"../../../Engine/Content/EngineFonts/Faces/RobotoBoldItalic.uexp" 27
"../../../Engine/Content/EngineFonts/Faces/RobotoBoldItalic.uasset" 28
"../../../Engine/Content/EngineFonts/Faces/RobotoBoldItalic.ufont" 29
"../../../Engine/Content/EngineFonts/Faces/RobotoBold.uexp" 30
"../../../Engine/Content/EngineFonts/Faces/RobotoBold.uasset" 31
"../../../Engine/Content/EngineFonts/Faces/RobotoBold.ufont" 32
"../../../Engine/Content/EngineFonts/Roboto.uasset" 33
"../../../Engine/Content/EngineFonts/Roboto.uexp" 34
"../../../Engine/Content/EngineFonts/Faces/DroidSansMono.uexp" 35
"../../../Engine/Content/EngineFonts/Faces/DroidSansMono.uasset" 36
"../../../Engine/Content/EngineFonts/Faces/DroidSansMono.ufont" 37
"../../../Engine/Content/EngineFonts/DroidSansMono.uasset" 38
"../../../Engine/Content/EngineFonts/DroidSansMono.uexp" 39
"../../../Engine/Plugins/Interchange/Runtime/Content/Pipelines/DefaultTexturePipeline.uasset" 40
"../../../Engine/Plugins/Interchange/Runtime/Content/Pipelines/DefaultTexturePipeline.uexp" 41
"../../../Engine/Plugins/Interchange/Runtime/Content/Pipelines/DefaultSceneLevelPipeline.uasset" 42
"../../../Engine/Plugins/Interchange/Runtime/Content/Pipelines/DefaultSceneLevelPipeline.uexp" 43
"../../../Engine/Plugins/Interchange/Runtime/Content/Pipelines/DefaultSceneAssetsPipeline.uasset" 44
"../../../Engine/Plugins/Interchange/Runtime/Content/Pipelines/DefaultSceneAssetsPipeline.uexp" 45
"../../../Engine/Plugins/Interchange/Runtime/Content/Pipelines/DefaultMaterialXPipeline.uasset" 46
"../../../Engine/Plugins/Interchange/Runtime/Content/Pipelines/DefaultMaterialXPipeline.uexp" 47
"../../../Engine/Plugins/Interchange/Runtime/Content/Pipelines/DefaultMaterialPipeline.uasset" 48
"../../../Engine/Plugins/Interchange/Runtime/Content/Pipelines/DefaultMaterialPipeline.uexp" 49
"../../../Engine/Plugins/Interchange/Runtime/Content/Pipelines/DefaultGLTFSceneAssetsPipeline.uasset" 50
"../../../Engine/Plugins/Interchange/Runtime/Content/Pipelines/DefaultGLTFSceneAssetsPipeline.uexp" 51
"../../../Engine/Plugins/Interchange/Runtime/Content/Pipelines/DefaultGLTFPipeline.uasset" 52
"../../../Engine/Plugins/Interchange/Runtime/Content/Pipelines/DefaultGLTFPipeline.uexp" 53
"../../../Engine/Plugins/Interchange/Runtime/Content/Pipelines/DefaultGLTFAssetsPipeline.uasset" 54
"../../../Engine/Plugins/Interchange/Runtime/Content/Pipelines/DefaultGLTFAssetsPipeline.uexp" 55
"../../../Engine/Plugins/Interchange/Runtime/Content/Pipelines/DefaultAssetsPipeline.uasset" 56
"../../../Engine/Plugins/Interchange/Runtime/Content/Pipelines/DefaultAssetsPipeline.uexp" 57
"../../../Engine/Content/EngineResources/GradientTexture0.uasset" 58
"../../../Engine/Content/EngineResources/GradientTexture0.uexp" 59
"../../../Engine/Content/EngineResources/Black.uasset" 60
"../../../Engine/Content/EngineResources/Black.uexp" 61
"../../../Engine/Content/EditorResources/S_Actor.ubulk" 62
"../../../Engine/Content/EditorResources/S_Actor.uasset" 63
"../../../Engine/Content/EditorResources/S_Actor.uexp" 64
"../../../Engine/Content/EditorResources/S_Trigger.ubulk" 65
"../../../Engine/Content/EditorResources/S_Trigger.uasset" 66
"../../../Engine/Content/EditorResources/S_Trigger.uexp" 67
"../../../Engine/Content/EditorResources/S_BoxReflectionCapture.uasset" 68
"../../../Engine/Content/EditorResources/S_BoxReflectionCapture.uexp" 69
"../../../Engine/Content/EngineResources/DefaultTexture.ubulk" 70
"../../../Engine/Content/EngineResources/DefaultTexture.uasset" 71
"../../../Engine/Content/EngineResources/DefaultTexture.uexp" 72
"../../../Engine/Content/EditorResources/S_TriggerBox.uasset" 73
"../../../Engine/Content/EditorResources/S_TriggerBox.uexp" 74
"../../../Engine/Content/EditorResources/S_TriggerCapsule.uasset" 75
"../../../Engine/Content/EditorResources/S_TriggerCapsule.uexp" 76
"../../../Engine/Content/EditorResources/S_TriggerSphere.uasset" 77
"../../../Engine/Content/EditorResources/S_TriggerSphere.uexp" 78
"../../../Engine/Content/EngineMeshes/Sphere.ubulk" 79
"../../../Engine/Content/EngineMeshes/Sphere.uasset" 80
"../../../Engine/Content/EngineMeshes/Sphere.uexp" 81
"../../../Engine/Plugins/NNE/NNEDenoiser/Content/NNEDTOM_Output_Default.uasset" 82
"../../../Engine/Plugins/NNE/NNEDenoiser/Content/NNEDTOM_Output_Default.uexp" 83
"../../../Engine/Plugins/NNE/NNEDenoiser/Content/NNEDTOM_Output_Alpha.uasset" 84
"../../../Engine/Plugins/NNE/NNEDenoiser/Content/NNEDTOM_Output_Alpha.uexp" 85
"../../../Engine/Plugins/NNE/NNEDenoiser/Content/NNEDTIM_ColorAlbedoNormal_Default.uasset" 86
"../../../Engine/Plugins/NNE/NNEDenoiser/Content/NNEDTIM_ColorAlbedoNormal_Default.uexp" 87
"../../../Engine/Plugins/NNE/NNEDenoiser/Content/NNEDTIM_ColorAlbedoNormal_Alpha.uasset" 88
"../../../Engine/Plugins/NNE/NNEDenoiser/Content/NNEDTIM_ColorAlbedoNormal_Alpha.uexp" 89
"../../../Engine/Plugins/NNE/NNEDenoiser/Content/NNEDOM_Output_Default.uasset" 90
"../../../Engine/Plugins/NNE/NNEDenoiser/Content/NNEDOM_Output_Default.uexp" 91
"../../../Engine/Plugins/NNE/NNEDenoiser/Content/NNEDOM_Output_Alpha.uasset" 92
"../../../Engine/Plugins/NNE/NNEDenoiser/Content/NNEDOM_Output_Alpha.uexp" 93
"../../../Engine/Plugins/NNE/NNEDenoiser/Content/NNEDIM_HighQuality_Default.uasset" 94
"../../../Engine/Plugins/NNE/NNEDenoiser/Content/NNEDIM_HighQuality_Default.uexp" 95
"../../../Engine/Plugins/NNE/NNEDenoiser/Content/NNEDIM_HighQuality_Alpha.uasset" 96
"../../../Engine/Plugins/NNE/NNEDenoiser/Content/NNEDIM_HighQuality_Alpha.uexp" 97
"../../../Engine/Plugins/NNE/NNEDenoiser/Content/NNEDIM_ColorAlbedoNormal_Default.uasset" 98
"../../../Engine/Plugins/NNE/NNEDenoiser/Content/NNEDIM_ColorAlbedoNormal_Default.uexp" 99
"../../../Engine/Plugins/NNE/NNEDenoiser/Content/NNEDIM_ColorAlbedoNormal_Alpha.uasset" 100
"../../../Engine/Plugins/NNE/NNEDenoiser/Content/NNEDIM_ColorAlbedoNormal_Alpha.uexp" 101
"../../../Engine/Content/Functions/Engine_MaterialFunctions01/Opacity/CameraDepthFade.uasset" 102
"../../../Engine/Content/Functions/Engine_MaterialFunctions01/Opacity/CameraDepthFade.uexp" 103
"../../../Engine/Content/EngineMaterials/T_Default_Material_Grid_M.ubulk" 104
"../../../Engine/Content/EngineMaterials/T_Default_Material_Grid_M.uasset" 105
"../../../Engine/Content/EngineMaterials/T_Default_Material_Grid_M.uexp" 106
"../../../Engine/Content/EngineMaterials/T_Default_Material_Grid_N.ubulk" 107
"../../../Engine/Content/EngineMaterials/T_Default_Material_Grid_N.uasset" 108
"../../../Engine/Content/EngineMaterials/T_Default_Material_Grid_N.uexp" 109
"../../../Engine/Content/EngineMaterials/WorldGridMaterial.uasset" 110
"../../../Engine/Content/EngineMaterials/WorldGridMaterial.uexp" 111
"../../../Engine/Plugins/Media/MediaPlate/Content/SM_MediaPlateScreen.ubulk" 112
"../../../Engine/Plugins/Media/MediaPlate/Content/SM_MediaPlateScreen.uasset" 113
"../../../Engine/Plugins/Media/MediaPlate/Content/SM_MediaPlateScreen.uexp" 114
"../../../Engine/Content/Functions/Engine_MaterialFunctions02/WorldPositionOffset/CameraOffset.uasset" 115
"../../../Engine/Content/Functions/Engine_MaterialFunctions02/WorldPositionOffset/CameraOffset.uexp" 116
"../../../Engine/Plugins/Animation/ControlRig/Content/M_Manip.uasset" 117
"../../../Engine/Plugins/Animation/ControlRig/Content/M_Manip.uexp" 118
"../../../Engine/Content/EngineMaterials/DefaultMaterial.uasset" 119
"../../../Engine/Content/EngineMaterials/DefaultMaterial.uexp" 120
"../../../Engine/Content/BasicShapes/Sphere.ubulk" 121
"../../../Engine/Content/BasicShapes/Sphere.uasset" 122
"../../../Engine/Content/BasicShapes/Sphere.uexp" 123
"../../../Engine/Content/BasicShapes/Cylinder.ubulk" 124
"../../../Engine/Content/BasicShapes/Cylinder.uasset" 125
"../../../Engine/Content/BasicShapes/Cylinder.uexp" 126
"../../../Engine/Content/BasicShapes/Cone.ubulk" 127
"../../../Engine/Content/BasicShapes/Cone.uasset" 128
"../../../Engine/Content/BasicShapes/Cone.uexp" 129
"../../../Engine/Content/EditorMaterials/PreviewShadowIndicator.ubulk" 130
"../../../Engine/Content/EditorMaterials/PreviewShadowIndicator.uasset" 131
"../../../Engine/Content/EditorMaterials/PreviewShadowIndicator.uexp" 132
"../../../Engine/Content/EditorMaterials/PreviewShadowIndicatorMaterial.uasset" 133
"../../../Engine/Content/EditorMaterials/PreviewShadowIndicatorMaterial.uexp" 134
"../../../Engine/Content/EditorMaterials/PhAT_UnselectedMaterial.uasset" 135
"../../../Engine/Content/EditorMaterials/PhAT_UnselectedMaterial.uexp" 136
"../../../Engine/Content/EditorMaterials/PhAT_NoCollisionMaterial.uasset" 137
"../../../Engine/Content/EditorMaterials/PhAT_NoCollisionMaterial.uexp" 138
"../../../Engine/Content/EditorLandscapeResources/SplineEditorMeshMat.uasset" 139
"../../../Engine/Content/EditorLandscapeResources/SplineEditorMeshMat.uexp" 140
"../../../Engine/Content/EditorLandscapeResources/SplineEditorMesh.ubulk" 141
"../../../Engine/Content/EditorLandscapeResources/SplineEditorMesh.uasset" 142
"../../../Engine/Content/EditorLandscapeResources/SplineEditorMesh.uexp" 143
"../../../Engine/Content/EditorLandscapeResources/WhiteSquareTexture.uasset" 144
"../../../Engine/Content/EditorLandscapeResources/WhiteSquareTexture.uexp" 145
"../../../Engine/Content/EditorLandscapeResources/LayerVisMaterial.uasset" 146
"../../../Engine/Content/EditorLandscapeResources/LayerVisMaterial.uexp" 147
"../../../Engine/Content/Functions/Engine_MaterialFunctions02/WorldPositionOffset/LocalPosition.uasset" 148
"../../../Engine/Content/Functions/Engine_MaterialFunctions02/WorldPositionOffset/LocalPosition.uexp" 149
"../../../Engine/Content/Functions/Engine_MaterialFunctions02/Utility/BreakOutFloat2Components.uasset" 150
"../../../Engine/Content/Functions/Engine_MaterialFunctions02/Utility/BreakOutFloat2Components.uexp" 151
"../../../Engine/Content/Functions/Engine_MaterialFunctions01/Texturing/ScaleUVsByCenter.uasset" 152
"../../../Engine/Content/Functions/Engine_MaterialFunctions01/Texturing/ScaleUVsByCenter.uexp" 153
"../../../Engine/Content/EngineMaterials/DefaultDiffuse.ubulk" 154
"../../../Engine/Content/EngineMaterials/DefaultDiffuse.uasset" 155
"../../../Engine/Content/EngineMaterials/DefaultDiffuse.uexp" 156
"../../../Engine/Content/Functions/Engine_MaterialFunctions01/Texturing/TextureCropping.uasset" 157
"../../../Engine/Content/Functions/Engine_MaterialFunctions01/Texturing/TextureCropping.uexp" 158
"../../../Engine/Content/Functions/Engine_MaterialFunctions02/ExampleContent/DebugNumberStrip.uasset" 159
"../../../Engine/Content/Functions/Engine_MaterialFunctions02/ExampleContent/DebugNumberStrip.uexp" 160
"../../../Engine/Content/Functions/Engine_MaterialFunctions01/Debug/DebugIntValues.uasset" 161
"../../../Engine/Content/Functions/Engine_MaterialFunctions01/Debug/DebugIntValues.uexp" 162
"../../../Engine/Content/EditorLandscapeResources/LandscapeLayerUsageMaterial.uasset" 163
"../../../Engine/Content/EditorLandscapeResources/LandscapeLayerUsageMaterial.uexp" 164
"../../../Engine/Content/EditorLandscapeResources/DefaultAlphaTexture.uasset" 165
"../../../Engine/Content/EditorLandscapeResources/DefaultAlphaTexture.uexp" 166
"../../../Engine/Content/EditorLandscapeResources/LandscapeDirtyMaterial.uasset" 167
"../../../Engine/Content/EditorLandscapeResources/LandscapeDirtyMaterial.uexp" 168
"../../../Engine/Plugins/Animation/ControlRig/Content/Controls/ControlRig_Wedge_solid.ubulk" 169
"../../../Engine/Plugins/Animation/ControlRig/Content/Controls/ControlRig_Wedge_solid.uasset" 170
"../../../Engine/Plugins/Animation/ControlRig/Content/Controls/ControlRig_Wedge_solid.uexp" 171
"../../../Engine/Plugins/Animation/ControlRig/Content/Controls/ControlRig_Wedge_3mm.ubulk" 172
"../../../Engine/Plugins/Animation/ControlRig/Content/Controls/ControlRig_Wedge_3mm.uasset" 173
"../../../Engine/Plugins/Animation/ControlRig/Content/Controls/ControlRig_Wedge_3mm.uexp" 174
"../../../Engine/Plugins/Animation/ControlRig/Content/Controls/ControlRig_Wedge_1mm.ubulk" 175
"../../../Engine/Plugins/Animation/ControlRig/Content/Controls/ControlRig_Wedge_1mm.uasset" 176
"../../../Engine/Plugins/Animation/ControlRig/Content/Controls/ControlRig_Wedge_1mm.uexp" 177
"../../../Engine/Plugins/Animation/ControlRig/Content/Controls/ControlRig_Triangle_solid.ubulk" 178
"../../../Engine/Plugins/Animation/ControlRig/Content/Controls/ControlRig_Triangle_solid.uasset" 179
"../../../Engine/Plugins/Animation/ControlRig/Content/Controls/ControlRig_Triangle_solid.uexp" 180
"../../../Engine/Plugins/Animation/ControlRig/Content/Controls/ControlRig_Triangle_3mm.ubulk" 181
"../../../Engine/Plugins/Animation/ControlRig/Content/Controls/ControlRig_Triangle_3mm.uasset" 182
"../../../Engine/Plugins/Animation/ControlRig/Content/Controls/ControlRig_Triangle_3mm.uexp" 183
"../../../Engine/Plugins/Animation/ControlRig/Content/Controls/ControlRig_Triangle_1mm.ubulk" 184
"../../../Engine/Plugins/Animation/ControlRig/Content/Controls/ControlRig_Triangle_1mm.uasset" 185
"../../../Engine/Plugins/Animation/ControlRig/Content/Controls/ControlRig_Triangle_1mm.uexp" 186
"../../../Engine/Plugins/Animation/ControlRig/Content/Controls/ControlRig_Star4_solid.ubulk" 187
"../../../Engine/Plugins/Animation/ControlRig/Content/Controls/ControlRig_Star4_solid.uasset" 188
"../../../Engine/Plugins/Animation/ControlRig/Content/Controls/ControlRig_Star4_solid.uexp" 189
"../../../Engine/Plugins/Animation/ControlRig/Content/Controls/ControlRig_Star4_3mm.ubulk" 190
"../../../Engine/Plugins/Animation/ControlRig/Content/Controls/ControlRig_Star4_3mm.uasset" 191
"../../../Engine/Plugins/Animation/ControlRig/Content/Controls/ControlRig_Star4_3mm.uexp" 192
"../../../Engine/Plugins/Animation/ControlRig/Content/Controls/ControlRig_Star4_1mm.ubulk" 193
"../../../Engine/Plugins/Animation/ControlRig/Content/Controls/ControlRig_Star4_1mm.uasset" 194
"../../../Engine/Plugins/Animation/ControlRig/Content/Controls/ControlRig_Star4_1mm.uexp" 195
"../../../Engine/Plugins/Animation/ControlRig/Content/Controls/ControlRig_Square_solid.ubulk" 196
"../../../Engine/Plugins/Animation/ControlRig/Content/Controls/ControlRig_Square_solid.uasset" 197
"../../../Engine/Plugins/Animation/ControlRig/Content/Controls/ControlRig_Square_solid.uexp" 198
"../../../Engine/Plugins/Animation/ControlRig/Content/Controls/ControlRig_Square_3mm.ubulk" 199
"../../../Engine/Plugins/Animation/ControlRig/Content/Controls/ControlRig_Square_3mm.uasset" 200
"../../../Engine/Plugins/Animation/ControlRig/Content/Controls/ControlRig_Square_3mm.uexp" 201
"../../../Engine/Plugins/Animation/ControlRig/Content/Controls/ControlRig_Square_1mm.ubulk" 202
"../../../Engine/Plugins/Animation/ControlRig/Content/Controls/ControlRig_Square_1mm.uasset" 203
"../../../Engine/Plugins/Animation/ControlRig/Content/Controls/ControlRig_Square_1mm.uexp" 204
"../../../Engine/Plugins/Animation/ControlRig/Content/Controls/ControlRig_Sphere_solid.ubulk" 205
"../../../Engine/Plugins/Animation/ControlRig/Content/Controls/ControlRig_Sphere_solid.uasset" 206
"../../../Engine/Plugins/Animation/ControlRig/Content/Controls/ControlRig_Sphere_solid.uexp" 207
"../../../Engine/Plugins/Animation/ControlRig/Content/Controls/ControlRig_Sphere_3mm.ubulk" 208
"../../../Engine/Plugins/Animation/ControlRig/Content/Controls/ControlRig_Sphere_3mm.uasset" 209
"../../../Engine/Plugins/Animation/ControlRig/Content/Controls/ControlRig_Sphere_3mm.uexp" 210
"../../../Engine/Plugins/Animation/ControlRig/Content/Controls/ControlRig_Sphere_1mm.ubulk" 211
"../../../Engine/Plugins/Animation/ControlRig/Content/Controls/ControlRig_Sphere_1mm.uasset" 212
"../../../Engine/Plugins/Animation/ControlRig/Content/Controls/ControlRig_Sphere_1mm.uexp" 213
"../../../Engine/Plugins/Animation/ControlRig/Content/Controls/ControlRig_RoundedTriangle_solid.ubulk" 214
"../../../Engine/Plugins/Animation/ControlRig/Content/Controls/ControlRig_RoundedTriangle_solid.uasset" 215
"../../../Engine/Plugins/Animation/ControlRig/Content/Controls/ControlRig_RoundedTriangle_solid.uexp" 216
"../../../Engine/Plugins/Animation/ControlRig/Content/Controls/ControlRig_RoundedTriangle_3mm.ubulk" 217
"../../../Engine/Plugins/Animation/ControlRig/Content/Controls/ControlRig_RoundedTriangle_3mm.uasset" 218
"../../../Engine/Plugins/Animation/ControlRig/Content/Controls/ControlRig_RoundedTriangle_3mm.uexp" 219
"../../../Engine/Plugins/Animation/ControlRig/Content/Controls/ControlRig_RoundedTriangle_1mm.ubulk" 220
"../../../Engine/Plugins/Animation/ControlRig/Content/Controls/ControlRig_RoundedTriangle_1mm.uasset" 221
"../../../Engine/Plugins/Animation/ControlRig/Content/Controls/ControlRig_RoundedTriangle_1mm.uexp" 222
"../../../Engine/Plugins/Animation/ControlRig/Content/Controls/ControlRig_RoundedSquare_solid.ubulk" 223
"../../../Engine/Plugins/Animation/ControlRig/Content/Controls/ControlRig_RoundedSquare_solid.uasset" 224
"../../../Engine/Plugins/Animation/ControlRig/Content/Controls/ControlRig_RoundedSquare_solid.uexp" 225
"../../../Engine/Plugins/Animation/ControlRig/Content/Controls/ControlRig_RoundedSquare_3mm.ubulk" 226
"../../../Engine/Plugins/Animation/ControlRig/Content/Controls/ControlRig_RoundedSquare_3mm.uasset" 227
"../../../Engine/Plugins/Animation/ControlRig/Content/Controls/ControlRig_RoundedSquare_3mm.uexp" 228
"../../../Engine/Plugins/Animation/ControlRig/Content/Controls/ControlRig_RoundedSquare_1mm.ubulk" 229
"../../../Engine/Plugins/Animation/ControlRig/Content/Controls/ControlRig_RoundedSquare_1mm.uasset" 230
"../../../Engine/Plugins/Animation/ControlRig/Content/Controls/ControlRig_RoundedSquare_1mm.uexp" 231
"../../../Engine/Plugins/Animation/ControlRig/Content/Controls/ControlRig_QuarterCircle_solid.ubulk" 232
"../../../Engine/Plugins/Animation/ControlRig/Content/Controls/ControlRig_QuarterCircle_solid.uasset" 233
"../../../Engine/Plugins/Animation/ControlRig/Content/Controls/ControlRig_QuarterCircle_solid.uexp" 234
"../../../Engine/Plugins/Animation/ControlRig/Content/Controls/ControlRig_QuarterCircle_3mm.ubulk" 235
"../../../Engine/Plugins/Animation/ControlRig/Content/Controls/ControlRig_QuarterCircle_3mm.uasset" 236
"../../../Engine/Plugins/Animation/ControlRig/Content/Controls/ControlRig_QuarterCircle_3mm.uexp" 237
"../../../Engine/Plugins/Animation/ControlRig/Content/Controls/ControlRig_QuarterCircle_1mm.ubulk" 238
"../../../Engine/Plugins/Animation/ControlRig/Content/Controls/ControlRig_QuarterCircle_1mm.uasset" 239
"../../../Engine/Plugins/Animation/ControlRig/Content/Controls/ControlRig_QuarterCircle_1mm.uexp" 240
"../../../Engine/Plugins/Animation/ControlRig/Content/Controls/ControlRig_Pyramid_solid.ubulk" 241
"../../../Engine/Plugins/Animation/ControlRig/Content/Controls/ControlRig_Pyramid_solid.uasset" 242
"../../../Engine/Plugins/Animation/ControlRig/Content/Controls/ControlRig_Pyramid_solid.uexp" 243
"../../../Engine/Plugins/Animation/ControlRig/Content/Controls/ControlRig_Pyramid_3mm.ubulk" 244
"../../../Engine/Plugins/Animation/ControlRig/Content/Controls/ControlRig_Pyramid_3mm.uasset" 245
"../../../Engine/Plugins/Animation/ControlRig/Content/Controls/ControlRig_Pyramid_3mm.uexp" 246
"../../../Engine/Plugins/Animation/ControlRig/Content/Controls/ControlRig_Pyramid_1mm.ubulk" 247
"../../../Engine/Plugins/Animation/ControlRig/Content/Controls/ControlRig_Pyramid_1mm.uasset" 248
"../../../Engine/Plugins/Animation/ControlRig/Content/Controls/ControlRig_Pyramid_1mm.uexp" 249
"../../../Engine/Plugins/Animation/ControlRig/Content/Controls/ControlRig_Octagon_solid.ubulk" 250
"../../../Engine/Plugins/Animation/ControlRig/Content/Controls/ControlRig_Octagon_solid.uasset" 251
"../../../Engine/Plugins/Animation/ControlRig/Content/Controls/ControlRig_Octagon_solid.uexp" 252
"../../../Engine/Plugins/Animation/ControlRig/Content/Controls/ControlRig_Octagon_3mm.ubulk" 253
"../../../Engine/Plugins/Animation/ControlRig/Content/Controls/ControlRig_Octagon_3mm.uasset" 254
"../../../Engine/Plugins/Animation/ControlRig/Content/Controls/ControlRig_Octagon_3mm.uexp" 255
"../../../Engine/Plugins/Animation/ControlRig/Content/Controls/ControlRig_Octagon_1mm.ubulk" 256
"../../../Engine/Plugins/Animation/ControlRig/Content/Controls/ControlRig_Octagon_1mm.uasset" 257
"../../../Engine/Plugins/Animation/ControlRig/Content/Controls/ControlRig_Octagon_1mm.uexp" 258
"../../../Engine/Plugins/Animation/ControlRig/Content/Controls/ControlRig_Hexagon_solid.ubulk" 259
"../../../Engine/Plugins/Animation/ControlRig/Content/Controls/ControlRig_Hexagon_solid.uasset" 260
"../../../Engine/Plugins/Animation/ControlRig/Content/Controls/ControlRig_Hexagon_solid.uexp" 261
"../../../Engine/Plugins/Animation/ControlRig/Content/Controls/ControlRig_Hexagon_3mm.ubulk" 262
"../../../Engine/Plugins/Animation/ControlRig/Content/Controls/ControlRig_Hexagon_3mm.uasset" 263
"../../../Engine/Plugins/Animation/ControlRig/Content/Controls/ControlRig_Hexagon_3mm.uexp" 264
"../../../Engine/Plugins/Animation/ControlRig/Content/Controls/ControlRig_Hexagon_1mm.ubulk" 265
"../../../Engine/Plugins/Animation/ControlRig/Content/Controls/ControlRig_Hexagon_1mm.uasset" 266
"../../../Engine/Plugins/Animation/ControlRig/Content/Controls/ControlRig_Hexagon_1mm.uexp" 267
"../../../Engine/Plugins/Animation/ControlRig/Content/Controls/ControlRig_HalfCircle_solid.ubulk" 268
"../../../Engine/Plugins/Animation/ControlRig/Content/Controls/ControlRig_HalfCircle_solid.uasset" 269
"../../../Engine/Plugins/Animation/ControlRig/Content/Controls/ControlRig_HalfCircle_solid.uexp" 270
"../../../Engine/Plugins/Animation/ControlRig/Content/Controls/ControlRig_HalfCircle_3mm.ubulk" 271
"../../../Engine/Plugins/Animation/ControlRig/Content/Controls/ControlRig_HalfCircle_3mm.uasset" 272
"../../../Engine/Plugins/Animation/ControlRig/Content/Controls/ControlRig_HalfCircle_3mm.uexp" 273
"../../../Engine/Plugins/Animation/ControlRig/Content/Controls/ControlRig_HalfCircle_1mm.ubulk" 274
"../../../Engine/Plugins/Animation/ControlRig/Content/Controls/ControlRig_HalfCircle_1mm.uasset" 275
"../../../Engine/Plugins/Animation/ControlRig/Content/Controls/ControlRig_HalfCircle_1mm.uexp" 276
"../../../Engine/Plugins/Animation/ControlRig/Content/Controls/ControlRig_Diamond_solid.ubulk" 277
"../../../Engine/Plugins/Animation/ControlRig/Content/Controls/ControlRig_Diamond_solid.uasset" 278
"../../../Engine/Plugins/Animation/ControlRig/Content/Controls/ControlRig_Diamond_solid.uexp" 279
"../../../Engine/Plugins/Animation/ControlRig/Content/Controls/ControlRig_Diamond_3mm.ubulk" 280
"../../../Engine/Plugins/Animation/ControlRig/Content/Controls/ControlRig_Diamond_3mm.uasset" 281
"../../../Engine/Plugins/Animation/ControlRig/Content/Controls/ControlRig_Diamond_3mm.uexp" 282
"../../../Engine/Plugins/Animation/ControlRig/Content/Controls/ControlRig_Diamond_1mm.ubulk" 283
"../../../Engine/Plugins/Animation/ControlRig/Content/Controls/ControlRig_Diamond_1mm.uasset" 284
"../../../Engine/Plugins/Animation/ControlRig/Content/Controls/ControlRig_Diamond_1mm.uexp" 285
"../../../Engine/Plugins/Animation/ControlRig/Content/Controls/ControlRig_Circle_solid.ubulk" 286
"../../../Engine/Plugins/Animation/ControlRig/Content/Controls/ControlRig_Circle_solid.uasset" 287
"../../../Engine/Plugins/Animation/ControlRig/Content/Controls/ControlRig_Circle_solid.uexp" 288
"../../../Engine/Plugins/Animation/ControlRig/Content/Controls/ControlRig_Circle_3mm.ubulk" 289
"../../../Engine/Plugins/Animation/ControlRig/Content/Controls/ControlRig_Circle_3mm.uasset" 290
"../../../Engine/Plugins/Animation/ControlRig/Content/Controls/ControlRig_Circle_3mm.uexp" 291
"../../../Engine/Plugins/Animation/ControlRig/Content/Controls/ControlRig_Circle_1mm.ubulk" 292
"../../../Engine/Plugins/Animation/ControlRig/Content/Controls/ControlRig_Circle_1mm.uasset" 293
"../../../Engine/Plugins/Animation/ControlRig/Content/Controls/ControlRig_Circle_1mm.uexp" 294
"../../../Engine/Plugins/Animation/ControlRig/Content/Controls/ControlRig_Box_solid.ubulk" 295
"../../../Engine/Plugins/Animation/ControlRig/Content/Controls/ControlRig_Box_solid.uasset" 296
"../../../Engine/Plugins/Animation/ControlRig/Content/Controls/ControlRig_Box_solid.uexp" 297
"../../../Engine/Plugins/Animation/ControlRig/Content/Controls/ControlRig_Box_3mm.ubulk" 298
"../../../Engine/Plugins/Animation/ControlRig/Content/Controls/ControlRig_Box_3mm.uasset" 299
"../../../Engine/Plugins/Animation/ControlRig/Content/Controls/ControlRig_Box_3mm.uexp" 300
"../../../Engine/Plugins/Animation/ControlRig/Content/Controls/ControlRig_Box_1mm.ubulk" 301
"../../../Engine/Plugins/Animation/ControlRig/Content/Controls/ControlRig_Box_1mm.uasset" 302
"../../../Engine/Plugins/Animation/ControlRig/Content/Controls/ControlRig_Box_1mm.uexp" 303
"../../../Engine/Plugins/Animation/ControlRig/Content/Controls/ControlRig_Arrow_solid.ubulk" 304
"../../../Engine/Plugins/Animation/ControlRig/Content/Controls/ControlRig_Arrow_solid.uasset" 305
"../../../Engine/Plugins/Animation/ControlRig/Content/Controls/ControlRig_Arrow_solid.uexp" 306
"../../../Engine/Plugins/Animation/ControlRig/Content/Controls/ControlRig_Arrow_3mm.ubulk" 307
"../../../Engine/Plugins/Animation/ControlRig/Content/Controls/ControlRig_Arrow_3mm.uasset" 308
"../../../Engine/Plugins/Animation/ControlRig/Content/Controls/ControlRig_Arrow_3mm.uexp" 309
"../../../Engine/Plugins/Animation/ControlRig/Content/Controls/ControlRig_Arrow_1mm.ubulk" 310
"../../../Engine/Plugins/Animation/ControlRig/Content/Controls/ControlRig_Arrow_1mm.uasset" 311
"../../../Engine/Plugins/Animation/ControlRig/Content/Controls/ControlRig_Arrow_1mm.uexp" 312
"../../../Engine/Plugins/Animation/ControlRig/Content/Controls/ControlRig_Arrow4_solid.ubulk" 313
"../../../Engine/Plugins/Animation/ControlRig/Content/Controls/ControlRig_Arrow4_solid.uasset" 314
"../../../Engine/Plugins/Animation/ControlRig/Content/Controls/ControlRig_Arrow4_solid.uexp" 315
"../../../Engine/Plugins/Animation/ControlRig/Content/Controls/ControlRig_Arrow4_3mm.ubulk" 316
"../../../Engine/Plugins/Animation/ControlRig/Content/Controls/ControlRig_Arrow4_3mm.uasset" 317
"../../../Engine/Plugins/Animation/ControlRig/Content/Controls/ControlRig_Arrow4_3mm.uexp" 318
"../../../Engine/Plugins/Animation/ControlRig/Content/Controls/ControlRig_Arrow4_1mm.ubulk" 319
"../../../Engine/Plugins/Animation/ControlRig/Content/Controls/ControlRig_Arrow4_1mm.uasset" 320
"../../../Engine/Plugins/Animation/ControlRig/Content/Controls/ControlRig_Arrow4_1mm.uexp" 321
"../../../Engine/Plugins/Animation/ControlRig/Content/Controls/ControlRig_Arrow2_solid.ubulk" 322
"../../../Engine/Plugins/Animation/ControlRig/Content/Controls/ControlRig_Arrow2_solid.uasset" 323
"../../../Engine/Plugins/Animation/ControlRig/Content/Controls/ControlRig_Arrow2_solid.uexp" 324
"../../../Engine/Plugins/Animation/ControlRig/Content/Controls/ControlRig_Arrow2_3mm.ubulk" 325
"../../../Engine/Plugins/Animation/ControlRig/Content/Controls/ControlRig_Arrow2_3mm.uasset" 326
"../../../Engine/Plugins/Animation/ControlRig/Content/Controls/ControlRig_Arrow2_3mm.uexp" 327
"../../../Engine/Plugins/Animation/ControlRig/Content/Controls/ControlRig_Arrow2_1mm.ubulk" 328
"../../../Engine/Plugins/Animation/ControlRig/Content/Controls/ControlRig_Arrow2_1mm.uasset" 329
"../../../Engine/Plugins/Animation/ControlRig/Content/Controls/ControlRig_Arrow2_1mm.uexp" 330
"../../../Engine/Plugins/Animation/ControlRig/Content/Controls/ControlRigXRayMaterial.uasset" 331
"../../../Engine/Plugins/Animation/ControlRig/Content/Controls/ControlRigXRayMaterial.uexp" 332
"../../../Engine/Plugins/Animation/ControlRig/Content/Controls/ControlRigGizmoMaterial.uasset" 333
"../../../Engine/Plugins/Animation/ControlRig/Content/Controls/ControlRigGizmoMaterial.uexp" 334
"../../../Engine/Content/EngineMaterials/WeightMapPlaceholderTexture.uasset" 335
"../../../Engine/Content/EngineMaterials/WeightMapPlaceholderTexture.uexp" 336
"../../../Engine/Content/EngineMaterials/WeightMapArrayPlaceholderTexture.uasset" 337
"../../../Engine/Content/EngineMaterials/WeightMapArrayPlaceholderTexture.uexp" 338
"../../../Engine/Content/EngineMaterials/RemoveSurfaceMaterial.uasset" 339
"../../../Engine/Content/EngineMaterials/RemoveSurfaceMaterial.uexp" 340
"../../../Engine/Content/EngineMaterials/PreintegratedSkinBRDF.uasset" 341
"../../../Engine/Content/EngineMaterials/PreintegratedSkinBRDF.uexp" 342
"../../../Engine/Content/EngineMaterials/DefaultCalibrationGrayscale.uasset" 343
"../../../Engine/Content/EngineMaterials/DefaultCalibrationGrayscale.uexp" 344
"../../../Engine/Content/EngineMaterials/PPM_DefaultCalibrationGrayscale.uasset" 345
"../../../Engine/Content/EngineMaterials/PPM_DefaultCalibrationGrayscale.uexp" 346
"../../../Engine/Content/EngineMaterials/DefaultCalibrationColor.uasset" 347
"../../../Engine/Content/EngineMaterials/DefaultCalibrationColor.uexp" 348
"../../../Engine/Content/EngineMaterials/PPM_DefaultCalibrationColor.uasset" 349
"../../../Engine/Content/EngineMaterials/PPM_DefaultCalibrationColor.uexp" 350
"../../../Engine/Content/EngineMaterials/PhAT_JointLimitMaterial.uasset" 351
"../../../Engine/Content/EngineMaterials/PhAT_JointLimitMaterial.uexp" 352
"../../../Engine/Content/EngineMaterials/NaniteHiddenSectionMaterial.uasset" 353
"../../../Engine/Content/EngineMaterials/NaniteHiddenSectionMaterial.uexp" 354
"../../../Engine/Content/EngineMaterials/InvalidLightmapSettings.ubulk" 355
"../../../Engine/Content/EngineMaterials/InvalidLightmapSettings.uasset" 356
"../../../Engine/Content/EngineMaterials/InvalidLightmapSettings.uexp" 357
"../../../Engine/Content/EngineMaterials/M_InvalidLightmapSettings.uasset" 358
"../../../Engine/Content/EngineMaterials/M_InvalidLightmapSettings.uexp" 359
"../../../Engine/Content/EngineMaterials/MiniFont.uasset" 360
"../../../Engine/Content/EngineMaterials/MiniFont.uexp" 361
"../../../Engine/Content/EngineMaterials/GizmoMaterial.uasset" 362
"../../../Engine/Content/EngineMaterials/GizmoMaterial.uexp" 363
"../../../Engine/Content/EngineMaterials/Black_1x1_EXR_Texture_VT.ubulk" 364
"../../../Engine/Content/EngineMaterials/Black_1x1_EXR_Texture_VT.uasset" 365
"../../../Engine/Content/EngineMaterials/Black_1x1_EXR_Texture_VT.uexp" 366
"../../../Engine/Content/EngineMaterials/BaseFlattenNormalMap_VT.ubulk" 367
"../../../Engine/Content/EngineMaterials/BaseFlattenNormalMap_VT.uasset" 368
"../../../Engine/Content/EngineMaterials/BaseFlattenNormalMap_VT.uexp" 369
"../../../Engine/Content/EngineMaterials/BaseFlattenLinearColor_VT.ubulk" 370
"../../../Engine/Content/EngineMaterials/BaseFlattenLinearColor_VT.uasset" 371
"../../../Engine/Content/EngineMaterials/BaseFlattenLinearColor_VT.uexp" 372
"../../../Engine/Content/EngineMaterials/BaseFlattenGrayscaleMap_VT.ubulk" 373
"../../../Engine/Content/EngineMaterials/BaseFlattenGrayscaleMap_VT.uasset" 374
"../../../Engine/Content/EngineMaterials/BaseFlattenGrayscaleMap_VT.uexp" 375
"../../../Engine/Content/EngineMaterials/BaseFlattenEmissiveMap_VT.ubulk" 376
"../../../Engine/Content/EngineMaterials/BaseFlattenEmissiveMap_VT.uasset" 377
"../../../Engine/Content/EngineMaterials/BaseFlattenEmissiveMap_VT.uexp" 378
"../../../Engine/Content/EngineMaterials/BaseFlattenDiffuseMap_VT.ubulk" 379
"../../../Engine/Content/EngineMaterials/BaseFlattenDiffuseMap_VT.uasset" 380
"../../../Engine/Content/EngineMaterials/BaseFlattenDiffuseMap_VT.uexp" 381
"../../../Engine/Content/EngineMaterials/FlattenMaterial_WS_Normal_VT.uasset" 382
"../../../Engine/Content/EngineMaterials/FlattenMaterial_WS_Normal_VT.uexp" 383
"../../../Engine/Content/EngineMaterials/FlattenMaterial_VT.uasset" 384
"../../../Engine/Content/EngineMaterials/FlattenMaterial_VT.uexp" 385
"../../../Engine/Content/EngineMaterials/BaseFlattenNormalMap.uasset" 386
"../../../Engine/Content/EngineMaterials/BaseFlattenNormalMap.uexp" 387
"../../../Engine/Content/EngineMaterials/BaseFlattenDiffuseMap.uasset" 388
"../../../Engine/Content/EngineMaterials/BaseFlattenDiffuseMap.uexp" 389
"../../../Engine/Content/EngineMaterials/BaseFlattenEmissiveMap.uasset" 390
"../../../Engine/Content/EngineMaterials/BaseFlattenEmissiveMap.uexp" 391
"../../../Engine/Content/EngineMaterials/BaseFlattenGrayscaleMap.uasset" 392
"../../../Engine/Content/EngineMaterials/BaseFlattenGrayscaleMap.uexp" 393
"../../../Engine/Content/EngineMaterials/BaseFlattenLinearColor.uasset" 394
"../../../Engine/Content/EngineMaterials/BaseFlattenLinearColor.uexp" 395
"../../../Engine/Content/Functions/Engine_MaterialFunctions02/PivotPainter2/Black_1x1_EXR_Texture.uasset" 396
"../../../Engine/Content/Functions/Engine_MaterialFunctions02/PivotPainter2/Black_1x1_EXR_Texture.uexp" 397
"../../../Engine/Content/EngineMaterials/FlattenMaterial.uasset" 398
"../../../Engine/Content/EngineMaterials/FlattenMaterial.uexp" 399
"../../../Engine/Content/EngineMaterials/FastBlueNoise_vec2_128x128x64.uasset" 400
"../../../Engine/Content/EngineMaterials/FastBlueNoise_vec2_128x128x64.uexp" 401
"../../../Engine/Content/EngineMaterials/FastBlueNoise_scalar_128x128x8.uasset" 402
"../../../Engine/Content/EngineMaterials/FastBlueNoise_scalar_128x128x8.uexp" 403
"../../../Engine/Content/EngineMaterials/FastBlueNoise_scalar_128x128x64.uasset" 404
"../../../Engine/Content/EngineMaterials/FastBlueNoise_scalar_128x128x64.uexp" 405
"../../../Engine/Content/EngineMaterials/DefaultWhiteGrid_Low.uasset" 406
"../../../Engine/Content/EngineMaterials/DefaultWhiteGrid_Low.uexp" 407
"../../../Engine/Content/EngineMaterials/EmissiveMeshMaterial.uasset" 408
"../../../Engine/Content/EngineMaterials/EmissiveMeshMaterial.uexp" 409
"../../../Engine/Content/EngineMaterials/DefaultWhiteGrid.ubulk" 410
"../../../Engine/Content/EngineMaterials/DefaultWhiteGrid.uasset" 411
"../../../Engine/Content/EngineMaterials/DefaultWhiteGrid.uexp" 412
"../../../Engine/Content/EngineFonts/RobotoDistanceField.uasset" 413
"../../../Engine/Content/EngineFonts/RobotoDistanceField.uexp" 414
"../../../Engine/Content/EngineMaterials/DefaultTextMaterialOpaque.uasset" 415
"../../../Engine/Content/EngineMaterials/DefaultTextMaterialOpaque.uexp" 416
"../../../Engine/Content/EngineMaterials/DefaultPostProcessMaterial.uasset" 417
"../../../Engine/Content/EngineMaterials/DefaultPostProcessMaterial.uexp" 418
"../../../Engine/Content/EngineMaterials/DefaultLightFunctionMaterial.uasset" 419
"../../../Engine/Content/EngineMaterials/DefaultLightFunctionMaterial.uexp" 420
"../../../Engine/Content/EngineMaterials/DefaultDeferredDecalMaterial.uasset" 421
"../../../Engine/Content/EngineMaterials/DefaultDeferredDecalMaterial.uexp" 422
"../../../Engine/Content/EngineMaterials/DefaultBokeh.uasset" 423
"../../../Engine/Content/EngineMaterials/DefaultBokeh.uexp" 424
"../../../Engine/Content/EngineMaterials/DefaultBloomKernel.uasset" 425
"../../../Engine/Content/EngineMaterials/DefaultBloomKernel.uexp" 426
"../../../Engine/Content/Functions/Engine_MaterialFunctions02/Utility/CameraDirectionVector.uasset" 427
"../../../Engine/Content/Functions/Engine_MaterialFunctions02/Utility/CameraDirectionVector.uexp" 428
"../../../Engine/Content/EngineDebugMaterials/VolumeToRender.uasset" 429
"../../../Engine/Content/EngineDebugMaterials/VolumeToRender.uexp" 430
"../../../Engine/Content/EngineDebugMaterials/M_VolumeRenderSphereTracePP.uasset" 431
"../../../Engine/Content/EngineDebugMaterials/M_VolumeRenderSphereTracePP.uexp" 432
"../../../Engine/Content/EngineDebugMaterials/M_SimpleUnlitTranslucent.uasset" 433
"../../../Engine/Content/EngineDebugMaterials/M_SimpleUnlitTranslucent.uexp" 434
"../../../Engine/Content/EngineDebugMaterials/DebugMeshMaterial.uasset" 435
"../../../Engine/Content/EngineDebugMaterials/DebugMeshMaterial.uexp" 436
"../../../Engine/Content/EngineDebugMaterials/DebugEditorMaterial.uasset" 437
"../../../Engine/Content/EngineDebugMaterials/DebugEditorMaterial.uexp" 438
"../../../Engine/Content/EngineDamageTypes/DmgTypeBP_Environmental.uasset" 439
"../../../Engine/Content/EngineDamageTypes/DmgTypeBP_Environmental.uexp" 440
"../../../Engine/Content/EditorResources/S_Terrain.ubulk" 441
"../../../Engine/Content/EditorResources/S_Terrain.uasset" 442
"../../../Engine/Content/EditorResources/S_Terrain.uexp" 443
"../../../Engine/Content/EditorResources/S_Solver.ubulk" 444
"../../../Engine/Content/EditorResources/S_Solver.uasset" 445
"../../../Engine/Content/EditorResources/S_Solver.uexp" 446
"../../../Engine/Content/EditorResources/BSPVertex.uasset" 447
"../../../Engine/Content/EditorResources/BSPVertex.uexp" 448
"../../../Engine/Plugins/VirtualProduction/CameraCalibrationCore/Content/Materials/M_DefaultOddSquare.uasset" 449
"../../../Engine/Plugins/VirtualProduction/CameraCalibrationCore/Content/Materials/M_DefaultOddSquare.uexp" 450
"../../../Engine/Plugins/VirtualProduction/CameraCalibrationCore/Content/Materials/M_DefaultEvenSquare.uasset" 451
"../../../Engine/Plugins/VirtualProduction/CameraCalibrationCore/Content/Materials/M_DefaultEvenSquare.uexp" 452
"../../../Engine/Plugins/Runtime/HairStrands/Content/Materials/HairMeshesDefaultMaterial.uasset" 453
"../../../Engine/Plugins/Runtime/HairStrands/Content/Materials/HairMeshesDefaultMaterial.uexp" 454
"../../../Engine/Plugins/Runtime/HairStrands/Content/Materials/HairDefaultMaterial.uasset" 455
"../../../Engine/Plugins/Runtime/HairStrands/Content/Materials/HairDefaultMaterial.uexp" 456
"../../../Engine/Content/Functions/Engine_MaterialFunctions02/Utility/MakeFloat2.uasset" 457
"../../../Engine/Content/Functions/Engine_MaterialFunctions02/Utility/MakeFloat2.uexp" 458
"../../../Engine/Content/Functions/Engine_MaterialFunctions02/Utility/MakeFloat3.uasset" 459
"../../../Engine/Content/Functions/Engine_MaterialFunctions02/Utility/MakeFloat3.uexp" 460
"../../../Engine/Content/EngineMaterials/HairDebugColor.uasset" 461
"../../../Engine/Content/EngineMaterials/HairDebugColor.uexp" 462
"../../../Engine/Content/EngineMaterials/HairColorMap.uasset" 463
"../../../Engine/Content/EngineMaterials/HairColorMap.uexp" 464
"../../../Engine/Plugins/Runtime/HairStrands/Content/Materials/HairGroupColors.uasset" 465
"../../../Engine/Plugins/Runtime/HairStrands/Content/Materials/HairGroupColors.uexp" 466
"../../../Engine/Plugins/Runtime/HairStrands/Content/Materials/HairDebugMaterial.uasset" 467
"../../../Engine/Plugins/Runtime/HairStrands/Content/Materials/HairDebugMaterial.uexp" 468
"../../../Engine/Plugins/Runtime/HairStrands/Content/Materials/HairCardsDefaultMaterial.uasset" 469
"../../../Engine/Plugins/Runtime/HairStrands/Content/Materials/HairCardsDefaultMaterial.uexp" 470
"../../../Engine/Plugins/Runtime/AudioWidgets/Content/Resources/ScrubHandleDown_Clamped.uasset" 471
"../../../Engine/Plugins/Runtime/AudioWidgets/Content/Resources/ScrubHandleDown_Clamped.uexp" 472
"../../../Engine/Plugins/Interchange/Assets/Content/Functions/MX_UsdPreviewSurface.uasset" 473
"../../../Engine/Plugins/Interchange/Assets/Content/Functions/MX_UsdPreviewSurface.uexp" 474
"../../../Engine/Plugins/Interchange/Assets/Content/Functions/MX_UniformEDF.uasset" 475
"../../../Engine/Plugins/Interchange/Assets/Content/Functions/MX_UniformEDF.uexp" 476
"../../../Engine/Plugins/Interchange/Assets/Content/Functions/MX_TranslucentBSDF.uasset" 477
"../../../Engine/Plugins/Interchange/Assets/Content/Functions/MX_TranslucentBSDF.uexp" 478
"../../../Engine/Plugins/Interchange/Assets/Content/Functions/MX_ThinFilmBSDF.uasset" 479
"../../../Engine/Plugins/Interchange/Assets/Content/Functions/MX_ThinFilmBSDF.uexp" 480
"../../../Engine/Plugins/Interchange/Assets/Content/Functions/MX_SurfaceUnlit.uasset" 481
"../../../Engine/Plugins/Interchange/Assets/Content/Functions/MX_SurfaceUnlit.uexp" 482
"../../../Engine/Plugins/Interchange/Assets/Content/Functions/MX_Surface.uasset" 483
"../../../Engine/Plugins/Interchange/Assets/Content/Functions/MX_Surface.uexp" 484
"../../../Engine/Plugins/Interchange/Assets/Content/Functions/MX_SubsurfaceBSDF.uasset" 485
"../../../Engine/Plugins/Interchange/Assets/Content/Functions/MX_SubsurfaceBSDF.uexp" 486
"../../../Engine/Plugins/Interchange/Assets/Content/Functions/MX_SheenBSDF.uasset" 487
"../../../Engine/Plugins/Interchange/Assets/Content/Functions/MX_SheenBSDF.uexp" 488
"../../../Engine/Plugins/Interchange/Assets/Content/Functions/MX_OrenNayarBSDF.uasset" 489
"../../../Engine/Plugins/Interchange/Assets/Content/Functions/MX_OrenNayarBSDF.uexp" 490
"../../../Engine/Plugins/Interchange/Assets/Content/Functions/MF_IridescenceNoLUT.uasset" 491
"../../../Engine/Plugins/Interchange/Assets/Content/Functions/MF_IridescenceNoLUT.uexp" 492
"../../../Engine/Plugins/Interchange/Assets/Content/Functions/MX_StandardSurface.uasset" 493
"../../../Engine/Plugins/Interchange/Assets/Content/Functions/MX_StandardSurface.uexp" 494
"../../../Engine/Plugins/Interchange/Assets/Content/Functions/MX_TransmissionSurface.uasset" 495
"../../../Engine/Plugins/Interchange/Assets/Content/Functions/MX_TransmissionSurface.uexp" 496
"../../../Engine/Plugins/Interchange/Assets/Content/Functions/MX_OpenPBR_Translucent.uasset" 497
"../../../Engine/Plugins/Interchange/Assets/Content/Functions/MX_OpenPBR_Translucent.uexp" 498
"../../../Engine/Plugins/Interchange/Assets/Content/Functions/MX_OpenPBR_Opaque.uasset" 499
"../../../Engine/Plugins/Interchange/Assets/Content/Functions/MX_OpenPBR_Opaque.uexp" 500
"../../../Engine/Plugins/Interchange/Assets/Content/Functions/MX_MeasuredEDF.uasset" 501
"../../../Engine/Plugins/Interchange/Assets/Content/Functions/MX_MeasuredEDF.uexp" 502
"../../../Engine/Plugins/Interchange/Assets/Content/Functions/MX_GeneralizedSchlickBSDF.uasset" 503
"../../../Engine/Plugins/Interchange/Assets/Content/Functions/MX_GeneralizedSchlickBSDF.uexp" 504
"../../../Engine/Plugins/Interchange/Assets/Content/Functions/MX_Displacement.uasset" 505
"../../../Engine/Plugins/Interchange/Assets/Content/Functions/MX_Displacement.uexp" 506
"../../../Engine/Plugins/Interchange/Assets/Content/Functions/MX_DielectricBSDF.uasset" 507
"../../../Engine/Plugins/Interchange/Assets/Content/Functions/MX_DielectricBSDF.uexp" 508
"../../../Engine/Plugins/Interchange/Assets/Content/Functions/MX_ConicalEDF.uasset" 509
"../../../Engine/Plugins/Interchange/Assets/Content/Functions/MX_ConicalEDF.uexp" 510
"../../../Engine/Plugins/Interchange/Assets/Content/Functions/MX_ConductorBSDF.uasset" 511
"../../../Engine/Plugins/Interchange/Assets/Content/Functions/MX_ConductorBSDF.uexp" 512
"../../../Engine/Plugins/Interchange/Assets/Content/Functions/MX_BurleyDiffuseBSDF.uasset" 513
"../../../Engine/Plugins/Interchange/Assets/Content/Functions/MX_BurleyDiffuseBSDF.uexp" 514
"../../../Engine/Plugins/Interchange/Assets/Content/Functions/MX_AnisotropicVDF.uasset" 515
"../../../Engine/Plugins/Interchange/Assets/Content/Functions/MX_AnisotropicVDF.uexp" 516
"../../../Engine/Plugins/Interchange/Assets/Content/Functions/MX_AbsorptionVDF.uasset" 517
"../../../Engine/Plugins/Interchange/Assets/Content/Functions/MX_AbsorptionVDF.uexp" 518
"../../../Engine/Content/Functions/Engine_MaterialFunctions02/Utility/VectorLength.uasset" 519
"../../../Engine/Content/Functions/Engine_MaterialFunctions02/Utility/VectorLength.uexp" 520
"../../../Engine/Content/Functions/Engine_MaterialFunctions02/Utility/BreakOutFloat3Components.uasset" 521
"../../../Engine/Content/Functions/Engine_MaterialFunctions02/Utility/BreakOutFloat3Components.uexp" 522
"../../../Engine/Content/Functions/Engine_MaterialFunctions02/WorldPositionOffset/ObjectScale.uasset" 523
"../../../Engine/Content/Functions/Engine_MaterialFunctions02/WorldPositionOffset/ObjectScale.uexp" 524
"../../../Engine/Content/Functions/Engine_MaterialFunctions02/SafeNormalize.uasset" 525
"../../../Engine/Content/Functions/Engine_MaterialFunctions02/SafeNormalize.uexp" 526
"../../../Engine/Plugins/Editor/SpeedTreeImporter/Content/SpeedTree9/UnpackInteger3.uasset" 527
"../../../Engine/Plugins/Editor/SpeedTreeImporter/Content/SpeedTree9/UnpackInteger3.uexp" 528
"../../../Engine/Plugins/Editor/SpeedTreeImporter/Content/SpeedTree9/UnpackDirection.uasset" 529
"../../../Engine/Plugins/Editor/SpeedTreeImporter/Content/SpeedTree9/UnpackDirection.uexp" 530
"../../../Engine/Plugins/Editor/SpeedTreeImporter/Content/SpeedTree9/game_wind_noise.ubulk" 531
"../../../Engine/Plugins/Editor/SpeedTreeImporter/Content/SpeedTree9/game_wind_noise.uasset" 532
"../../../Engine/Plugins/Editor/SpeedTreeImporter/Content/SpeedTree9/game_wind_noise.uexp" 533
"../../../Engine/Plugins/Editor/SpeedTreeImporter/Content/SpeedTree9/SpeedTreeWindMotion.uasset" 534
"../../../Engine/Plugins/Editor/SpeedTreeImporter/Content/SpeedTree9/SpeedTreeWindMotion.uexp" 535
"../../../Engine/Plugins/Editor/SpeedTreeImporter/Content/SpeedTree9/SpeedTreeBranchMotion.uasset" 536
"../../../Engine/Plugins/Editor/SpeedTreeImporter/Content/SpeedTree9/SpeedTreeBranchMotion.uexp" 537
"../../../Engine/Content/Functions/Engine_MaterialFunctions02/ObjectLocalBounds.uasset" 538
"../../../Engine/Content/Functions/Engine_MaterialFunctions02/ObjectLocalBounds.uexp" 539
"../../../Engine/Content/Functions/Engine_MaterialFunctions02/UVs/BoundingBoxBased_0-1_UVW.uasset" 540
"../../../Engine/Content/Functions/Engine_MaterialFunctions02/UVs/BoundingBoxBased_0-1_UVW.uexp" 541
"../../../Engine/Plugins/Editor/SpeedTreeImporter/Content/SpeedTree9/SpeedTreeWind.uasset" 542
"../../../Engine/Plugins/Editor/SpeedTreeImporter/Content/SpeedTree9/SpeedTreeWind.uexp" 543
"../../../Engine/Plugins/Editor/SpeedTreeImporter/Content/SpeedTree9/SpeedTreeCameraFacing.uasset" 544
"../../../Engine/Plugins/Editor/SpeedTreeImporter/Content/SpeedTree9/SpeedTreeCameraFacing.uexp" 545
"../../../Engine/Plugins/Editor/SpeedTreeImporter/Content/SpeedTree9/EmptyNormal.uasset" 546
"../../../Engine/Plugins/Editor/SpeedTreeImporter/Content/SpeedTree9/EmptyNormal.uexp" 547
"../../../Engine/Plugins/Editor/SpeedTreeImporter/Content/SpeedTree9/Empty.uasset" 548
"../../../Engine/Plugins/Editor/SpeedTreeImporter/Content/SpeedTree9/Empty.uexp" 549
"../../../Engine/Plugins/Editor/SpeedTreeImporter/Content/SpeedTree9/SpeedTreeMaster.uasset" 550
"../../../Engine/Plugins/Editor/SpeedTreeImporter/Content/SpeedTree9/SpeedTreeMaster.uexp" 551
"../../../Engine/Plugins/Editor/SpeedTreeImporter/Content/SpeedTree9/SpeedTreeBillboard.uasset" 552
"../../../Engine/Plugins/Editor/SpeedTreeImporter/Content/SpeedTree9/SpeedTreeBillboard.uexp" 553
"../../../Engine/Plugins/Editor/SpeedTreeImporter/Content/SpeedTree9/SpeedTreeBillboardMaster.uasset" 554
"../../../Engine/Plugins/Editor/SpeedTreeImporter/Content/SpeedTree9/SpeedTreeBillboardMaster.uexp" 555
"../../../Engine/Content/EditorMaterials/Camera/CineMat.uasset" 556
"../../../Engine/Content/EditorMaterials/Camera/CineMat.uexp" 557
"../../../Engine/Content/EditorMaterials/Camera/MI_CineMat_Rig.uasset" 558
"../../../Engine/Content/EditorMaterials/Camera/MI_CineMat_Rig.uexp" 559
"../../../Engine/Content/EditorMeshes/Camera/SM_RailRig_Track.ubulk" 560
"../../../Engine/Content/EditorMeshes/Camera/SM_RailRig_Track.uasset" 561
"../../../Engine/Content/EditorMeshes/Camera/SM_RailRig_Track.uexp" 562
"../../../Engine/Content/EditorMeshes/Camera/SM_RailRig_Mount.ubulk" 563
"../../../Engine/Content/EditorMeshes/Camera/SM_RailRig_Mount.uasset" 564
"../../../Engine/Content/EditorMeshes/Camera/SM_RailRig_Mount.uexp" 565
"../../../Engine/Content/EditorMeshes/Camera/SM_CraneRig_Mount.ubulk" 566
"../../../Engine/Content/EditorMeshes/Camera/SM_CraneRig_Mount.uasset" 567
"../../../Engine/Content/EditorMeshes/Camera/SM_CraneRig_Mount.uexp" 568
"../../../Engine/Content/EditorMeshes/Camera/SM_CraneRig_Body.ubulk" 569
"../../../Engine/Content/EditorMeshes/Camera/SM_CraneRig_Body.uasset" 570
"../../../Engine/Content/EditorMeshes/Camera/SM_CraneRig_Body.uexp" 571
"../../../Engine/Content/EditorMeshes/Camera/SM_CraneRig_Base.ubulk" 572
"../../../Engine/Content/EditorMeshes/Camera/SM_CraneRig_Base.uasset" 573
"../../../Engine/Content/EditorMeshes/Camera/SM_CraneRig_Base.uexp" 574
"../../../Engine/Content/EditorMeshes/Camera/SM_CraneRig_Arm.ubulk" 575
"../../../Engine/Content/EditorMeshes/Camera/SM_CraneRig_Arm.uasset" 576
"../../../Engine/Content/EditorMeshes/Camera/SM_CraneRig_Arm.uexp" 577
"../../../Engine/Content/EditorMaterials/ParticleSystems/PSysThumbnail_OOD.ubulk" 578
"../../../Engine/Content/EditorMaterials/ParticleSystems/PSysThumbnail_OOD.uasset" 579
"../../../Engine/Content/EditorMaterials/ParticleSystems/PSysThumbnail_OOD.uexp" 580
"../../../Engine/Content/EditorMaterials/ParticleSystems/PSysThumbnail_NoImage.ubulk" 581
"../../../Engine/Content/EditorMaterials/ParticleSystems/PSysThumbnail_NoImage.uasset" 582
"../../../Engine/Content/EditorMaterials/ParticleSystems/PSysThumbnail_NoImage.uexp" 583
"../../../Engine/Content/EditorMaterials/Dataflow/DataflowVertexMaterial.uasset" 584
"../../../Engine/Content/EditorMaterials/Dataflow/DataflowVertexMaterial.uexp" 585
"../../../Engine/Content/EditorMaterials/Dataflow/DataflowTwoSidedVertexMaterial.uasset" 586
"../../../Engine/Content/EditorMaterials/Dataflow/DataflowTwoSidedVertexMaterial.uexp" 587
"../../../Engine/Content/EngineResources/FilmGrains/Marcie_Grain_v3_128_M2_000.uasset" 588
"../../../Engine/Content/EngineResources/FilmGrains/Marcie_Grain_v3_128_M2_000.uexp" 589
"../../../Engine/Content/EngineResources/Development/ZenLogo_64.uasset" 590
"../../../Engine/Content/EngineResources/Development/ZenLogo_64.uexp" 591
"../../../Engine/Content/EngineMaterials/LTC/Sheen_LTC.uasset" 592
"../../../Engine/Content/EngineMaterials/LTC/Sheen_LTC.uexp" 593
"../../../Engine/Content/EngineMaterials/LTC/GGX_LTCMat.uasset" 594
"../../../Engine/Content/EngineMaterials/LTC/GGX_LTCMat.uexp" 595
"../../../Engine/Content/EngineMaterials/LTC/GGX_LTCAmp.uasset" 596
"../../../Engine/Content/EngineMaterials/LTC/GGX_LTCAmp.uexp" 597
"../../../Engine/Content/EngineMaterials/EnergyConservation/Sheen_Energy.uasset" 598
"../../../Engine/Content/EngineMaterials/EnergyConservation/Sheen_Energy.uexp" 599
"../../../Engine/Content/EngineMaterials/EnergyConservation/SheenLegacy_Energy.uasset" 600
"../../../Engine/Content/EngineMaterials/EnergyConservation/SheenLegacy_Energy.uexp" 601
"../../../Engine/Content/EngineMaterials/EnergyConservation/GGX_TransmissionEnergyArray.uasset" 602
"../../../Engine/Content/EngineMaterials/EnergyConservation/GGX_TransmissionEnergyArray.uexp" 603
"../../../Engine/Content/EngineMaterials/EnergyConservation/GGX_ReflectionEnergy.uasset" 604
"../../../Engine/Content/EngineMaterials/EnergyConservation/GGX_ReflectionEnergy.uexp" 605
"../../../Engine/Content/EngineMaterials/EnergyConservation/Diffuse_Energy.uasset" 606
"../../../Engine/Content/EngineMaterials/EnergyConservation/Diffuse_Energy.uexp" 607
"../../../Engine/Content/EditorResources/SequenceRecorder/RecordingIndicator.uasset" 608
"../../../Engine/Content/EditorResources/SequenceRecorder/RecordingIndicator.uexp" 609
"../../../Engine/Content/EditorResources/SequenceRecorder/Countdown.uasset" 610
"../../../Engine/Content/EditorResources/SequenceRecorder/Countdown.uexp" 611
"../../../Engine/Content/VREditor/TransformGizmo/Xray.uasset" 612
"../../../Engine/Content/VREditor/TransformGizmo/Xray.uexp" 613
"../../../Engine/Content/VREditor/TransformGizmo/Main.uasset" 614
"../../../Engine/Content/VREditor/TransformGizmo/Main.uexp" 615
"../../../Engine/Content/VREditor/TransformGizmo/SM_Sequencer_Node.ubulk" 616
"../../../Engine/Content/VREditor/TransformGizmo/SM_Sequencer_Node.uasset" 617
"../../../Engine/Content/VREditor/TransformGizmo/SM_Sequencer_Node.uexp" 618
"../../../Engine/Content/VREditor/TransformGizmo/TranslucentTransformGizmoMaterial.uasset" 619
"../../../Engine/Content/VREditor/TransformGizmo/TranslucentTransformGizmoMaterial.uexp" 620
"../../../Engine/Content/VREditor/LaserPointer/VR_LaserPower_01.ubulk" 621
"../../../Engine/Content/VREditor/LaserPointer/VR_LaserPower_01.uasset" 622
"../../../Engine/Content/VREditor/LaserPointer/VR_LaserPower_01.uexp" 623
"../../../Engine/Content/VREditor/TransformGizmo/TransformGizmoMaterial.uasset" 624
"../../../Engine/Content/VREditor/TransformGizmo/TransformGizmoMaterial.uexp" 625
"../../../Engine/Content/VREditor/TransformGizmo/BoundingBoxEdge.ubulk" 626
"../../../Engine/Content/VREditor/TransformGizmo/BoundingBoxEdge.uasset" 627
"../../../Engine/Content/VREditor/TransformGizmo/BoundingBoxEdge.uexp" 628
"../../../Engine/Content/VREditor/TransformGizmo/BoundingBoxCorner.ubulk" 629
"../../../Engine/Content/VREditor/TransformGizmo/BoundingBoxCorner.uasset" 630
"../../../Engine/Content/VREditor/TransformGizmo/BoundingBoxCorner.uexp" 631
"../../../Engine/Content/BasicShapes/Plane.ubulk" 632
"../../../Engine/Content/BasicShapes/Plane.uasset" 633
"../../../Engine/Content/BasicShapes/Plane.uexp" 634
"C:/Users/jessw/Documents/GitHub/CasualProductionDreamTeam/DreamRunner/Content/ThirdPerson/Blueprints/Materials/Road_Mat.uasset" 635
"C:/Users/jessw/Documents/GitHub/CasualProductionDreamTeam/DreamRunner/Content/ThirdPerson/Blueprints/Materials/Road_Mat.uexp" 636
"C:/Users/jessw/Documents/GitHub/CasualProductionDreamTeam/DreamRunner/Content/ThirdPerson/Blueprints/Materials/Line_Mat.uasset" 637
"C:/Users/jessw/Documents/GitHub/CasualProductionDreamTeam/DreamRunner/Content/ThirdPerson/Blueprints/Materials/Line_Mat.uexp" 638
"C:/Users/jessw/Documents/GitHub/CasualProductionDreamTeam/DreamRunner/Content/UI/Rouica1.uexp" 639
"C:/Users/jessw/Documents/GitHub/CasualProductionDreamTeam/DreamRunner/Content/UI/Rouica1.uasset" 640
"C:/Users/jessw/Documents/GitHub/CasualProductionDreamTeam/DreamRunner/Content/UI/Rouica1.ufont" 641
"C:/Users/jessw/Documents/GitHub/CasualProductionDreamTeam/DreamRunner/Content/UI/Rouica_Font1.uasset" 642
"C:/Users/jessw/Documents/GitHub/CasualProductionDreamTeam/DreamRunner/Content/UI/Rouica_Font1.uexp" 643
"C:/Users/jessw/Documents/GitHub/CasualProductionDreamTeam/DreamRunner/Content/UI/Dreaming_Princess1.uexp" 644
"C:/Users/jessw/Documents/GitHub/CasualProductionDreamTeam/DreamRunner/Content/UI/Dreaming_Princess1.uasset" 645
"C:/Users/jessw/Documents/GitHub/CasualProductionDreamTeam/DreamRunner/Content/UI/Dreaming_Princess1.ufont" 646
"C:/Users/jessw/Documents/GitHub/CasualProductionDreamTeam/DreamRunner/Content/UI/Dreaming_Princess_Font1.uasset" 647
"C:/Users/jessw/Documents/GitHub/CasualProductionDreamTeam/DreamRunner/Content/UI/Dreaming_Princess_Font1.uexp" 648
"C:/Users/jessw/Documents/GitHub/CasualProductionDreamTeam/DreamRunner/Content/UI/Back_Icon.uasset" 649
"C:/Users/jessw/Documents/GitHub/CasualProductionDreamTeam/DreamRunner/Content/UI/Back_Icon.uexp" 650
"C:/Users/jessw/Documents/GitHub/CasualProductionDreamTeam/DreamRunner/Content/UI/Audio_Icon.uasset" 651
"C:/Users/jessw/Documents/GitHub/CasualProductionDreamTeam/DreamRunner/Content/UI/Audio_Icon.uexp" 652
"C:/Users/jessw/Documents/GitHub/CasualProductionDreamTeam/DreamRunner/Content/UI/pause-video-icon-free-vector-removebg-preview.uasset" 653
"C:/Users/jessw/Documents/GitHub/CasualProductionDreamTeam/DreamRunner/Content/UI/pause-video-icon-free-vector-removebg-preview.uexp" 654
"C:/Users/jessw/Documents/GitHub/CasualProductionDreamTeam/DreamRunner/Content/UI/HUD.uasset" 655
"C:/Users/jessw/Documents/GitHub/CasualProductionDreamTeam/DreamRunner/Content/UI/HUD.uexp" 656
"C:/Users/jessw/Documents/GitHub/CasualProductionDreamTeam/DreamRunner/Content/UI/Pause_Menu.uasset" 657
"C:/Users/jessw/Documents/GitHub/CasualProductionDreamTeam/DreamRunner/Content/UI/Pause_Menu.uexp" 658
"C:/Users/jessw/Documents/GitHub/CasualProductionDreamTeam/DreamRunner/Content/UI/M_TextWave_Mk2.uasset" 659
"C:/Users/jessw/Documents/GitHub/CasualProductionDreamTeam/DreamRunner/Content/UI/M_TextWave_Mk2.uexp" 660
"C:/Users/jessw/Documents/GitHub/CasualProductionDreamTeam/DreamRunner/Content/UI/MI_TextWave_Mk2_GO.uasset" 661
"C:/Users/jessw/Documents/GitHub/CasualProductionDreamTeam/DreamRunner/Content/UI/MI_TextWave_Mk2_GO.uexp" 662
"C:/Users/jessw/Documents/GitHub/CasualProductionDreamTeam/DreamRunner/Content/UI/GameOver_Menu.uasset" 663
"C:/Users/jessw/Documents/GitHub/CasualProductionDreamTeam/DreamRunner/Content/UI/GameOver_Menu.uexp" 664
"../../../Engine/Plugins/FX/Niagara/Content/DefaultAssets/DefaultSpriteMaterial.uasset" 665
"../../../Engine/Plugins/FX/Niagara/Content/DefaultAssets/DefaultSpriteMaterial.uexp" 666
"../../../Engine/Plugins/FX/Niagara/Content/VectorFields/Assets/TilingCurl32.uasset" 667
"../../../Engine/Plugins/FX/Niagara/Content/VectorFields/Assets/TilingCurl32.uexp" 668
"../../../Engine/Content/Functions/Engine_MaterialFunctions02/ExampleContent/Textures/OffsetNoiseDistanceFields_ForNormals.ubulk" 669
"../../../Engine/Content/Functions/Engine_MaterialFunctions02/ExampleContent/Textures/OffsetNoiseDistanceFields_ForNormals.uasset" 670
"../../../Engine/Content/Functions/Engine_MaterialFunctions02/ExampleContent/Textures/OffsetNoiseDistanceFields_ForNormals.uexp" 671
"C:/Users/jessw/Documents/GitHub/CasualProductionDreamTeam/DreamRunner/Content/Tentacles/M_Tentacles.uasset" 672
"C:/Users/jessw/Documents/GitHub/CasualProductionDreamTeam/DreamRunner/Content/Tentacles/M_Tentacles.uexp" 673
"C:/Users/jessw/Documents/GitHub/CasualProductionDreamTeam/DreamRunner/Content/Tentacles/NS_Tentacles1.uasset" 674
"C:/Users/jessw/Documents/GitHub/CasualProductionDreamTeam/DreamRunner/Content/Tentacles/NS_Tentacles1.uexp" 675
"C:/Users/jessw/Documents/GitHub/CasualProductionDreamTeam/DreamRunner/Content/Input/Touch/BPI_TouchInterface.uasset" 676
"C:/Users/jessw/Documents/GitHub/CasualProductionDreamTeam/DreamRunner/Content/Input/Touch/BPI_TouchInterface.uexp" 677
"C:/Users/jessw/Documents/GitHub/CasualProductionDreamTeam/DreamRunner/Content/Characters/Mannequins/Rigs/PA_Mannequin.uasset" 678
"C:/Users/jessw/Documents/GitHub/CasualProductionDreamTeam/DreamRunner/Content/Characters/Mannequins/Rigs/PA_Mannequin.uexp" 679
"C:/Users/jessw/Documents/GitHub/CasualProductionDreamTeam/DreamRunner/Content/Characters/Mannequins/Meshes/SK_Mannequin.uasset" 680
"C:/Users/jessw/Documents/GitHub/CasualProductionDreamTeam/DreamRunner/Content/Characters/Mannequins/Meshes/SK_Mannequin.uexp" 681
"C:/Users/jessw/Documents/GitHub/CasualProductionDreamTeam/DreamRunner/Content/Characters/Mannequins/Textures/Quinn/T_Quinn_02_N.ubulk" 682
"C:/Users/jessw/Documents/GitHub/CasualProductionDreamTeam/DreamRunner/Content/Characters/Mannequins/Textures/Quinn/T_Quinn_02_N.uasset" 683
"C:/Users/jessw/Documents/GitHub/CasualProductionDreamTeam/DreamRunner/Content/Characters/Mannequins/Textures/Quinn/T_Quinn_02_N.uexp" 684
"C:/Users/jessw/Documents/GitHub/CasualProductionDreamTeam/DreamRunner/Content/Characters/Mannequins/Textures/Quinn/T_Quinn_02_MRA.ubulk" 685
"C:/Users/jessw/Documents/GitHub/CasualProductionDreamTeam/DreamRunner/Content/Characters/Mannequins/Textures/Quinn/T_Quinn_02_MRA.uasset" 686
"C:/Users/jessw/Documents/GitHub/CasualProductionDreamTeam/DreamRunner/Content/Characters/Mannequins/Textures/Quinn/T_Quinn_02_MRA.uexp" 687
"C:/Users/jessw/Documents/GitHub/CasualProductionDreamTeam/DreamRunner/Content/Characters/Mannequins/Textures/Quinn/T_Quinn_02_D.ubulk" 688
"C:/Users/jessw/Documents/GitHub/CasualProductionDreamTeam/DreamRunner/Content/Characters/Mannequins/Textures/Quinn/T_Quinn_02_D.uasset" 689
"C:/Users/jessw/Documents/GitHub/CasualProductionDreamTeam/DreamRunner/Content/Characters/Mannequins/Textures/Quinn/T_Quinn_02_D.uexp" 690
"C:/Users/jessw/Documents/GitHub/CasualProductionDreamTeam/DreamRunner/Content/Characters/Mannequins/Textures/Quinn/T_Quinn_01_N.ubulk" 691
"C:/Users/jessw/Documents/GitHub/CasualProductionDreamTeam/DreamRunner/Content/Characters/Mannequins/Textures/Quinn/T_Quinn_01_N.uasset" 692
"C:/Users/jessw/Documents/GitHub/CasualProductionDreamTeam/DreamRunner/Content/Characters/Mannequins/Textures/Quinn/T_Quinn_01_N.uexp" 693
"C:/Users/jessw/Documents/GitHub/CasualProductionDreamTeam/DreamRunner/Content/Characters/Mannequins/Textures/Quinn/T_Quinn_01_MRA.ubulk" 694
"C:/Users/jessw/Documents/GitHub/CasualProductionDreamTeam/DreamRunner/Content/Characters/Mannequins/Textures/Quinn/T_Quinn_01_MRA.uasset" 695
"C:/Users/jessw/Documents/GitHub/CasualProductionDreamTeam/DreamRunner/Content/Characters/Mannequins/Textures/Quinn/T_Quinn_01_MRA.uexp" 696
"C:/Users/jessw/Documents/GitHub/CasualProductionDreamTeam/DreamRunner/Content/Characters/Mannequins/Textures/Quinn/T_Quinn_01_D.ubulk" 697
"C:/Users/jessw/Documents/GitHub/CasualProductionDreamTeam/DreamRunner/Content/Characters/Mannequins/Textures/Quinn/T_Quinn_01_D.uasset" 698
"C:/Users/jessw/Documents/GitHub/CasualProductionDreamTeam/DreamRunner/Content/Characters/Mannequins/Textures/Quinn/T_Quinn_01_D.uexp" 699
"C:/Users/jessw/Documents/GitHub/CasualProductionDreamTeam/DreamRunner/Content/Characters/Mannequins/Textures/Shared/T_UE_Logo_M.uasset" 700
"C:/Users/jessw/Documents/GitHub/CasualProductionDreamTeam/DreamRunner/Content/Characters/Mannequins/Textures/Shared/T_UE_Logo_M.uexp" 701
"C:/Users/jessw/Documents/GitHub/CasualProductionDreamTeam/DreamRunner/Content/Characters/Mannequins/Textures/Manny/T_Manny_01_MRA.ubulk" 702
"C:/Users/jessw/Documents/GitHub/CasualProductionDreamTeam/DreamRunner/Content/Characters/Mannequins/Textures/Manny/T_Manny_01_MRA.uasset" 703
"C:/Users/jessw/Documents/GitHub/CasualProductionDreamTeam/DreamRunner/Content/Characters/Mannequins/Textures/Manny/T_Manny_01_MRA.uexp" 704
"C:/Users/jessw/Documents/GitHub/CasualProductionDreamTeam/DreamRunner/Content/Characters/Mannequins/Textures/Manny/T_Manny_01_D.ubulk" 705
"C:/Users/jessw/Documents/GitHub/CasualProductionDreamTeam/DreamRunner/Content/Characters/Mannequins/Textures/Manny/T_Manny_01_D.uasset" 706
"C:/Users/jessw/Documents/GitHub/CasualProductionDreamTeam/DreamRunner/Content/Characters/Mannequins/Textures/Manny/T_Manny_01_D.uexp" 707
"C:/Users/jessw/Documents/GitHub/CasualProductionDreamTeam/DreamRunner/Content/Characters/Mannequins/Textures/Manny/T_Manny_01_BN.ubulk" 708
"C:/Users/jessw/Documents/GitHub/CasualProductionDreamTeam/DreamRunner/Content/Characters/Mannequins/Textures/Manny/T_Manny_01_BN.uasset" 709
"C:/Users/jessw/Documents/GitHub/CasualProductionDreamTeam/DreamRunner/Content/Characters/Mannequins/Textures/Manny/T_Manny_01_BN.uexp" 710
"C:/Users/jessw/Documents/GitHub/CasualProductionDreamTeam/DreamRunner/Content/Characters/Mannequins/Materials/M_Mannequin.uasset" 711
"C:/Users/jessw/Documents/GitHub/CasualProductionDreamTeam/DreamRunner/Content/Characters/Mannequins/Materials/M_Mannequin.uexp" 712
"C:/Users/jessw/Documents/GitHub/CasualProductionDreamTeam/DreamRunner/Content/Characters/Mannequins/Materials/Quinn/MI_Quinn_01.uasset" 713
"C:/Users/jessw/Documents/GitHub/CasualProductionDreamTeam/DreamRunner/Content/Characters/Mannequins/Materials/Quinn/MI_Quinn_01.uexp" 714
"C:/Users/jessw/Documents/GitHub/CasualProductionDreamTeam/DreamRunner/Content/Characters/Mannequins/Materials/Quinn/MI_Quinn_02.uasset" 715
"C:/Users/jessw/Documents/GitHub/CasualProductionDreamTeam/DreamRunner/Content/Characters/Mannequins/Materials/Quinn/MI_Quinn_02.uexp" 716
"C:/Users/jessw/Documents/GitHub/CasualProductionDreamTeam/DreamRunner/Content/Characters/Mannequins/Meshes/SKM_Quinn_Simple.uasset" 717
"C:/Users/jessw/Documents/GitHub/CasualProductionDreamTeam/DreamRunner/Content/Characters/Mannequins/Meshes/SKM_Quinn_Simple.uexp" 718
"../../../Engine/Plugins/Animation/ControlRig/Content/Controls/DefaultGizmoLibraryNormalized.uasset" 719
"../../../Engine/Plugins/Animation/ControlRig/Content/Controls/DefaultGizmoLibraryNormalized.uexp" 720
"C:/Users/jessw/Documents/GitHub/CasualProductionDreamTeam/DreamRunner/Content/Characters/Mannequins/Rigs/CR_Mannequin_FootIK.uasset" 721
"C:/Users/jessw/Documents/GitHub/CasualProductionDreamTeam/DreamRunner/Content/Characters/Mannequins/Rigs/CR_Mannequin_FootIK.uexp" 722
"../../../Engine/Content/Animation/DefaultVariableFrameStrippingSettings.uasset" 723
"../../../Engine/Content/Animation/DefaultVariableFrameStrippingSettings.uexp" 724
"../../../Engine/Content/Animation/DefaultAnimCurveCompressionSettings.uasset" 725
"../../../Engine/Content/Animation/DefaultAnimCurveCompressionSettings.uexp" 726
"../../../Engine/Content/Animation/DefaultAnimBoneCompressionSettings.uasset" 727
"../../../Engine/Content/Animation/DefaultAnimBoneCompressionSettings.uexp" 728
"C:/Users/jessw/Documents/GitHub/CasualProductionDreamTeam/DreamRunner/Content/Characters/Mannequins/Anims/Unarmed/MM_Idle.uasset" 729
"C:/Users/jessw/Documents/GitHub/CasualProductionDreamTeam/DreamRunner/Content/Characters/Mannequins/Anims/Unarmed/MM_Idle.uexp" 730
"../../../Engine/Plugins/Animation/ACLPlugin/Content/ACLAnimCurveCompressionSettings.uasset" 731
"../../../Engine/Plugins/Animation/ACLPlugin/Content/ACLAnimCurveCompressionSettings.uexp" 732
"C:/Users/jessw/Documents/GitHub/CasualProductionDreamTeam/DreamRunner/Content/Characters/Mannequins/Anims/Unarmed/Walk/MF_Unarmed_Walk_Right.uasset" 733
"C:/Users/jessw/Documents/GitHub/CasualProductionDreamTeam/DreamRunner/Content/Characters/Mannequins/Anims/Unarmed/Walk/MF_Unarmed_Walk_Right.uexp" 734
"C:/Users/jessw/Documents/GitHub/CasualProductionDreamTeam/DreamRunner/Content/Characters/Mannequins/Anims/Unarmed/Walk/MF_Unarmed_Walk_Left.uasset" 735
"C:/Users/jessw/Documents/GitHub/CasualProductionDreamTeam/DreamRunner/Content/Characters/Mannequins/Anims/Unarmed/Walk/MF_Unarmed_Walk_Left.uexp" 736
"../../../Engine/Content/Animation/DefaultRecorderBoneCompression.uasset" 737
"../../../Engine/Content/Animation/DefaultRecorderBoneCompression.uexp" 738
"C:/Users/jessw/Documents/GitHub/CasualProductionDreamTeam/DreamRunner/Content/Characters/Mannequins/Anims/Unarmed/Walk/MF_Unarmed_Walk_Fwd_Right.uasset" 739
"C:/Users/jessw/Documents/GitHub/CasualProductionDreamTeam/DreamRunner/Content/Characters/Mannequins/Anims/Unarmed/Walk/MF_Unarmed_Walk_Fwd_Right.uexp" 740
"C:/Users/jessw/Documents/GitHub/CasualProductionDreamTeam/DreamRunner/Content/Characters/Mannequins/Anims/Unarmed/Walk/MF_Unarmed_Walk_Fwd_Left.uasset" 741
"C:/Users/jessw/Documents/GitHub/CasualProductionDreamTeam/DreamRunner/Content/Characters/Mannequins/Anims/Unarmed/Walk/MF_Unarmed_Walk_Fwd_Left.uexp" 742
"C:/Users/jessw/Documents/GitHub/CasualProductionDreamTeam/DreamRunner/Content/Characters/Mannequins/Anims/Unarmed/Walk/MF_Unarmed_Walk_Fwd.uasset" 743
"C:/Users/jessw/Documents/GitHub/CasualProductionDreamTeam/DreamRunner/Content/Characters/Mannequins/Anims/Unarmed/Walk/MF_Unarmed_Walk_Fwd.uexp" 744
"C:/Users/jessw/Documents/GitHub/CasualProductionDreamTeam/DreamRunner/Content/Characters/Mannequins/Anims/Unarmed/Walk/MF_Unarmed_Walk_Bwd_Right.uasset" 745
"C:/Users/jessw/Documents/GitHub/CasualProductionDreamTeam/DreamRunner/Content/Characters/Mannequins/Anims/Unarmed/Walk/MF_Unarmed_Walk_Bwd_Right.uexp" 746
"C:/Users/jessw/Documents/GitHub/CasualProductionDreamTeam/DreamRunner/Content/Characters/Mannequins/Anims/Unarmed/Walk/MF_Unarmed_Walk_Bwd_Left.uasset" 747
"C:/Users/jessw/Documents/GitHub/CasualProductionDreamTeam/DreamRunner/Content/Characters/Mannequins/Anims/Unarmed/Walk/MF_Unarmed_Walk_Bwd_Left.uexp" 748
"C:/Users/jessw/Documents/GitHub/CasualProductionDreamTeam/DreamRunner/Content/Characters/Mannequins/Anims/Unarmed/Walk/MF_Unarmed_Walk_Bwd.uasset" 749
"C:/Users/jessw/Documents/GitHub/CasualProductionDreamTeam/DreamRunner/Content/Characters/Mannequins/Anims/Unarmed/Walk/MF_Unarmed_Walk_Bwd.uexp" 750
"C:/Users/jessw/Documents/GitHub/CasualProductionDreamTeam/DreamRunner/Content/Characters/Mannequins/Anims/Unarmed/Jog/MF_Unarmed_Jog_Right.uasset" 751
"C:/Users/jessw/Documents/GitHub/CasualProductionDreamTeam/DreamRunner/Content/Characters/Mannequins/Anims/Unarmed/Jog/MF_Unarmed_Jog_Right.uexp" 752
"C:/Users/jessw/Documents/GitHub/CasualProductionDreamTeam/DreamRunner/Content/Characters/Mannequins/Anims/Unarmed/Jog/MF_Unarmed_Jog_Left.uasset" 753
"C:/Users/jessw/Documents/GitHub/CasualProductionDreamTeam/DreamRunner/Content/Characters/Mannequins/Anims/Unarmed/Jog/MF_Unarmed_Jog_Left.uexp" 754
"C:/Users/jessw/Documents/GitHub/CasualProductionDreamTeam/DreamRunner/Content/Characters/Mannequins/Anims/Unarmed/Jog/MF_Unarmed_Jog_Fwd_Right.uasset" 755
"C:/Users/jessw/Documents/GitHub/CasualProductionDreamTeam/DreamRunner/Content/Characters/Mannequins/Anims/Unarmed/Jog/MF_Unarmed_Jog_Fwd_Right.uexp" 756
"C:/Users/jessw/Documents/GitHub/CasualProductionDreamTeam/DreamRunner/Content/Characters/Mannequins/Anims/Unarmed/Jog/MF_Unarmed_Jog_Fwd_Left.uasset" 757
"C:/Users/jessw/Documents/GitHub/CasualProductionDreamTeam/DreamRunner/Content/Characters/Mannequins/Anims/Unarmed/Jog/MF_Unarmed_Jog_Fwd_Left.uexp" 758
"C:/Users/jessw/Documents/GitHub/CasualProductionDreamTeam/DreamRunner/Content/Characters/Mannequins/Anims/Unarmed/Jog/MF_Unarmed_Jog_Bwd.uasset" 759
"C:/Users/jessw/Documents/GitHub/CasualProductionDreamTeam/DreamRunner/Content/Characters/Mannequins/Anims/Unarmed/Jog/MF_Unarmed_Jog_Bwd.uexp" 760
"C:/Users/jessw/Documents/GitHub/CasualProductionDreamTeam/DreamRunner/Content/Characters/Mannequins/Anims/Unarmed/Jog/MF_Unarmed_Jog_Bwd_Left.uasset" 761
"C:/Users/jessw/Documents/GitHub/CasualProductionDreamTeam/DreamRunner/Content/Characters/Mannequins/Anims/Unarmed/Jog/MF_Unarmed_Jog_Bwd_Left.uexp" 762
"C:/Users/jessw/Documents/GitHub/CasualProductionDreamTeam/DreamRunner/Content/Characters/Mannequins/Anims/Unarmed/Jog/MF_Unarmed_Jog_Bwd_Right.uasset" 763
"C:/Users/jessw/Documents/GitHub/CasualProductionDreamTeam/DreamRunner/Content/Characters/Mannequins/Anims/Unarmed/Jog/MF_Unarmed_Jog_Bwd_Right.uexp" 764
"C:/Users/jessw/Documents/GitHub/CasualProductionDreamTeam/DreamRunner/Content/Characters/Mannequins/Anims/Unarmed/Jog/MF_Unarmed_Jog_Fwd.uasset" 765
"C:/Users/jessw/Documents/GitHub/CasualProductionDreamTeam/DreamRunner/Content/Characters/Mannequins/Anims/Unarmed/Jog/MF_Unarmed_Jog_Fwd.uexp" 766
"C:/Users/jessw/Documents/GitHub/CasualProductionDreamTeam/DreamRunner/Content/Characters/Mannequins/Anims/Unarmed/BS_Idle_Walk_Run.uasset" 767
"C:/Users/jessw/Documents/GitHub/CasualProductionDreamTeam/DreamRunner/Content/Characters/Mannequins/Anims/Unarmed/BS_Idle_Walk_Run.uexp" 768
"C:/Users/jessw/Documents/GitHub/CasualProductionDreamTeam/DreamRunner/Content/Characters/Mannequins/Anims/Unarmed/Jump/MM_Land.uasset" 769
"C:/Users/jessw/Documents/GitHub/CasualProductionDreamTeam/DreamRunner/Content/Characters/Mannequins/Anims/Unarmed/Jump/MM_Land.uexp" 770
"C:/Users/jessw/Documents/GitHub/CasualProductionDreamTeam/DreamRunner/Content/Characters/Mannequins/Anims/Unarmed/Jump/MM_Jump.uasset" 771
"C:/Users/jessw/Documents/GitHub/CasualProductionDreamTeam/DreamRunner/Content/Characters/Mannequins/Anims/Unarmed/Jump/MM_Jump.uexp" 772
"C:/Users/jessw/Documents/GitHub/CasualProductionDreamTeam/DreamRunner/Content/Characters/Mannequins/Anims/Unarmed/Jump/MM_Fall_Loop.uasset" 773
"C:/Users/jessw/Documents/GitHub/CasualProductionDreamTeam/DreamRunner/Content/Characters/Mannequins/Anims/Unarmed/Jump/MM_Fall_Loop.uexp" 774
"C:/Users/jessw/Documents/GitHub/CasualProductionDreamTeam/DreamRunner/Content/Characters/Mannequins/Anims/Unarmed/ABP_Unarmed.uasset" 775
"C:/Users/jessw/Documents/GitHub/CasualProductionDreamTeam/DreamRunner/Content/Characters/Mannequins/Anims/Unarmed/ABP_Unarmed.uexp" 776
"C:/Users/jessw/Documents/GitHub/CasualProductionDreamTeam/DreamRunner/Content/DrapEffet/Texture/T_beam.ubulk" 777
"C:/Users/jessw/Documents/GitHub/CasualProductionDreamTeam/DreamRunner/Content/DrapEffet/Texture/T_beam.uasset" 778
"C:/Users/jessw/Documents/GitHub/CasualProductionDreamTeam/DreamRunner/Content/DrapEffet/Texture/T_beam.uexp" 779
"C:/Users/jessw/Documents/GitHub/CasualProductionDreamTeam/DreamRunner/Content/DrapEffet/Meterials/M_glow.uasset" 780
"C:/Users/jessw/Documents/GitHub/CasualProductionDreamTeam/DreamRunner/Content/DrapEffet/Meterials/M_glow.uexp" 781
"C:/Users/jessw/Documents/GitHub/CasualProductionDreamTeam/DreamRunner/Content/DrapEffet/Meterials/M_down.uasset" 782
"C:/Users/jessw/Documents/GitHub/CasualProductionDreamTeam/DreamRunner/Content/DrapEffet/Meterials/M_down.uexp" 783
"C:/Users/jessw/Documents/GitHub/CasualProductionDreamTeam/DreamRunner/Content/DrapEffet/Texture/T_Bell.ubulk" 784
"C:/Users/jessw/Documents/GitHub/CasualProductionDreamTeam/DreamRunner/Content/DrapEffet/Texture/T_Bell.uasset" 785
"C:/Users/jessw/Documents/GitHub/CasualProductionDreamTeam/DreamRunner/Content/DrapEffet/Texture/T_Bell.uexp" 786
"C:/Users/jessw/Documents/GitHub/CasualProductionDreamTeam/DreamRunner/Content/DrapEffet/Curve/Curve_particale_color.uasset" 787
"C:/Users/jessw/Documents/GitHub/CasualProductionDreamTeam/DreamRunner/Content/DrapEffet/Curve/Curve_particale_color.uexp" 788
"C:/Users/jessw/Documents/GitHub/CasualProductionDreamTeam/DreamRunner/Content/DrapEffet/Curve/Curve_Atlas.uasset" 789
"C:/Users/jessw/Documents/GitHub/CasualProductionDreamTeam/DreamRunner/Content/DrapEffet/Curve/Curve_Atlas.uexp" 790
"C:/Users/jessw/Documents/GitHub/CasualProductionDreamTeam/DreamRunner/Content/DrapEffet/Meterials/M_cell.uasset" 791
"C:/Users/jessw/Documents/GitHub/CasualProductionDreamTeam/DreamRunner/Content/DrapEffet/Meterials/M_cell.uexp" 792
"C:/Users/jessw/Documents/GitHub/CasualProductionDreamTeam/DreamRunner/Content/DrapEffet/Texture/T_normal.ubulk" 793
"C:/Users/jessw/Documents/GitHub/CasualProductionDreamTeam/DreamRunner/Content/DrapEffet/Texture/T_normal.uasset" 794
"C:/Users/jessw/Documents/GitHub/CasualProductionDreamTeam/DreamRunner/Content/DrapEffet/Texture/T_normal.uexp" 795
"C:/Users/jessw/Documents/GitHub/CasualProductionDreamTeam/DreamRunner/Content/DrapEffet/Meterials/M_beam.uasset" 796
"C:/Users/jessw/Documents/GitHub/CasualProductionDreamTeam/DreamRunner/Content/DrapEffet/Meterials/M_beam.uexp" 797
"C:/Users/jessw/Documents/GitHub/CasualProductionDreamTeam/DreamRunner/Content/DrapEffet/Texture/T_star.ubulk" 798
"C:/Users/jessw/Documents/GitHub/CasualProductionDreamTeam/DreamRunner/Content/DrapEffet/Texture/T_star.uasset" 799
"C:/Users/jessw/Documents/GitHub/CasualProductionDreamTeam/DreamRunner/Content/DrapEffet/Texture/T_star.uexp" 800
"C:/Users/jessw/Documents/GitHub/CasualProductionDreamTeam/DreamRunner/Content/DrapEffet/Meterials/M_star.uasset" 801
"C:/Users/jessw/Documents/GitHub/CasualProductionDreamTeam/DreamRunner/Content/DrapEffet/Meterials/M_star.uexp" 802
"C:/Users/jessw/Documents/GitHub/CasualProductionDreamTeam/DreamRunner/Content/DrapEffet/Meterials/M_big_star.uasset" 803
"C:/Users/jessw/Documents/GitHub/CasualProductionDreamTeam/DreamRunner/Content/DrapEffet/Meterials/M_big_star.uexp" 804
"C:/Users/jessw/Documents/GitHub/CasualProductionDreamTeam/DreamRunner/Content/DrapEffet/VFX/NE_drop_effects03.uasset" 805
"C:/Users/jessw/Documents/GitHub/CasualProductionDreamTeam/DreamRunner/Content/DrapEffet/VFX/NE_drop_effects03.uexp" 806
"C:/Users/jessw/Documents/GitHub/CasualProductionDreamTeam/DreamRunner/Content/ThirdPerson/Blueprints/BP_ThirdPersonCharacter.uasset" 807
"C:/Users/jessw/Documents/GitHub/CasualProductionDreamTeam/DreamRunner/Content/ThirdPerson/Blueprints/BP_ThirdPersonCharacter.uexp" 808
"C:/Users/jessw/Documents/GitHub/CasualProductionDreamTeam/DreamRunner/Content/ThirdPerson/Blueprints/BP_Basetile.uasset" 809
"C:/Users/jessw/Documents/GitHub/CasualProductionDreamTeam/DreamRunner/Content/ThirdPerson/Blueprints/BP_Basetile.uexp" 810
"C:/Users/jessw/Documents/GitHub/CasualProductionDreamTeam/DreamRunner/Content/Input/Actions/IA_MouseLook.uasset" 811
"C:/Users/jessw/Documents/GitHub/CasualProductionDreamTeam/DreamRunner/Content/Input/Actions/IA_MouseLook.uexp" 812
"C:/Users/jessw/Documents/GitHub/CasualProductionDreamTeam/DreamRunner/Content/Input/IMC_MouseLook.uasset" 813
"C:/Users/jessw/Documents/GitHub/CasualProductionDreamTeam/DreamRunner/Content/Input/IMC_MouseLook.uexp" 814
"C:/Users/jessw/Documents/GitHub/CasualProductionDreamTeam/DreamRunner/Content/Input/Actions/IA_Jump.uasset" 815
"C:/Users/jessw/Documents/GitHub/CasualProductionDreamTeam/DreamRunner/Content/Input/Actions/IA_Jump.uexp" 816
"C:/Users/jessw/Documents/GitHub/CasualProductionDreamTeam/DreamRunner/Content/Input/Actions/IA_Look.uasset" 817
"C:/Users/jessw/Documents/GitHub/CasualProductionDreamTeam/DreamRunner/Content/Input/Actions/IA_Look.uexp" 818
"C:/Users/jessw/Documents/GitHub/CasualProductionDreamTeam/DreamRunner/Content/Input/Actions/IA_Move.uasset" 819
"C:/Users/jessw/Documents/GitHub/CasualProductionDreamTeam/DreamRunner/Content/Input/Actions/IA_Move.uexp" 820
"C:/Users/jessw/Documents/GitHub/CasualProductionDreamTeam/DreamRunner/Content/Input/IMC_Default.uasset" 821
"C:/Users/jessw/Documents/GitHub/CasualProductionDreamTeam/DreamRunner/Content/Input/IMC_Default.uexp" 822
"../../../Engine/Content/MobileResources/HUD/VirtualJoystick_Thumb.uasset" 823
"../../../Engine/Content/MobileResources/HUD/VirtualJoystick_Thumb.uexp" 824
"../../../Engine/Content/MobileResources/HUD/VirtualJoystick_Background.uasset" 825
"../../../Engine/Content/MobileResources/HUD/VirtualJoystick_Background.uexp" 826
"C:/Users/jessw/Documents/GitHub/CasualProductionDreamTeam/DreamRunner/Content/Input/Touch/UI_Thumbstick.uasset" 827
"C:/Users/jessw/Documents/GitHub/CasualProductionDreamTeam/DreamRunner/Content/Input/Touch/UI_Thumbstick.uexp" 828
"C:/Users/jessw/Documents/GitHub/CasualProductionDreamTeam/DreamRunner/Content/Input/Touch/UI_TouchSimple.uasset" 829
"C:/Users/jessw/Documents/GitHub/CasualProductionDreamTeam/DreamRunner/Content/Input/Touch/UI_TouchSimple.uexp" 830
"C:/Users/jessw/Documents/GitHub/CasualProductionDreamTeam/DreamRunner/Content/ThirdPerson/Blueprints/BP_ThirdPersonPlayerController.uasset" 831
"C:/Users/jessw/Documents/GitHub/CasualProductionDreamTeam/DreamRunner/Content/ThirdPerson/Blueprints/BP_ThirdPersonPlayerController.uexp" 832
"../../../Engine/Content/BasicShapes/Cube.ubulk" 833
"../../../Engine/Content/BasicShapes/Cube.uasset" 834
"../../../Engine/Content/BasicShapes/Cube.uexp" 835
"../../../Engine/Content/BasicShapes/BasicShapeMaterial.uasset" 836
"../../../Engine/Content/BasicShapes/BasicShapeMaterial.uexp" 837
"C:/Users/jessw/Documents/GitHub/CasualProductionDreamTeam/DreamRunner/Content/ThirdPerson/Blueprints/Obstacles/BP_Obstacle.uasset" 838
"C:/Users/jessw/Documents/GitHub/CasualProductionDreamTeam/DreamRunner/Content/ThirdPerson/Blueprints/Obstacles/BP_Obstacle.uexp" 839
"C:/Users/jessw/Documents/GitHub/CasualProductionDreamTeam/DreamRunner/Content/LevelPrototyping/Materials/M_FlatCol.uasset" 840
"C:/Users/jessw/Documents/GitHub/CasualProductionDreamTeam/DreamRunner/Content/LevelPrototyping/Materials/M_FlatCol.uexp" 841
"C:/Users/jessw/Documents/GitHub/CasualProductionDreamTeam/DreamRunner/Content/LevelPrototyping/Materials/MI_DefaultColorway.uasset" 842
"C:/Users/jessw/Documents/GitHub/CasualProductionDreamTeam/DreamRunner/Content/LevelPrototyping/Materials/MI_DefaultColorway.uexp" 843
"C:/Users/jessw/Documents/GitHub/CasualProductionDreamTeam/DreamRunner/Content/ThirdPerson/Blueprints/Obstacles/SM_ObstacleTrue.ubulk" 844
"C:/Users/jessw/Documents/GitHub/CasualProductionDreamTeam/DreamRunner/Content/ThirdPerson/Blueprints/Obstacles/SM_ObstacleTrue.uasset" 845
"C:/Users/jessw/Documents/GitHub/CasualProductionDreamTeam/DreamRunner/Content/ThirdPerson/Blueprints/Obstacles/SM_ObstacleTrue.uexp" 846
"C:/Users/jessw/Documents/GitHub/CasualProductionDreamTeam/DreamRunner/Content/ThirdPerson/Blueprints/Obstacles/SM_Obstacle4.ubulk" 847
"C:/Users/jessw/Documents/GitHub/CasualProductionDreamTeam/DreamRunner/Content/ThirdPerson/Blueprints/Obstacles/SM_Obstacle4.uasset" 848
"C:/Users/jessw/Documents/GitHub/CasualProductionDreamTeam/DreamRunner/Content/ThirdPerson/Blueprints/Obstacles/SM_Obstacle4.uexp" 849
"C:/Users/jessw/Documents/GitHub/CasualProductionDreamTeam/DreamRunner/Content/ThirdPerson/Blueprints/Obstacles/SM_Obstacle3.ubulk" 850
"C:/Users/jessw/Documents/GitHub/CasualProductionDreamTeam/DreamRunner/Content/ThirdPerson/Blueprints/Obstacles/SM_Obstacle3.uasset" 851
"C:/Users/jessw/Documents/GitHub/CasualProductionDreamTeam/DreamRunner/Content/ThirdPerson/Blueprints/Obstacles/SM_Obstacle3.uexp" 852
"C:/Users/jessw/Documents/GitHub/CasualProductionDreamTeam/DreamRunner/Content/ThirdPerson/Blueprints/Obstacles/SM_Obstacle2.ubulk" 853
"C:/Users/jessw/Documents/GitHub/CasualProductionDreamTeam/DreamRunner/Content/ThirdPerson/Blueprints/Obstacles/SM_Obstacle2.uasset" 854
"C:/Users/jessw/Documents/GitHub/CasualProductionDreamTeam/DreamRunner/Content/ThirdPerson/Blueprints/Obstacles/SM_Obstacle2.uexp" 855
"C:/Users/jessw/Documents/GitHub/CasualProductionDreamTeam/DreamRunner/Content/ThirdPerson/Blueprints/BP_Block.uasset" 856
"C:/Users/jessw/Documents/GitHub/CasualProductionDreamTeam/DreamRunner/Content/ThirdPerson/Blueprints/BP_Block.uexp" 857
"C:/Users/jessw/Documents/GitHub/CasualProductionDreamTeam/DreamRunner/Content/ThirdPerson/Blueprints/GM_DreamRunner.uasset" 858
"C:/Users/jessw/Documents/GitHub/CasualProductionDreamTeam/DreamRunner/Content/ThirdPerson/Blueprints/GM_DreamRunner.uexp" 859
"../../../Engine/Content/ArtTools/RenderToTexture/Meshes/S_1_Unit_Plane.ubulk" 860
"../../../Engine/Content/ArtTools/RenderToTexture/Meshes/S_1_Unit_Plane.uasset" 861
"../../../Engine/Content/ArtTools/RenderToTexture/Meshes/S_1_Unit_Plane.uexp" 862
"../../../Engine/Content/EngineMaterials/Substrate/Glints2/AGlintTex2dArray2.uasset" 863
"../../../Engine/Content/EngineMaterials/Substrate/Glints2/AGlintTex2dArray2.uexp" 864
"../../../Engine/Content/EngineMaterials/Substrate/GLints/AGlintTex2dArray.uasset" 865
"../../../Engine/Content/EngineMaterials/Substrate/GLints/AGlintTex2dArray.uexp" 866
"../../../Engine/Content/EngineResources/DefaultTextureCube.uasset" 867
"../../../Engine/Content/EngineResources/DefaultTextureCube.uexp" 868
"../../../Engine/Content/Functions/Engine_MaterialFunctions01/Shading/PowerToRoughness.uasset" 869
"../../../Engine/Content/Functions/Engine_MaterialFunctions01/Shading/PowerToRoughness.uexp" 870
"../../../Engine/Content/Functions/Engine_MaterialFunctions01/Shading/ConvertFromDiffSpec.uasset" 871
"../../../Engine/Content/Functions/Engine_MaterialFunctions01/Shading/ConvertFromDiffSpec.uexp" 872
"../../../Engine/Content/EngineMaterials/Substrate/Volume/SubstrateSimpleVolumeEnvLUT3D.uasset" 873
"../../../Engine/Content/EngineMaterials/Substrate/Volume/SubstrateSimpleVolumeEnvLUT3D.uexp" 874
"../../../Engine/Content/EngineMaterials/Substrate/Volume/SubstrateSimpleVolumeLUT3D.uasset" 875
"../../../Engine/Content/EngineMaterials/Substrate/Volume/SubstrateSimpleVolumeLUT3D.uexp" 876
"../../../Engine/Plugins/Interchange/Assets/Content/Utilities/New_LUT.uasset" 877
"../../../Engine/Plugins/Interchange/Assets/Content/Utilities/New_LUT.uexp" 878
"../../../Engine/Content/Functions/Engine_MaterialFunctions03/Math/RemapValueRange.uasset" 879
"../../../Engine/Content/Functions/Engine_MaterialFunctions03/Math/RemapValueRange.uexp" 880
"../../../Engine/Plugins/Interchange/Assets/Content/Functions/MF_Iridescence.uasset" 881
"../../../Engine/Plugins/Interchange/Assets/Content/Functions/MF_Iridescence.uexp" 882
"../../../Engine/Plugins/Interchange/Assets/Content/gltf/Textures/T_White_srgb.uasset" 883
"../../../Engine/Plugins/Interchange/Assets/Content/gltf/Textures/T_White_srgb.uexp" 884
"../../../Engine/Plugins/Interchange/Assets/Content/gltf/MaterialFunctions/MF_BaseColor.uasset" 885
"../../../Engine/Plugins/Interchange/Assets/Content/gltf/MaterialFunctions/MF_BaseColor.uexp" 886
"../../../Engine/Plugins/Interchange/Assets/Content/gltf/MaterialFunctions/MF_RotateV2.uasset" 887
"../../../Engine/Plugins/Interchange/Assets/Content/gltf/MaterialFunctions/MF_RotateV2.uexp" 888
"../../../Engine/Plugins/Interchange/Assets/Content/gltf/MaterialFunctions/MF_TransformUVs.uasset" 889
"../../../Engine/Plugins/Interchange/Assets/Content/gltf/MaterialFunctions/MF_TransformUVs.uexp" 890
"../../../Engine/Content/Functions/Engine_MaterialFunctions02/Math/Transform3x3Matrix.uasset" 891
"../../../Engine/Content/Functions/Engine_MaterialFunctions02/Math/Transform3x3Matrix.uexp" 892
"../../../Engine/Plugins/Interchange/Assets/Content/gltf/MaterialFunctions/MF_IOR.uasset" 893
"../../../Engine/Plugins/Interchange/Assets/Content/gltf/MaterialFunctions/MF_IOR.uexp" 894
"../../../Engine/Plugins/Interchange/Assets/Content/gltf/MaterialFunctions/MF_Iridescence.uasset" 895
"../../../Engine/Plugins/Interchange/Assets/Content/gltf/MaterialFunctions/MF_Iridescence.uexp" 896
"../../../Engine/Plugins/Interchange/Assets/Content/gltf/Textures/T_White_Linear.uasset" 897
"../../../Engine/Plugins/Interchange/Assets/Content/gltf/Textures/T_White_Linear.uexp" 898
"../../../Engine/Plugins/Interchange/Assets/Content/gltf/MaterialFunctions/MF_MetallicRoughness.uasset" 899
"../../../Engine/Plugins/Interchange/Assets/Content/gltf/MaterialFunctions/MF_MetallicRoughness.uexp" 900
"../../../Engine/Plugins/Interchange/Assets/Content/gltf/MaterialFunctions/MF_RotateNormals_TS.uasset" 901
"../../../Engine/Plugins/Interchange/Assets/Content/gltf/MaterialFunctions/MF_RotateNormals_TS.uexp" 902
"../../../Engine/Plugins/Interchange/Assets/Content/gltf/MaterialFunctions/MF_ScaleNormal.uasset" 903
"../../../Engine/Plugins/Interchange/Assets/Content/gltf/MaterialFunctions/MF_ScaleNormal.uexp" 904
"../../../Engine/Plugins/Interchange/Assets/Content/gltf/Textures/T_Generic_N.uasset" 905
"../../../Engine/Plugins/Interchange/Assets/Content/gltf/Textures/T_Generic_N.uexp" 906
"../../../Engine/Plugins/Interchange/Assets/Content/gltf/MaterialFunctions/MF_Normals.uasset" 907
"../../../Engine/Plugins/Interchange/Assets/Content/gltf/MaterialFunctions/MF_Normals.uexp" 908
"../../../Engine/Plugins/Interchange/Assets/Content/gltf/MaterialFunctions/MF_Occlusion.uasset" 909
"../../../Engine/Plugins/Interchange/Assets/Content/gltf/MaterialFunctions/MF_Occlusion.uexp" 910
"../../../Engine/Plugins/Interchange/Assets/Content/gltf/MaterialFunctions/MF_Specular.uasset" 911
"../../../Engine/Plugins/Interchange/Assets/Content/gltf/MaterialFunctions/MF_Specular.uexp" 912
"../../../Engine/Plugins/Interchange/Assets/Content/gltf/Textures/T_Anisotropy_Direction_Linear.uasset" 913
"../../../Engine/Plugins/Interchange/Assets/Content/gltf/Textures/T_Anisotropy_Direction_Linear.uexp" 914
"../../../Engine/Plugins/Interchange/Assets/Content/gltf/MaterialFunctions/MF_SpecularAnisotropy.uasset" 915
"../../../Engine/Plugins/Interchange/Assets/Content/gltf/MaterialFunctions/MF_SpecularAnisotropy.uexp" 916
"../../../Engine/Plugins/Interchange/Assets/Content/gltf/MaterialFunctions/MF_Emissive.uasset" 917
"../../../Engine/Plugins/Interchange/Assets/Content/gltf/MaterialFunctions/MF_Emissive.uexp" 918
"../../../Engine/Content/Functions/Engine_MaterialFunctions01/Texturing/FlattenNormal.uasset" 919
"../../../Engine/Content/Functions/Engine_MaterialFunctions01/Texturing/FlattenNormal.uexp" 920
"../../../Engine/Plugins/Interchange/Assets/Content/gltf/MaterialFunctions/MF_Clearcoat.uasset" 921
"../../../Engine/Plugins/Interchange/Assets/Content/gltf/MaterialFunctions/MF_Clearcoat.uexp" 922
"../../../Engine/Plugins/Interchange/Assets/Content/gltf/MaterialBodies/MF_ClearCoat_Body.uasset" 923
"../../../Engine/Plugins/Interchange/Assets/Content/gltf/MaterialBodies/MF_ClearCoat_Body.uexp" 924
"../../../Engine/Plugins/Interchange/Assets/Content/gltf/M_ClearCoat.uasset" 925
"../../../Engine/Plugins/Interchange/Assets/Content/gltf/M_ClearCoat.uexp" 926
"../../../Engine/Plugins/Interchange/Assets/Content/gltf/MaterialInstances/MI_ClearCoat_Blend.uasset" 927
"../../../Engine/Plugins/Interchange/Assets/Content/gltf/MaterialInstances/MI_ClearCoat_Blend.uexp" 928
"../../../Engine/Plugins/Interchange/Assets/Content/gltf/MaterialInstances/MI_ClearCoat_Blend_DS.uasset" 929
"../../../Engine/Plugins/Interchange/Assets/Content/gltf/MaterialInstances/MI_ClearCoat_Blend_DS.uexp" 930
"../../../Engine/Plugins/Interchange/Assets/Content/gltf/MaterialInstances/MI_ClearCoat_Mask.uasset" 931
"../../../Engine/Plugins/Interchange/Assets/Content/gltf/MaterialInstances/MI_ClearCoat_Mask.uexp" 932
"../../../Engine/Plugins/Interchange/Assets/Content/gltf/MaterialInstances/MI_ClearCoat_Mask_DS.uasset" 933
"../../../Engine/Plugins/Interchange/Assets/Content/gltf/MaterialInstances/MI_ClearCoat_Mask_DS.uexp" 934
"../../../Engine/Plugins/Interchange/Assets/Content/gltf/MaterialInstances/MI_ClearCoat_Opaque.uasset" 935
"../../../Engine/Plugins/Interchange/Assets/Content/gltf/MaterialInstances/MI_ClearCoat_Opaque.uexp" 936
"../../../Engine/Plugins/Interchange/Assets/Content/gltf/MaterialInstances/MI_ClearCoat_Opaque_DS.uasset" 937
"../../../Engine/Plugins/Interchange/Assets/Content/gltf/MaterialInstances/MI_ClearCoat_Opaque_DS.uexp" 938
"../../../Engine/Plugins/Interchange/Assets/Content/gltf/MaterialBodies/MF_Default_Body.uasset" 939
"../../../Engine/Plugins/Interchange/Assets/Content/gltf/MaterialBodies/MF_Default_Body.uexp" 940
"../../../Engine/Plugins/Interchange/Assets/Content/gltf/M_Default.uasset" 941
"../../../Engine/Plugins/Interchange/Assets/Content/gltf/M_Default.uexp" 942
"../../../Engine/Plugins/Interchange/Assets/Content/gltf/MaterialInstances/MI_Default_Blend.uasset" 943
"../../../Engine/Plugins/Interchange/Assets/Content/gltf/MaterialInstances/MI_Default_Blend.uexp" 944
"../../../Engine/Plugins/Interchange/Assets/Content/gltf/MaterialInstances/MI_Default_Blend_DS.uasset" 945
"../../../Engine/Plugins/Interchange/Assets/Content/gltf/MaterialInstances/MI_Default_Blend_DS.uexp" 946
"../../../Engine/Plugins/Interchange/Assets/Content/gltf/MaterialInstances/MI_Default_Mask.uasset" 947
"../../../Engine/Plugins/Interchange/Assets/Content/gltf/MaterialInstances/MI_Default_Mask.uexp" 948
"../../../Engine/Plugins/Interchange/Assets/Content/gltf/MaterialInstances/MI_Default_Mask_DS.uasset" 949
"../../../Engine/Plugins/Interchange/Assets/Content/gltf/MaterialInstances/MI_Default_Mask_DS.uexp" 950
"../../../Engine/Plugins/Interchange/Assets/Content/gltf/MaterialInstances/MI_Default_Opaque.uasset" 951
"../../../Engine/Plugins/Interchange/Assets/Content/gltf/MaterialInstances/MI_Default_Opaque.uexp" 952
"../../../Engine/Plugins/Interchange/Assets/Content/gltf/MaterialInstances/MI_Default_Opaque_DS.uasset" 953
"../../../Engine/Plugins/Interchange/Assets/Content/gltf/MaterialInstances/MI_Default_Opaque_DS.uexp" 954
"../../../Engine/Plugins/Interchange/Assets/Content/gltf/MaterialFunctions/MF_Sheen.uasset" 955
"../../../Engine/Plugins/Interchange/Assets/Content/gltf/MaterialFunctions/MF_Sheen.uexp" 956
"../../../Engine/Plugins/Interchange/Assets/Content/gltf/MaterialBodies/MF_Sheen_Body.uasset" 957
"../../../Engine/Plugins/Interchange/Assets/Content/gltf/MaterialBodies/MF_Sheen_Body.uexp" 958
"../../../Engine/Plugins/Interchange/Assets/Content/gltf/M_Sheen.uasset" 959
"../../../Engine/Plugins/Interchange/Assets/Content/gltf/M_Sheen.uexp" 960
"../../../Engine/Plugins/Interchange/Assets/Content/gltf/MaterialInstances/MI_Sheen_Blend.uasset" 961
"../../../Engine/Plugins/Interchange/Assets/Content/gltf/MaterialInstances/MI_Sheen_Blend.uexp" 962
"../../../Engine/Plugins/Interchange/Assets/Content/gltf/MaterialInstances/MI_Sheen_Blend_DS.uasset" 963
"../../../Engine/Plugins/Interchange/Assets/Content/gltf/MaterialInstances/MI_Sheen_Blend_DS.uexp" 964
"../../../Engine/Plugins/Interchange/Assets/Content/gltf/MaterialInstances/MI_Sheen_Mask.uasset" 965
"../../../Engine/Plugins/Interchange/Assets/Content/gltf/MaterialInstances/MI_Sheen_Mask.uexp" 966
"../../../Engine/Plugins/Interchange/Assets/Content/gltf/MaterialInstances/MI_Sheen_Mask_DS.uasset" 967
"../../../Engine/Plugins/Interchange/Assets/Content/gltf/MaterialInstances/MI_Sheen_Mask_DS.uexp" 968
"../../../Engine/Plugins/Interchange/Assets/Content/gltf/MaterialInstances/MI_Sheen_Opaque.uasset" 969
"../../../Engine/Plugins/Interchange/Assets/Content/gltf/MaterialInstances/MI_Sheen_Opaque.uexp" 970
"../../../Engine/Plugins/Interchange/Assets/Content/gltf/MaterialInstances/MI_Sheen_Opaque_DS.uasset" 971
"../../../Engine/Plugins/Interchange/Assets/Content/gltf/MaterialInstances/MI_Sheen_Opaque_DS.uexp" 972
"../../../Engine/Content/Functions/Engine_MaterialFunctions02/Math/AddComponents.uasset" 973
"../../../Engine/Content/Functions/Engine_MaterialFunctions02/Math/AddComponents.uexp" 974
"../../../Engine/Plugins/Interchange/Assets/Content/gltf/MaterialFunctions/MF_DiffuseSpecGloss.uasset" 975
"../../../Engine/Plugins/Interchange/Assets/Content/gltf/MaterialFunctions/MF_DiffuseSpecGloss.uexp" 976
"../../../Engine/Plugins/Interchange/Assets/Content/gltf/MaterialFunctions/MF_MaxComponentValue.uasset" 977
"../../../Engine/Plugins/Interchange/Assets/Content/gltf/MaterialFunctions/MF_MaxComponentValue.uexp" 978
"../../../Engine/Plugins/Interchange/Assets/Content/gltf/MaterialFunctions/MF_PerceivedBrightness.uasset" 979
"../../../Engine/Plugins/Interchange/Assets/Content/gltf/MaterialFunctions/MF_PerceivedBrightness.uexp" 980
"../../../Engine/Plugins/Interchange/Assets/Content/gltf/MaterialFunctions/MF_SpecGlossToMetalRoughness.uasset" 981
"../../../Engine/Plugins/Interchange/Assets/Content/gltf/MaterialFunctions/MF_SpecGlossToMetalRoughness.uexp" 982
"../../../Engine/Plugins/Interchange/Assets/Content/gltf/MaterialBodies/MF_SpecularGlossiness_Body.uasset" 983
"../../../Engine/Plugins/Interchange/Assets/Content/gltf/MaterialBodies/MF_SpecularGlossiness_Body.uexp" 984
"../../../Engine/Plugins/Interchange/Assets/Content/gltf/M_SpecularGlossiness.uasset" 985
"../../../Engine/Plugins/Interchange/Assets/Content/gltf/M_SpecularGlossiness.uexp" 986
"../../../Engine/Plugins/Interchange/Assets/Content/gltf/MaterialInstances/MI_SpecularGlossiness_Blend.uasset" 987
"../../../Engine/Plugins/Interchange/Assets/Content/gltf/MaterialInstances/MI_SpecularGlossiness_Blend.uexp" 988
"../../../Engine/Plugins/Interchange/Assets/Content/gltf/MaterialInstances/MI_SpecularGlossiness_Blend_DS.uasset" 989
"../../../Engine/Plugins/Interchange/Assets/Content/gltf/MaterialInstances/MI_SpecularGlossiness_Blend_DS.uexp" 990
"../../../Engine/Plugins/Interchange/Assets/Content/gltf/MaterialInstances/MI_SpecularGlossiness_Mask.uasset" 991
"../../../Engine/Plugins/Interchange/Assets/Content/gltf/MaterialInstances/MI_SpecularGlossiness_Mask.uexp" 992
"../../../Engine/Plugins/Interchange/Assets/Content/gltf/MaterialInstances/MI_SpecularGlossiness_Mask_DS.uasset" 993
"../../../Engine/Plugins/Interchange/Assets/Content/gltf/MaterialInstances/MI_SpecularGlossiness_Mask_DS.uexp" 994
"../../../Engine/Plugins/Interchange/Assets/Content/gltf/MaterialInstances/MI_SpecularGlossiness_Opaque.uasset" 995
"../../../Engine/Plugins/Interchange/Assets/Content/gltf/MaterialInstances/MI_SpecularGlossiness_Opaque.uexp" 996
"../../../Engine/Plugins/Interchange/Assets/Content/gltf/MaterialInstances/MI_SpecularGlossiness_Opaque_DS.uasset" 997
"../../../Engine/Plugins/Interchange/Assets/Content/gltf/MaterialInstances/MI_SpecularGlossiness_Opaque_DS.uexp" 998
"../../../Engine/Content/EngineMaterials/Good64x64TilingNoiseHighFreq.uasset" 999
"../../../Engine/Content/EngineMaterials/Good64x64TilingNoiseHighFreq.uexp" 1000
"../../../Engine/Content/Functions/Engine_MaterialFunctions02/Texturing/ScreenAlignedPixelToPixelUVs.uasset" 1001
"../../../Engine/Content/Functions/Engine_MaterialFunctions02/Texturing/ScreenAlignedPixelToPixelUVs.uexp" 1002
"../../../Engine/Plugins/Interchange/Assets/Content/gltf/MaterialFunctions/MF_Fresnel_DS.uasset" 1003
"../../../Engine/Plugins/Interchange/Assets/Content/gltf/MaterialFunctions/MF_Fresnel_DS.uexp" 1004
"../../../Engine/Plugins/Interchange/Assets/Content/gltf/MaterialFunctions/MF_Temporal_Blur.uasset" 1005
"../../../Engine/Plugins/Interchange/Assets/Content/gltf/MaterialFunctions/MF_Temporal_Blur.uexp" 1006
"../../../Engine/Plugins/Interchange/Assets/Content/gltf/MaterialFunctions/MF_Transmission.uasset" 1007
"../../../Engine/Plugins/Interchange/Assets/Content/gltf/MaterialFunctions/MF_Transmission.uexp" 1008
"../../../Engine/Plugins/Interchange/Assets/Content/gltf/MaterialBodies/MF_Transmission_Body.uasset" 1009
"../../../Engine/Plugins/Interchange/Assets/Content/gltf/MaterialBodies/MF_Transmission_Body.uexp" 1010
"../../../Engine/Plugins/Interchange/Assets/Content/gltf/M_Transmission.uasset" 1011
"../../../Engine/Plugins/Interchange/Assets/Content/gltf/M_Transmission.uexp" 1012
"../../../Engine/Plugins/Interchange/Assets/Content/gltf/MaterialInstances/MI_Transmission.uasset" 1013
"../../../Engine/Plugins/Interchange/Assets/Content/gltf/MaterialInstances/MI_Transmission.uexp" 1014
"../../../Engine/Plugins/Interchange/Assets/Content/gltf/MaterialInstances/MI_Transmission_DS.uasset" 1015
"../../../Engine/Plugins/Interchange/Assets/Content/gltf/MaterialInstances/MI_Transmission_DS.uexp" 1016
"../../../Engine/Plugins/Interchange/Assets/Content/gltf/MaterialBodies/MF_Unlit_Body.uasset" 1017
"../../../Engine/Plugins/Interchange/Assets/Content/gltf/MaterialBodies/MF_Unlit_Body.uexp" 1018
"../../../Engine/Plugins/Interchange/Assets/Content/gltf/M_Unlit.uasset" 1019
"../../../Engine/Plugins/Interchange/Assets/Content/gltf/M_Unlit.uexp" 1020
"../../../Engine/Plugins/Interchange/Assets/Content/gltf/MaterialInstances/MI_Unlit_Blend.uasset" 1021
"../../../Engine/Plugins/Interchange/Assets/Content/gltf/MaterialInstances/MI_Unlit_Blend.uexp" 1022
"../../../Engine/Plugins/Interchange/Assets/Content/gltf/MaterialInstances/MI_Unlit_Blend_DS.uasset" 1023
"../../../Engine/Plugins/Interchange/Assets/Content/gltf/MaterialInstances/MI_Unlit_Blend_DS.uexp" 1024
"../../../Engine/Plugins/Interchange/Assets/Content/gltf/MaterialInstances/MI_Unlit_Mask.uasset" 1025
"../../../Engine/Plugins/Interchange/Assets/Content/gltf/MaterialInstances/MI_Unlit_Mask.uexp" 1026
"../../../Engine/Plugins/Interchange/Assets/Content/gltf/MaterialInstances/MI_Unlit_Mask_DS.uasset" 1027
"../../../Engine/Plugins/Interchange/Assets/Content/gltf/MaterialInstances/MI_Unlit_Mask_DS.uexp" 1028
"../../../Engine/Plugins/Interchange/Assets/Content/gltf/MaterialInstances/MI_Unlit_Opaque.uasset" 1029
"../../../Engine/Plugins/Interchange/Assets/Content/gltf/MaterialInstances/MI_Unlit_Opaque.uexp" 1030
"../../../Engine/Plugins/Interchange/Assets/Content/gltf/MaterialInstances/MI_Unlit_Opaque_DS.uasset" 1031
"../../../Engine/Plugins/Interchange/Assets/Content/gltf/MaterialInstances/MI_Unlit_Opaque_DS.uexp" 1032
"../../../Engine/Content/EngineResources/WhiteSquareTexture.uasset" 1033
"../../../Engine/Content/EngineResources/WhiteSquareTexture.uexp" 1034
"../../../Engine/Content/EngineMaterials/Widget3DPassThrough.uasset" 1035
"../../../Engine/Content/EngineMaterials/Widget3DPassThrough.uexp" 1036
"../../../Engine/Content/EngineMaterials/Widget3DPassThrough_Masked.uasset" 1037
"../../../Engine/Content/EngineMaterials/Widget3DPassThrough_Masked.uexp" 1038
"../../../Engine/Content/EngineMaterials/Widget3DPassThrough_Opaque.uasset" 1039
"../../../Engine/Content/EngineMaterials/Widget3DPassThrough_Opaque.uexp" 1040
"../../../Engine/Content/EngineMaterials/Widget3DPassThrough_Masked_OneSided.uasset" 1041
"../../../Engine/Content/EngineMaterials/Widget3DPassThrough_Masked_OneSided.uexp" 1042
"../../../Engine/Content/EngineMaterials/Widget3DPassThrough_Opaque_OneSided.uasset" 1043
"../../../Engine/Content/EngineMaterials/Widget3DPassThrough_Opaque_OneSided.uexp" 1044
"../../../Engine/Content/EngineMaterials/Widget3DPassThrough_Translucent.uasset" 1045
"../../../Engine/Content/EngineMaterials/Widget3DPassThrough_Translucent.uexp" 1046
"../../../Engine/Content/EngineMaterials/Widget3DPassThrough_Translucent_OneSided.uasset" 1047
"../../../Engine/Content/EngineMaterials/Widget3DPassThrough_Translucent_OneSided.uexp" 1048
"../../../Engine/Content/EditorLandscapeResources/ColorMaskBrushMaterial.uasset" 1049
"../../../Engine/Content/EditorLandscapeResources/ColorMaskBrushMaterial.uexp" 1050
"../../../Engine/Content/EditorLandscapeResources/ColorMaskBrushMaterial_MaskedRegion.uasset" 1051
"../../../Engine/Content/EditorLandscapeResources/ColorMaskBrushMaterial_MaskedRegion.uexp" 1052
"../../../Engine/Content/Functions/Engine_MaterialFunctions03/Math/WithinRangeFloat2.uasset" 1053
"../../../Engine/Content/Functions/Engine_MaterialFunctions03/Math/WithinRangeFloat2.uexp" 1054
"../../../Engine/Content/EditorLandscapeResources/MaskBrushMaterial.uasset" 1055
"../../../Engine/Content/EditorLandscapeResources/MaskBrushMaterial.uexp" 1056
"../../../Engine/Content/EditorLandscapeResources/MaskBrushMaterial_MaskedRegion.uasset" 1057
"../../../Engine/Content/EditorLandscapeResources/MaskBrushMaterial_MaskedRegion.uexp" 1058
"../../../Engine/Content/EditorLandscapeResources/SelectBrushMaterial.uasset" 1059
"../../../Engine/Content/EditorLandscapeResources/SelectBrushMaterial.uexp" 1060
"../../../Engine/Content/EditorLandscapeResources/SelectBrushMaterial_Selected.uasset" 1061
"../../../Engine/Content/EditorLandscapeResources/SelectBrushMaterial_Selected.uexp" 1062
"../../../Engine/Content/EditorLandscapeResources/SelectBrushMaterial_SelectedRegion.uasset" 1063
"../../../Engine/Content/EditorLandscapeResources/SelectBrushMaterial_SelectedRegion.uexp" 1064
"../../../Engine/Plugins/NNE/NNEDenoiser/Content/NNE_oidn2-3-0_rt_hdr_alb_nrm_small__dyn__fp16_opset11_DenoiseAlpha.uasset" 1065
"../../../Engine/Plugins/NNE/NNEDenoiser/Content/NNE_oidn2-3-0_rt_hdr_alb_nrm_small__dyn__fp16_opset11_DenoiseAlpha.uexp" 1066
"../../../Engine/Plugins/NNE/NNEDenoiser/Content/NNE_oidn2-3-0_rt_hdr_alb_nrm_small__dyn__fp16_opset11_ForwardAlpha.uasset" 1067
"../../../Engine/Plugins/NNE/NNEDenoiser/Content/NNE_oidn2-3-0_rt_hdr_alb_nrm_small__dyn__fp16_opset11_ForwardAlpha.uexp" 1068
"../../../Engine/Plugins/NNE/NNEDenoiser/Content/NNE_oidn2-3-0_rt_hdr_alb_nrm__dyn__fp16_opset11_DenoiseAlpha.uasset" 1069
"../../../Engine/Plugins/NNE/NNEDenoiser/Content/NNE_oidn2-3-0_rt_hdr_alb_nrm__dyn__fp16_opset11_DenoiseAlpha.uexp" 1070
"../../../Engine/Plugins/NNE/NNEDenoiser/Content/NNE_oidn2-3-0_rt_hdr_alb_nrm__dyn__fp16_opset11_ForwardAlpha.uasset" 1071
"../../../Engine/Plugins/NNE/NNEDenoiser/Content/NNE_oidn2-3-0_rt_hdr_alb_nrm__dyn__fp16_opset11_ForwardAlpha.uexp" 1072
"../../../Engine/Plugins/NNE/NNEDenoiser/Content/NNE_oidn2-3-0_rt_hdr_calb_cnrm_large__dyn__fp16_opset11_DenoiseAlpha.uasset" 1073
"../../../Engine/Plugins/NNE/NNEDenoiser/Content/NNE_oidn2-3-0_rt_hdr_calb_cnrm_large__dyn__fp16_opset11_DenoiseAlpha.uexp" 1074
"../../../Engine/Plugins/NNE/NNEDenoiser/Content/NNE_oidn2-3-0_rt_hdr_calb_cnrm_large__dyn__fp16_opset11_ForwardAlpha.uasset" 1075
"../../../Engine/Plugins/NNE/NNEDenoiser/Content/NNE_oidn2-3-0_rt_hdr_calb_cnrm_large__dyn__fp16_opset11_ForwardAlpha.uexp" 1076
"../../../Engine/Plugins/2D/Paper2D/Content/DefaultSpriteMaterial.uasset" 1077
"../../../Engine/Plugins/2D/Paper2D/Content/DefaultSpriteMaterial.uexp" 1078
"../../../Engine/Plugins/2D/Paper2D/Content/MaskedUnlitSpriteMaterial.uasset" 1079
"../../../Engine/Plugins/2D/Paper2D/Content/MaskedUnlitSpriteMaterial.uexp" 1080
"../../../Engine/Plugins/2D/Paper2D/Content/OpaqueUnlitSpriteMaterial.uasset" 1081
"../../../Engine/Plugins/2D/Paper2D/Content/OpaqueUnlitSpriteMaterial.uexp" 1082
"../../../Engine/Content/EngineResources/LandscapeVisibilityLayerInfo.uasset" 1083
"../../../Engine/Content/EngineResources/LandscapeVisibilityLayerInfo.uexp" 1084
"../../../Engine/Content/VREditor/TransformGizmo/TranslucentTransformGizmoMaterial_Inst.uasset" 1085
"../../../Engine/Content/VREditor/TransformGizmo/TranslucentTransformGizmoMaterial_Inst.uexp" 1086
"../../../Engine/Content/VREditor/TransformGizmo/TransformGizmoMaterial_Inst.uasset" 1087
"../../../Engine/Content/VREditor/TransformGizmo/TransformGizmoMaterial_Inst.uexp" 1088
"../../../Engine/Content/VREditor/Sounds/UI/Drop_Item_From_ContentBrowser.ubulk" 1089
"../../../Engine/Content/VREditor/Sounds/UI/Drop_Item_From_ContentBrowser.uasset" 1090
"../../../Engine/Content/VREditor/Sounds/UI/Drop_Item_From_ContentBrowser.uexp" 1091
"../../../Engine/Content/VREditor/TransformGizmo/UniformScaleHandle.ubulk" 1092
"../../../Engine/Content/VREditor/TransformGizmo/UniformScaleHandle.uasset" 1093
"../../../Engine/Content/VREditor/TransformGizmo/UniformScaleHandle.uexp" 1094
"../../../Engine/Content/VREditor/TransformGizmo/TranslateArrowHandle.ubulk" 1095
"../../../Engine/Content/VREditor/TransformGizmo/TranslateArrowHandle.uasset" 1096
"../../../Engine/Content/VREditor/TransformGizmo/TranslateArrowHandle.uexp" 1097
"../../../Engine/Content/VREditor/TransformGizmo/TransformGizmoFreeRotation.ubulk" 1098
"../../../Engine/Content/VREditor/TransformGizmo/TransformGizmoFreeRotation.uasset" 1099
"../../../Engine/Content/VREditor/TransformGizmo/TransformGizmoFreeRotation.uexp" 1100
"../../../Engine/Content/VREditor/TransformGizmo/StartRotationHandleIndicator.ubulk" 1101
"../../../Engine/Content/VREditor/TransformGizmo/StartRotationHandleIndicator.uasset" 1102
"../../../Engine/Content/VREditor/TransformGizmo/StartRotationHandleIndicator.uexp" 1103
"../../../Engine/Content/VREditor/TransformGizmo/RotationHandleQuarter.ubulk" 1104
"../../../Engine/Content/VREditor/TransformGizmo/RotationHandleQuarter.uasset" 1105
"../../../Engine/Content/VREditor/TransformGizmo/RotationHandleQuarter.uexp" 1106
"../../../Engine/Content/VREditor/TransformGizmo/RotationHandleIndicator.ubulk" 1107
"../../../Engine/Content/VREditor/TransformGizmo/RotationHandleIndicator.uasset" 1108
"../../../Engine/Content/VREditor/TransformGizmo/RotationHandleIndicator.uexp" 1109
"../../../Engine/Content/VREditor/TransformGizmo/RotationHandleFull.ubulk" 1110
"../../../Engine/Content/VREditor/TransformGizmo/RotationHandleFull.uasset" 1111
"../../../Engine/Content/VREditor/TransformGizmo/RotationHandleFull.uexp" 1112
"../../../Engine/Content/Functions/Engine_MaterialFunctions02/SplitComponents.uasset" 1113
"../../../Engine/Content/Functions/Engine_MaterialFunctions02/SplitComponents.uexp" 1114
"../../../Engine/Content/VREditor/SnapGrid/SnapGridMaterial.uasset" 1115
"../../../Engine/Content/VREditor/SnapGrid/SnapGridMaterial.uexp" 1116
"../../../Engine/Content/VREditor/SnapGrid/SnapGridPlaneMesh.ubulk" 1117
"../../../Engine/Content/VREditor/SnapGrid/SnapGridPlaneMesh.uasset" 1118
"../../../Engine/Content/VREditor/SnapGrid/SnapGridPlaneMesh.uexp" 1119
"../../../Engine/Content/VREditor/Sounds/UI/Gizmo_Handle_Clicked.ubulk" 1120
"../../../Engine/Content/VREditor/Sounds/UI/Gizmo_Handle_Clicked.uasset" 1121
"../../../Engine/Content/VREditor/Sounds/UI/Gizmo_Handle_Clicked.uexp" 1122
"../../../Engine/Content/VREditor/Sounds/UI/Object_PickUp.ubulk" 1123
"../../../Engine/Content/VREditor/Sounds/UI/Object_PickUp.uasset" 1124
"../../../Engine/Content/VREditor/Sounds/UI/Object_PickUp.uexp" 1125
"../../../Engine/Content/VREditor/Sounds/UI/Object_Snaps_To_Another_Actor.ubulk" 1126
"../../../Engine/Content/VREditor/Sounds/UI/Object_Snaps_To_Another_Actor.uasset" 1127
"../../../Engine/Content/VREditor/Sounds/UI/Object_Snaps_To_Another_Actor.uexp" 1128
"../../../Engine/Content/VREditor/Sounds/UI/Object_Snaps_To_Grid.ubulk" 1129
"../../../Engine/Content/VREditor/Sounds/UI/Object_Snaps_To_Grid.uasset" 1130
"../../../Engine/Content/VREditor/Sounds/UI/Object_Snaps_To_Grid.uexp" 1131
"../../../Engine/Content/VREditor/Sounds/UI/Scaling_Down.ubulk" 1132
"../../../Engine/Content/VREditor/Sounds/UI/Scaling_Down.uasset" 1133
"../../../Engine/Content/VREditor/Sounds/UI/Scaling_Down.uexp" 1134
"../../../Engine/Content/VREditor/Sounds/UI/Scaling_Up.ubulk" 1135
"../../../Engine/Content/VREditor/Sounds/UI/Scaling_Up.uasset" 1136
"../../../Engine/Content/VREditor/Sounds/UI/Scaling_Up.uexp" 1137
"../../../Engine/Content/VREditor/Sounds/UI/Selection_Changes.ubulk" 1138
"../../../Engine/Content/VREditor/Sounds/UI/Selection_Changes.uasset" 1139
"../../../Engine/Content/VREditor/Sounds/UI/Selection_Changes.uexp" 1140
"../../../Engine/Content/VREditor/TransformGizmo/PlaneTranslationHandle.ubulk" 1141
"../../../Engine/Content/VREditor/TransformGizmo/PlaneTranslationHandle.uasset" 1142
"../../../Engine/Content/VREditor/TransformGizmo/PlaneTranslationHandle.uexp" 1143
"../../../Engine/Plugins/Animation/DeformerGraph/Content/DeformerFunctions/DG_Function_LinearBlendSkin_Morph_Cloth.uasset" 1144
"../../../Engine/Plugins/Animation/DeformerGraph/Content/DeformerFunctions/DG_Function_LinearBlendSkin_Morph_Cloth.uexp" 1145
"../../../Engine/Plugins/Animation/DeformerGraph/Content/Deformers/DG_LinearBlendSkin_Morph_Cloth.uasset" 1146
"../../../Engine/Plugins/Animation/DeformerGraph/Content/Deformers/DG_LinearBlendSkin_Morph_Cloth.uexp" 1147
"../../../Engine/Plugins/Animation/DeformerGraph/Content/DeformerFunctions/DG_Function_LinearBlendSkin_Morph_Cloth_PositionOnly.uasset" 1148
"../../../Engine/Plugins/Animation/DeformerGraph/Content/DeformerFunctions/DG_Function_LinearBlendSkin_Morph_Cloth_PositionOnly.uexp" 1149
"../../../Engine/Plugins/Animation/DeformerGraph/Content/DeformerFunctions/DG_Function_ComputeNormalsTangents.uasset" 1150
"../../../Engine/Plugins/Animation/DeformerGraph/Content/DeformerFunctions/DG_Function_ComputeNormalsTangents.uexp" 1151
"../../../Engine/Plugins/Animation/DeformerGraph/Content/Deformers/DG_LinearBlendSkin_Morph_Cloth_RecomputeNormals.uasset" 1152
"../../../Engine/Plugins/Animation/DeformerGraph/Content/Deformers/DG_LinearBlendSkin_Morph_Cloth_RecomputeNormals.uexp" 1153
"../../../Engine/Plugins/NNE/NNEDenoiser/Content/NNEDT_Oidn2-3_Balanced.uasset" 1154
"../../../Engine/Plugins/NNE/NNEDenoiser/Content/NNEDT_Oidn2-3_Balanced.uexp" 1155
"../../../Engine/Plugins/NNE/NNEDenoiser/Content/NNEDT_Oidn2-3_Balanced_Alpha.uasset" 1156
"../../../Engine/Plugins/NNE/NNEDenoiser/Content/NNEDT_Oidn2-3_Balanced_Alpha.uexp" 1157
"../../../Engine/Plugins/NNE/NNEDenoiser/Content/NNED_Oidn2-3_Balanced.uasset" 1158
"../../../Engine/Plugins/NNE/NNEDenoiser/Content/NNED_Oidn2-3_Balanced.uexp" 1159
"../../../Engine/Plugins/NNE/NNEDenoiser/Content/NNED_Oidn2-3_Balanced_Alpha.uasset" 1160
"../../../Engine/Plugins/NNE/NNEDenoiser/Content/NNED_Oidn2-3_Balanced_Alpha.uexp" 1161
"../../../Engine/Plugins/NNE/NNEDenoiser/Content/NNED_Oidn2-3_Fast.uasset" 1162
"../../../Engine/Plugins/NNE/NNEDenoiser/Content/NNED_Oidn2-3_Fast.uexp" 1163
"../../../Engine/Plugins/NNE/NNEDenoiser/Content/NNED_Oidn2-3_Fast_Alpha.uasset" 1164
"../../../Engine/Plugins/NNE/NNEDenoiser/Content/NNED_Oidn2-3_Fast_Alpha.uexp" 1165
"../../../Engine/Plugins/NNE/NNEDenoiser/Content/NNED_Oidn2-3_HighQuality.uasset" 1166
"../../../Engine/Plugins/NNE/NNEDenoiser/Content/NNED_Oidn2-3_HighQuality.uexp" 1167
"../../../Engine/Plugins/NNE/NNEDenoiser/Content/NNED_Oidn2-3_HighQuality_Alpha.uasset" 1168
"../../../Engine/Plugins/NNE/NNEDenoiser/Content/NNED_Oidn2-3_HighQuality_Alpha.uexp" 1169
"../../../Engine/Content/Maps/Entry_BuiltData.uasset" 1170
"../../../Engine/Content/Maps/Entry_BuiltData.uexp" 1171
"../../../Engine/Content/Maps/Entry.uexp" 1172
"../../../Engine/Content/Maps/Entry.umap" 1173
"../../../Engine/Content/EngineSky/T_Sky_Stars.ubulk" 1174
"../../../Engine/Content/EngineSky/T_Sky_Stars.uasset" 1175
"../../../Engine/Content/EngineSky/T_Sky_Stars.uexp" 1176
"../../../Engine/Content/EngineSky/T_Sky_Clouds_M.ubulk" 1177
"../../../Engine/Content/EngineSky/T_Sky_Clouds_M.uasset" 1178
"../../../Engine/Content/EngineSky/T_Sky_Clouds_M.uexp" 1179
"../../../Engine/Content/EngineSky/T_Sky_Blue.ubulk" 1180
"../../../Engine/Content/EngineSky/T_Sky_Blue.uasset" 1181
"../../../Engine/Content/EngineSky/T_Sky_Blue.uexp" 1182
"../../../Engine/Content/EngineSky/M_Sky_Panning_Clouds2.uasset" 1183
"../../../Engine/Content/EngineSky/M_Sky_Panning_Clouds2.uexp" 1184
"../../../Engine/Content/EngineSky/SM_SkySphere.ubulk" 1185
"../../../Engine/Content/EngineSky/SM_SkySphere.uasset" 1186
"../../../Engine/Content/EngineSky/SM_SkySphere.uexp" 1187
"../../../Engine/Content/EngineSky/M_SimpleSkyDome.uasset" 1188
"../../../Engine/Content/EngineSky/M_SimpleSkyDome.uexp" 1189
"../../../Engine/Content/EngineSky/VolumetricClouds/VT_PerlinWorley_Balanced.uasset" 1190
"../../../Engine/Content/EngineSky/VolumetricClouds/VT_PerlinWorley_Balanced.uexp" 1191
"../../../Engine/Content/EngineSky/VolumetricClouds/T_Profile_08.ubulk" 1192
"../../../Engine/Content/EngineSky/VolumetricClouds/T_Profile_08.uasset" 1193
"../../../Engine/Content/EngineSky/VolumetricClouds/T_Profile_08.uexp" 1194
"../../../Engine/Content/EngineSky/VolumetricClouds/T_CloudPattern.ubulk" 1195
"../../../Engine/Content/EngineSky/VolumetricClouds/T_CloudPattern.uasset" 1196
"../../../Engine/Content/EngineSky/VolumetricClouds/T_CloudPattern.uexp" 1197
"../../../Engine/Content/EngineSky/VolumetricClouds/T_CloudMask.ubulk" 1198
"../../../Engine/Content/EngineSky/VolumetricClouds/T_CloudMask.uasset" 1199
"../../../Engine/Content/EngineSky/VolumetricClouds/T_CloudMask.uexp" 1200
"../../../Engine/Content/Functions/Engine_MaterialFunctions02/Utility/BreakOutFloat4Components.uasset" 1201
"../../../Engine/Content/Functions/Engine_MaterialFunctions02/Utility/BreakOutFloat4Components.uexp" 1202
"../../../Engine/Content/Functions/Engine_MaterialFunctions02/Utility/MakeFloat4.uasset" 1203
"../../../Engine/Content/Functions/Engine_MaterialFunctions02/Utility/MakeFloat4.uexp" 1204
"../../../Engine/Content/EngineResources/DefaultVolumeTexture2D.uasset" 1205
"../../../Engine/Content/EngineResources/DefaultVolumeTexture2D.uexp" 1206
"../../../Engine/Content/EngineResources/DefaultVolumeTexture.uasset" 1207
"../../../Engine/Content/EngineResources/DefaultVolumeTexture.uexp" 1208
"../../../Engine/Content/EngineSky/VolumetricClouds/VT_Lightning.uasset" 1209
"../../../Engine/Content/EngineSky/VolumetricClouds/VT_Lightning.uexp" 1210
"../../../Engine/Content/Functions/Engine_MaterialFunctions01/Units/Km-to-Cm.uasset" 1211
"../../../Engine/Content/Functions/Engine_MaterialFunctions01/Units/Km-to-Cm.uexp" 1212
"../../../Engine/Content/EngineSky/VolumetricClouds/m_SimpleVolumetricCloud.uasset" 1213
"../../../Engine/Content/EngineSky/VolumetricClouds/m_SimpleVolumetricCloud.uexp" 1214
"../../../Engine/Content/EngineSky/VolumetricClouds/m_SimpleVolumetricCloud_Inst.uasset" 1215
"../../../Engine/Content/EngineSky/VolumetricClouds/m_SimpleVolumetricCloud_Inst.uexp" 1216
"C:/Users/jessw/Documents/GitHub/CasualProductionDreamTeam/DreamRunner/Content/UI/Settings.uasset" 1217
"C:/Users/jessw/Documents/GitHub/CasualProductionDreamTeam/DreamRunner/Content/UI/Settings.uexp" 1218
"C:/Users/jessw/Documents/GitHub/CasualProductionDreamTeam/DreamRunner/Content/UI/MI_TextWave_Mk2_MM.uasset" 1219
"C:/Users/jessw/Documents/GitHub/CasualProductionDreamTeam/DreamRunner/Content/UI/MI_TextWave_Mk2_MM.uexp" 1220
"C:/Users/jessw/Documents/GitHub/CasualProductionDreamTeam/DreamRunner/Content/UI/Gear_Icon.uasset" 1221
"C:/Users/jessw/Documents/GitHub/CasualProductionDreamTeam/DreamRunner/Content/UI/Gear_Icon.uexp" 1222
"C:/Users/jessw/Documents/GitHub/CasualProductionDreamTeam/DreamRunner/Content/UI/Main_Menu.uasset" 1223
"C:/Users/jessw/Documents/GitHub/CasualProductionDreamTeam/DreamRunner/Content/UI/Main_Menu.uexp" 1224
"C:/Users/jessw/Documents/GitHub/CasualProductionDreamTeam/DreamRunner/Content/Levels/Main_Menu_Level.uexp" 1225
"C:/Users/jessw/Documents/GitHub/CasualProductionDreamTeam/DreamRunner/Content/Levels/Main_Menu_Level.umap" 1226
