"../../../Engine/Plugins/Animation/ACLPlugin/Content/ACLAnimBoneCompressionSettings.uasset" 0
"../../../Engine/Plugins/Animation/ACLPlugin/Content/ACLAnimBoneCompressionSettings.uexp" 1
"../../../Engine/Plugins/2D/Paper2D/Content/PlaceholderTextures/DummySpriteTexture.ubulk" 2
"../../../Engine/Plugins/2D/Paper2D/Content/PlaceholderTextures/DummySpriteTexture.uasset" 3
"../../../Engine/Plugins/2D/Paper2D/Content/PlaceholderTextures/DummySpriteTexture.uexp" 4
"../../../Engine/Plugins/2D/Paper2D/Content/DummySprite.uasset" 5
"../../../Engine/Plugins/2D/Paper2D/Content/DummySprite.uexp" 6
"../../../Engine/Plugins/2D/Paper2D/Content/DefaultPaperTerrainMaterial.uasset" 7
"../../../Engine/Plugins/2D/Paper2D/Content/DefaultPaperTerrainMaterial.uexp" 8
"../../../Engine/Content/EngineSounds/Master.uasset" 9
"../../../Engine/Content/EngineSounds/Master.uexp" 10
"../../../Engine/Content/EngineMaterials/DefaultPhysicalMaterial.uasset" 11
"../../../Engine/Content/EngineMaterials/DefaultPhysicalMaterial.uexp" 12
"../../../Engine/Content/EngineMaterials/DefaultDestructiblePhysicalMaterial.uasset" 13
"../../../Engine/Content/EngineMaterials/DefaultDestructiblePhysicalMaterial.uexp" 14
"../../../Engine/Content/EngineFonts/Faces/DroidSansFallback.uexp" 15
"../../../Engine/Content/EngineFonts/Faces/DroidSansFallback.uasset" 16
"../../../Engine/Content/EngineFonts/Faces/DroidSansFallback.ufont" 17
"../../../Engine/Content/EngineFonts/Faces/RobotoRegular.uexp" 18
"../../../Engine/Content/EngineFonts/Faces/RobotoRegular.uasset" 19
"../../../Engine/Content/EngineFonts/Faces/RobotoRegular.ufont" 20
"../../../Engine/Content/EngineFonts/Faces/RobotoLight.uexp" 21
"../../../Engine/Content/EngineFonts/Faces/RobotoLight.uasset" 22
"../../../Engine/Content/EngineFonts/Faces/RobotoLight.ufont" 23
"../../../Engine/Content/EngineFonts/Faces/RobotoItalic.uexp" 24
"../../../Engine/Content/EngineFonts/Faces/RobotoItalic.uasset" 25
"../../../Engine/Content/EngineFonts/Faces/RobotoItalic.ufont" 26
"../../../Engine/Content/EngineFonts/Faces/RobotoBoldItalic.uexp" 27
"../../../Engine/Content/EngineFonts/Faces/RobotoBoldItalic.uasset" 28
"../../../Engine/Content/EngineFonts/Faces/RobotoBoldItalic.ufont" 29
"../../../Engine/Content/EngineFonts/Faces/RobotoBold.uexp" 30
"../../../Engine/Content/EngineFonts/Faces/RobotoBold.uasset" 31
"../../../Engine/Content/EngineFonts/Faces/RobotoBold.ufont" 32
"../../../Engine/Content/EngineFonts/Roboto.uasset" 33
"../../../Engine/Content/EngineFonts/Roboto.uexp" 34
"../../../Engine/Content/EngineFonts/Faces/DroidSansMono.uexp" 35
"../../../Engine/Content/EngineFonts/Faces/DroidSansMono.uasset" 36
"../../../Engine/Content/EngineFonts/Faces/DroidSansMono.ufont" 37
"../../../Engine/Content/EngineFonts/DroidSansMono.uasset" 38
"../../../Engine/Content/EngineFonts/DroidSansMono.uexp" 39
"../../../Engine/Plugins/Interchange/Runtime/Content/Pipelines/DefaultTexturePipeline.uasset" 40
"../../../Engine/Plugins/Interchange/Runtime/Content/Pipelines/DefaultTexturePipeline.uexp" 41
"../../../Engine/Plugins/Interchange/Runtime/Content/Pipelines/DefaultSceneLevelPipeline.uasset" 42
"../../../Engine/Plugins/Interchange/Runtime/Content/Pipelines/DefaultSceneLevelPipeline.uexp" 43
"../../../Engine/Plugins/Interchange/Runtime/Content/Pipelines/DefaultSceneAssetsPipeline.uasset" 44
"../../../Engine/Plugins/Interchange/Runtime/Content/Pipelines/DefaultSceneAssetsPipeline.uexp" 45
"../../../Engine/Plugins/Interchange/Runtime/Content/Pipelines/DefaultMaterialXPipeline.uasset" 46
"../../../Engine/Plugins/Interchange/Runtime/Content/Pipelines/DefaultMaterialXPipeline.uexp" 47
"../../../Engine/Plugins/Interchange/Runtime/Content/Pipelines/DefaultMaterialPipeline.uasset" 48
"../../../Engine/Plugins/Interchange/Runtime/Content/Pipelines/DefaultMaterialPipeline.uexp" 49
"../../../Engine/Plugins/Interchange/Runtime/Content/Pipelines/DefaultGLTFSceneAssetsPipeline.uasset" 50
"../../../Engine/Plugins/Interchange/Runtime/Content/Pipelines/DefaultGLTFSceneAssetsPipeline.uexp" 51
"../../../Engine/Plugins/Interchange/Runtime/Content/Pipelines/DefaultGLTFPipeline.uasset" 52
"../../../Engine/Plugins/Interchange/Runtime/Content/Pipelines/DefaultGLTFPipeline.uexp" 53
"../../../Engine/Plugins/Interchange/Runtime/Content/Pipelines/DefaultGLTFAssetsPipeline.uasset" 54
"../../../Engine/Plugins/Interchange/Runtime/Content/Pipelines/DefaultGLTFAssetsPipeline.uexp" 55
"../../../Engine/Plugins/Interchange/Runtime/Content/Pipelines/DefaultAssetsPipeline.uasset" 56
"../../../Engine/Plugins/Interchange/Runtime/Content/Pipelines/DefaultAssetsPipeline.uexp" 57
"../../../Engine/Content/EngineResources/GradientTexture0.uasset" 58
"../../../Engine/Content/EngineResources/GradientTexture0.uexp" 59
"../../../Engine/Content/EngineResources/Black.uasset" 60
"../../../Engine/Content/EngineResources/Black.uexp" 61
"../../../Engine/Content/EditorResources/S_Actor.ubulk" 62
"../../../Engine/Content/EditorResources/S_Actor.uasset" 63
"../../../Engine/Content/EditorResources/S_Actor.uexp" 64
"../../../Engine/Plugins/NNE/NNEDenoiser/Content/NNEDTOM_Output_Default.uasset" 65
"../../../Engine/Plugins/NNE/NNEDenoiser/Content/NNEDTOM_Output_Default.uexp" 66
"../../../Engine/Plugins/NNE/NNEDenoiser/Content/NNEDTOM_Output_Alpha.uasset" 67
"../../../Engine/Plugins/NNE/NNEDenoiser/Content/NNEDTOM_Output_Alpha.uexp" 68
"../../../Engine/Plugins/NNE/NNEDenoiser/Content/NNEDTIM_ColorAlbedoNormal_Default.uasset" 69
"../../../Engine/Plugins/NNE/NNEDenoiser/Content/NNEDTIM_ColorAlbedoNormal_Default.uexp" 70
"../../../Engine/Plugins/NNE/NNEDenoiser/Content/NNEDTIM_ColorAlbedoNormal_Alpha.uasset" 71
"../../../Engine/Plugins/NNE/NNEDenoiser/Content/NNEDTIM_ColorAlbedoNormal_Alpha.uexp" 72
"../../../Engine/Plugins/NNE/NNEDenoiser/Content/NNEDOM_Output_Default.uasset" 73
"../../../Engine/Plugins/NNE/NNEDenoiser/Content/NNEDOM_Output_Default.uexp" 74
"../../../Engine/Plugins/NNE/NNEDenoiser/Content/NNEDOM_Output_Alpha.uasset" 75
"../../../Engine/Plugins/NNE/NNEDenoiser/Content/NNEDOM_Output_Alpha.uexp" 76
"../../../Engine/Plugins/NNE/NNEDenoiser/Content/NNEDIM_HighQuality_Default.uasset" 77
"../../../Engine/Plugins/NNE/NNEDenoiser/Content/NNEDIM_HighQuality_Default.uexp" 78
"../../../Engine/Plugins/NNE/NNEDenoiser/Content/NNEDIM_HighQuality_Alpha.uasset" 79
"../../../Engine/Plugins/NNE/NNEDenoiser/Content/NNEDIM_HighQuality_Alpha.uexp" 80
"../../../Engine/Plugins/NNE/NNEDenoiser/Content/NNEDIM_ColorAlbedoNormal_Default.uasset" 81
"../../../Engine/Plugins/NNE/NNEDenoiser/Content/NNEDIM_ColorAlbedoNormal_Default.uexp" 82
"../../../Engine/Plugins/NNE/NNEDenoiser/Content/NNEDIM_ColorAlbedoNormal_Alpha.uasset" 83
"../../../Engine/Plugins/NNE/NNEDenoiser/Content/NNEDIM_ColorAlbedoNormal_Alpha.uexp" 84
"../../../Engine/Content/Functions/Engine_MaterialFunctions02/WorldPositionOffset/CameraOffset.uasset" 85
"../../../Engine/Content/Functions/Engine_MaterialFunctions02/WorldPositionOffset/CameraOffset.uexp" 86
"../../../Engine/Plugins/Animation/ControlRig/Content/M_Manip.uasset" 87
"../../../Engine/Plugins/Animation/ControlRig/Content/M_Manip.uexp" 88
"../../../Engine/Content/EditorResources/S_TriggerSphere.uasset" 89
"../../../Engine/Content/EditorResources/S_TriggerSphere.uexp" 90
"../../../Engine/Content/EditorResources/S_TriggerCapsule.uasset" 91
"../../../Engine/Content/EditorResources/S_TriggerCapsule.uexp" 92
"../../../Engine/Content/EditorResources/S_TriggerBox.uasset" 93
"../../../Engine/Content/EditorResources/S_TriggerBox.uexp" 94
"../../../Engine/Content/EditorResources/S_Trigger.ubulk" 95
"../../../Engine/Content/EditorResources/S_Trigger.uasset" 96
"../../../Engine/Content/EditorResources/S_Trigger.uexp" 97
"../../../Engine/Content/EditorResources/S_Terrain.ubulk" 98
"../../../Engine/Content/EditorResources/S_Terrain.uasset" 99
"../../../Engine/Content/EditorResources/S_Terrain.uexp" 100
"../../../Engine/Content/EditorResources/S_Solver.ubulk" 101
"../../../Engine/Content/EditorResources/S_Solver.uasset" 102
"../../../Engine/Content/EditorResources/S_Solver.uexp" 103
"../../../Engine/Content/EditorResources/S_BoxReflectionCapture.uasset" 104
"../../../Engine/Content/EditorResources/S_BoxReflectionCapture.uexp" 105
"../../../Engine/Content/EditorResources/BSPVertex.uasset" 106
"../../../Engine/Content/EditorResources/BSPVertex.uexp" 107
"../../../Engine/Content/EditorMaterials/PreviewShadowIndicator.ubulk" 108
"../../../Engine/Content/EditorMaterials/PreviewShadowIndicator.uasset" 109
"../../../Engine/Content/EditorMaterials/PreviewShadowIndicator.uexp" 110
"../../../Engine/Content/EditorMaterials/PreviewShadowIndicatorMaterial.uasset" 111
"../../../Engine/Content/EditorMaterials/PreviewShadowIndicatorMaterial.uexp" 112
"../../../Engine/Content/EditorMaterials/PhAT_UnselectedMaterial.uasset" 113
"../../../Engine/Content/EditorMaterials/PhAT_UnselectedMaterial.uexp" 114
"../../../Engine/Content/EditorMaterials/PhAT_NoCollisionMaterial.uasset" 115
"../../../Engine/Content/EditorMaterials/PhAT_NoCollisionMaterial.uexp" 116
"../../../Engine/Content/EditorLandscapeResources/WhiteSquareTexture.uasset" 117
"../../../Engine/Content/EditorLandscapeResources/WhiteSquareTexture.uexp" 118
"../../../Engine/Content/EditorLandscapeResources/LayerVisMaterial.uasset" 119
"../../../Engine/Content/EditorLandscapeResources/LayerVisMaterial.uexp" 120
"../../../Engine/Content/Functions/Engine_MaterialFunctions02/WorldPositionOffset/LocalPosition.uasset" 121
"../../../Engine/Content/Functions/Engine_MaterialFunctions02/WorldPositionOffset/LocalPosition.uexp" 122
"../../../Engine/Content/Functions/Engine_MaterialFunctions02/Utility/BreakOutFloat2Components.uasset" 123
"../../../Engine/Content/Functions/Engine_MaterialFunctions02/Utility/BreakOutFloat2Components.uexp" 124
"../../../Engine/Content/Functions/Engine_MaterialFunctions01/Texturing/ScaleUVsByCenter.uasset" 125
"../../../Engine/Content/Functions/Engine_MaterialFunctions01/Texturing/ScaleUVsByCenter.uexp" 126
"../../../Engine/Content/EngineMaterials/DefaultDiffuse.ubulk" 127
"../../../Engine/Content/EngineMaterials/DefaultDiffuse.uasset" 128
"../../../Engine/Content/EngineMaterials/DefaultDiffuse.uexp" 129
"../../../Engine/Content/Functions/Engine_MaterialFunctions01/Texturing/TextureCropping.uasset" 130
"../../../Engine/Content/Functions/Engine_MaterialFunctions01/Texturing/TextureCropping.uexp" 131
"../../../Engine/Content/Functions/Engine_MaterialFunctions02/ExampleContent/DebugNumberStrip.uasset" 132
"../../../Engine/Content/Functions/Engine_MaterialFunctions02/ExampleContent/DebugNumberStrip.uexp" 133
"../../../Engine/Content/Functions/Engine_MaterialFunctions01/Debug/DebugIntValues.uasset" 134
"../../../Engine/Content/Functions/Engine_MaterialFunctions01/Debug/DebugIntValues.uexp" 135
"../../../Engine/Content/EditorLandscapeResources/LandscapeLayerUsageMaterial.uasset" 136
"../../../Engine/Content/EditorLandscapeResources/LandscapeLayerUsageMaterial.uexp" 137
"../../../Engine/Content/EditorLandscapeResources/DefaultAlphaTexture.uasset" 138
"../../../Engine/Content/EditorLandscapeResources/DefaultAlphaTexture.uexp" 139
"../../../Engine/Content/EditorLandscapeResources/LandscapeDirtyMaterial.uasset" 140
"../../../Engine/Content/EditorLandscapeResources/LandscapeDirtyMaterial.uexp" 141
"../../../Engine/Content/Functions/Engine_MaterialFunctions02/Utility/VectorLength.uasset" 142
"../../../Engine/Content/Functions/Engine_MaterialFunctions02/Utility/VectorLength.uexp" 143
"../../../Engine/Content/Functions/Engine_MaterialFunctions02/Utility/BreakOutFloat3Components.uasset" 144
"../../../Engine/Content/Functions/Engine_MaterialFunctions02/Utility/BreakOutFloat3Components.uexp" 145
"../../../Engine/Content/Functions/Engine_MaterialFunctions02/WorldPositionOffset/ObjectScale.uasset" 146
"../../../Engine/Content/Functions/Engine_MaterialFunctions02/WorldPositionOffset/ObjectScale.uexp" 147
"../../../Engine/Content/Functions/Engine_MaterialFunctions02/SafeNormalize.uasset" 148
"../../../Engine/Content/Functions/Engine_MaterialFunctions02/SafeNormalize.uexp" 149
"../../../Engine/Plugins/Editor/SpeedTreeImporter/Content/SpeedTree9/UnpackInteger3.uasset" 150
"../../../Engine/Plugins/Editor/SpeedTreeImporter/Content/SpeedTree9/UnpackInteger3.uexp" 151
"../../../Engine/Plugins/Editor/SpeedTreeImporter/Content/SpeedTree9/UnpackDirection.uasset" 152
"../../../Engine/Plugins/Editor/SpeedTreeImporter/Content/SpeedTree9/UnpackDirection.uexp" 153
"../../../Engine/Plugins/Editor/SpeedTreeImporter/Content/SpeedTree9/game_wind_noise.ubulk" 154
"../../../Engine/Plugins/Editor/SpeedTreeImporter/Content/SpeedTree9/game_wind_noise.uasset" 155
"../../../Engine/Plugins/Editor/SpeedTreeImporter/Content/SpeedTree9/game_wind_noise.uexp" 156
"../../../Engine/Plugins/Editor/SpeedTreeImporter/Content/SpeedTree9/SpeedTreeWindMotion.uasset" 157
"../../../Engine/Plugins/Editor/SpeedTreeImporter/Content/SpeedTree9/SpeedTreeWindMotion.uexp" 158
"../../../Engine/Plugins/Editor/SpeedTreeImporter/Content/SpeedTree9/SpeedTreeBranchMotion.uasset" 159
"../../../Engine/Plugins/Editor/SpeedTreeImporter/Content/SpeedTree9/SpeedTreeBranchMotion.uexp" 160
"../../../Engine/Content/Functions/Engine_MaterialFunctions02/ObjectLocalBounds.uasset" 161
"../../../Engine/Content/Functions/Engine_MaterialFunctions02/ObjectLocalBounds.uexp" 162
"../../../Engine/Content/Functions/Engine_MaterialFunctions02/UVs/BoundingBoxBased_0-1_UVW.uasset" 163
"../../../Engine/Content/Functions/Engine_MaterialFunctions02/UVs/BoundingBoxBased_0-1_UVW.uexp" 164
"../../../Engine/Plugins/Editor/SpeedTreeImporter/Content/SpeedTree9/SpeedTreeWind.uasset" 165
"../../../Engine/Plugins/Editor/SpeedTreeImporter/Content/SpeedTree9/SpeedTreeWind.uexp" 166
"../../../Engine/Plugins/Editor/SpeedTreeImporter/Content/SpeedTree9/SpeedTreeCameraFacing.uasset" 167
"../../../Engine/Plugins/Editor/SpeedTreeImporter/Content/SpeedTree9/SpeedTreeCameraFacing.uexp" 168
"../../../Engine/Plugins/Editor/SpeedTreeImporter/Content/SpeedTree9/EmptyNormal.uasset" 169
"../../../Engine/Plugins/Editor/SpeedTreeImporter/Content/SpeedTree9/EmptyNormal.uexp" 170
"../../../Engine/Plugins/Editor/SpeedTreeImporter/Content/SpeedTree9/Empty.uasset" 171
"../../../Engine/Plugins/Editor/SpeedTreeImporter/Content/SpeedTree9/Empty.uexp" 172
"../../../Engine/Plugins/Editor/SpeedTreeImporter/Content/SpeedTree9/SpeedTreeMaster.uasset" 173
"../../../Engine/Plugins/Editor/SpeedTreeImporter/Content/SpeedTree9/SpeedTreeMaster.uexp" 174
"../../../Engine/Plugins/Editor/SpeedTreeImporter/Content/SpeedTree9/SpeedTreeBillboard.uasset" 175
"../../../Engine/Plugins/Editor/SpeedTreeImporter/Content/SpeedTree9/SpeedTreeBillboard.uexp" 176
"../../../Engine/Plugins/Editor/SpeedTreeImporter/Content/SpeedTree9/SpeedTreeBillboardMaster.uasset" 177
"../../../Engine/Plugins/Editor/SpeedTreeImporter/Content/SpeedTree9/SpeedTreeBillboardMaster.uexp" 178
"../../../Engine/Plugins/Animation/ControlRig/Content/Controls/ControlRigXRayMaterial.uasset" 179
"../../../Engine/Plugins/Animation/ControlRig/Content/Controls/ControlRigXRayMaterial.uexp" 180
"../../../Engine/Plugins/Animation/ControlRig/Content/Controls/ControlRigGizmoMaterial.uasset" 181
"../../../Engine/Plugins/Animation/ControlRig/Content/Controls/ControlRigGizmoMaterial.uexp" 182
"../../../Engine/Content/EngineResources/DefaultTexture.ubulk" 183
"../../../Engine/Content/EngineResources/DefaultTexture.uasset" 184
"../../../Engine/Content/EngineResources/DefaultTexture.uexp" 185
"../../../Engine/Content/EngineMaterials/RemoveSurfaceMaterial.uasset" 186
"../../../Engine/Content/EngineMaterials/RemoveSurfaceMaterial.uexp" 187
"../../../Engine/Content/EngineMaterials/PreintegratedSkinBRDF.uasset" 188
"../../../Engine/Content/EngineMaterials/PreintegratedSkinBRDF.uexp" 189
"../../../Engine/Content/EngineMaterials/DefaultCalibrationGrayscale.uasset" 190
"../../../Engine/Content/EngineMaterials/DefaultCalibrationGrayscale.uexp" 191
"../../../Engine/Content/EngineMaterials/PPM_DefaultCalibrationGrayscale.uasset" 192
"../../../Engine/Content/EngineMaterials/PPM_DefaultCalibrationGrayscale.uexp" 193
"../../../Engine/Content/EngineMaterials/DefaultCalibrationColor.uasset" 194
"../../../Engine/Content/EngineMaterials/DefaultCalibrationColor.uexp" 195
"../../../Engine/Content/EngineMaterials/PPM_DefaultCalibrationColor.uasset" 196
"../../../Engine/Content/EngineMaterials/PPM_DefaultCalibrationColor.uexp" 197
"../../../Engine/Content/EngineMaterials/PhAT_JointLimitMaterial.uasset" 198
"../../../Engine/Content/EngineMaterials/PhAT_JointLimitMaterial.uexp" 199
"../../../Engine/Content/EngineMaterials/NaniteHiddenSectionMaterial.uasset" 200
"../../../Engine/Content/EngineMaterials/NaniteHiddenSectionMaterial.uexp" 201
"../../../Engine/Content/EngineMaterials/InvalidLightmapSettings.ubulk" 202
"../../../Engine/Content/EngineMaterials/InvalidLightmapSettings.uasset" 203
"../../../Engine/Content/EngineMaterials/InvalidLightmapSettings.uexp" 204
"../../../Engine/Content/EngineMaterials/M_InvalidLightmapSettings.uasset" 205
"../../../Engine/Content/EngineMaterials/M_InvalidLightmapSettings.uexp" 206
"../../../Engine/Content/EngineMaterials/MiniFont.uasset" 207
"../../../Engine/Content/EngineMaterials/MiniFont.uexp" 208
"../../../Engine/Content/EngineMaterials/GizmoMaterial.uasset" 209
"../../../Engine/Content/EngineMaterials/GizmoMaterial.uexp" 210
"../../../Engine/Content/EngineMaterials/Black_1x1_EXR_Texture_VT.ubulk" 211
"../../../Engine/Content/EngineMaterials/Black_1x1_EXR_Texture_VT.uasset" 212
"../../../Engine/Content/EngineMaterials/Black_1x1_EXR_Texture_VT.uexp" 213
"../../../Engine/Content/EngineMaterials/BaseFlattenNormalMap_VT.ubulk" 214
"../../../Engine/Content/EngineMaterials/BaseFlattenNormalMap_VT.uasset" 215
"../../../Engine/Content/EngineMaterials/BaseFlattenNormalMap_VT.uexp" 216
"../../../Engine/Content/EngineMaterials/BaseFlattenLinearColor_VT.ubulk" 217
"../../../Engine/Content/EngineMaterials/BaseFlattenLinearColor_VT.uasset" 218
"../../../Engine/Content/EngineMaterials/BaseFlattenLinearColor_VT.uexp" 219
"../../../Engine/Content/EngineMaterials/BaseFlattenGrayscaleMap_VT.ubulk" 220
"../../../Engine/Content/EngineMaterials/BaseFlattenGrayscaleMap_VT.uasset" 221
"../../../Engine/Content/EngineMaterials/BaseFlattenGrayscaleMap_VT.uexp" 222
"../../../Engine/Content/EngineMaterials/BaseFlattenEmissiveMap_VT.ubulk" 223
"../../../Engine/Content/EngineMaterials/BaseFlattenEmissiveMap_VT.uasset" 224
"../../../Engine/Content/EngineMaterials/BaseFlattenEmissiveMap_VT.uexp" 225
"../../../Engine/Content/EngineMaterials/BaseFlattenDiffuseMap_VT.ubulk" 226
"../../../Engine/Content/EngineMaterials/BaseFlattenDiffuseMap_VT.uasset" 227
"../../../Engine/Content/EngineMaterials/BaseFlattenDiffuseMap_VT.uexp" 228
"../../../Engine/Content/EngineMaterials/FlattenMaterial_WS_Normal_VT.uasset" 229
"../../../Engine/Content/EngineMaterials/FlattenMaterial_WS_Normal_VT.uexp" 230
"../../../Engine/Content/EngineMaterials/FlattenMaterial_VT.uasset" 231
"../../../Engine/Content/EngineMaterials/FlattenMaterial_VT.uexp" 232
"../../../Engine/Content/EngineMaterials/BaseFlattenNormalMap.uasset" 233
"../../../Engine/Content/EngineMaterials/BaseFlattenNormalMap.uexp" 234
"../../../Engine/Content/EngineMaterials/BaseFlattenDiffuseMap.uasset" 235
"../../../Engine/Content/EngineMaterials/BaseFlattenDiffuseMap.uexp" 236
"../../../Engine/Content/EngineMaterials/BaseFlattenEmissiveMap.uasset" 237
"../../../Engine/Content/EngineMaterials/BaseFlattenEmissiveMap.uexp" 238
"../../../Engine/Content/EngineMaterials/BaseFlattenGrayscaleMap.uasset" 239
"../../../Engine/Content/EngineMaterials/BaseFlattenGrayscaleMap.uexp" 240
"../../../Engine/Content/EngineMaterials/BaseFlattenLinearColor.uasset" 241
"../../../Engine/Content/EngineMaterials/BaseFlattenLinearColor.uexp" 242
"../../../Engine/Content/Functions/Engine_MaterialFunctions02/PivotPainter2/Black_1x1_EXR_Texture.uasset" 243
"../../../Engine/Content/Functions/Engine_MaterialFunctions02/PivotPainter2/Black_1x1_EXR_Texture.uexp" 244
"../../../Engine/Content/EngineMaterials/FlattenMaterial.uasset" 245
"../../../Engine/Content/EngineMaterials/FlattenMaterial.uexp" 246
"../../../Engine/Content/EngineMaterials/FastBlueNoise_vec2_128x128x64.uasset" 247
"../../../Engine/Content/EngineMaterials/FastBlueNoise_vec2_128x128x64.uexp" 248
"../../../Engine/Content/EngineMaterials/FastBlueNoise_scalar_128x128x8.uasset" 249
"../../../Engine/Content/EngineMaterials/FastBlueNoise_scalar_128x128x8.uexp" 250
"../../../Engine/Content/EngineMaterials/FastBlueNoise_scalar_128x128x64.uasset" 251
"../../../Engine/Content/EngineMaterials/FastBlueNoise_scalar_128x128x64.uexp" 252
"../../../Engine/Content/EngineMaterials/DefaultWhiteGrid_Low.uasset" 253
"../../../Engine/Content/EngineMaterials/DefaultWhiteGrid_Low.uexp" 254
"../../../Engine/Content/EngineMaterials/EmissiveMeshMaterial.uasset" 255
"../../../Engine/Content/EngineMaterials/EmissiveMeshMaterial.uexp" 256
"../../../Engine/Content/EngineMaterials/DefaultWhiteGrid.ubulk" 257
"../../../Engine/Content/EngineMaterials/DefaultWhiteGrid.uasset" 258
"../../../Engine/Content/EngineMaterials/DefaultWhiteGrid.uexp" 259
"../../../Engine/Content/EngineFonts/RobotoDistanceField.uasset" 260
"../../../Engine/Content/EngineFonts/RobotoDistanceField.uexp" 261
"../../../Engine/Content/EngineMaterials/DefaultTextMaterialOpaque.uasset" 262
"../../../Engine/Content/EngineMaterials/DefaultTextMaterialOpaque.uexp" 263
"../../../Engine/Content/EngineMaterials/DefaultPostProcessMaterial.uasset" 264
"../../../Engine/Content/EngineMaterials/DefaultPostProcessMaterial.uexp" 265
"../../../Engine/Content/EngineMaterials/DefaultLightFunctionMaterial.uasset" 266
"../../../Engine/Content/EngineMaterials/DefaultLightFunctionMaterial.uexp" 267
"../../../Engine/Content/EngineMaterials/DefaultDeferredDecalMaterial.uasset" 268
"../../../Engine/Content/EngineMaterials/DefaultDeferredDecalMaterial.uexp" 269
"../../../Engine/Content/EngineMaterials/DefaultBokeh.uasset" 270
"../../../Engine/Content/EngineMaterials/DefaultBokeh.uexp" 271
"../../../Engine/Content/EngineMaterials/DefaultBloomKernel.uasset" 272
"../../../Engine/Content/EngineMaterials/DefaultBloomKernel.uexp" 273
"../../../Engine/Content/Functions/Engine_MaterialFunctions02/Utility/CameraDirectionVector.uasset" 274
"../../../Engine/Content/Functions/Engine_MaterialFunctions02/Utility/CameraDirectionVector.uexp" 275
"../../../Engine/Content/EngineDebugMaterials/VolumeToRender.uasset" 276
"../../../Engine/Content/EngineDebugMaterials/VolumeToRender.uexp" 277
"../../../Engine/Content/EngineDebugMaterials/M_VolumeRenderSphereTracePP.uasset" 278
"../../../Engine/Content/EngineDebugMaterials/M_VolumeRenderSphereTracePP.uexp" 279
"../../../Engine/Content/EngineDebugMaterials/M_SimpleUnlitTranslucent.uasset" 280
"../../../Engine/Content/EngineDebugMaterials/M_SimpleUnlitTranslucent.uexp" 281
"../../../Engine/Content/EngineDebugMaterials/DebugMeshMaterial.uasset" 282
"../../../Engine/Content/EngineDebugMaterials/DebugMeshMaterial.uexp" 283
"../../../Engine/Content/EngineDebugMaterials/DebugEditorMaterial.uasset" 284
"../../../Engine/Content/EngineDebugMaterials/DebugEditorMaterial.uexp" 285
"../../../Engine/Content/EngineDamageTypes/DmgTypeBP_Environmental.uasset" 286
"../../../Engine/Content/EngineDamageTypes/DmgTypeBP_Environmental.uexp" 287
"C:/Users/jessw/Documents/GitHub/CasualProductionDreamTeam/DreamRunner/Content/Audio/Ethereal_Style.ubulk" 288
"C:/Users/jessw/Documents/GitHub/CasualProductionDreamTeam/DreamRunner/Content/Audio/Ethereal_Style.uasset" 289
"C:/Users/jessw/Documents/GitHub/CasualProductionDreamTeam/DreamRunner/Content/Audio/Ethereal_Style.uexp" 290
"../../../Engine/Plugins/VirtualProduction/CameraCalibrationCore/Content/Materials/M_DefaultOddSquare.uasset" 291
"../../../Engine/Plugins/VirtualProduction/CameraCalibrationCore/Content/Materials/M_DefaultOddSquare.uexp" 292
"../../../Engine/Plugins/VirtualProduction/CameraCalibrationCore/Content/Materials/M_DefaultEvenSquare.uasset" 293
"../../../Engine/Plugins/VirtualProduction/CameraCalibrationCore/Content/Materials/M_DefaultEvenSquare.uexp" 294
"../../../Engine/Plugins/Runtime/HairStrands/Content/Materials/HairMeshesDefaultMaterial.uasset" 295
"../../../Engine/Plugins/Runtime/HairStrands/Content/Materials/HairMeshesDefaultMaterial.uexp" 296
"../../../Engine/Plugins/Runtime/HairStrands/Content/Materials/HairDefaultMaterial.uasset" 297
"../../../Engine/Plugins/Runtime/HairStrands/Content/Materials/HairDefaultMaterial.uexp" 298
"../../../Engine/Content/Functions/Engine_MaterialFunctions02/Utility/MakeFloat2.uasset" 299
"../../../Engine/Content/Functions/Engine_MaterialFunctions02/Utility/MakeFloat2.uexp" 300
"../../../Engine/Content/Functions/Engine_MaterialFunctions02/Utility/MakeFloat3.uasset" 301
"../../../Engine/Content/Functions/Engine_MaterialFunctions02/Utility/MakeFloat3.uexp" 302
"../../../Engine/Content/EngineMaterials/HairDebugColor.uasset" 303
"../../../Engine/Content/EngineMaterials/HairDebugColor.uexp" 304
"../../../Engine/Content/EngineMaterials/HairColorMap.uasset" 305
"../../../Engine/Content/EngineMaterials/HairColorMap.uexp" 306
"../../../Engine/Plugins/Runtime/HairStrands/Content/Materials/HairGroupColors.uasset" 307
"../../../Engine/Plugins/Runtime/HairStrands/Content/Materials/HairGroupColors.uexp" 308
"../../../Engine/Plugins/Runtime/HairStrands/Content/Materials/HairDebugMaterial.uasset" 309
"../../../Engine/Plugins/Runtime/HairStrands/Content/Materials/HairDebugMaterial.uexp" 310
"../../../Engine/Plugins/Runtime/HairStrands/Content/Materials/HairCardsDefaultMaterial.uasset" 311
"../../../Engine/Plugins/Runtime/HairStrands/Content/Materials/HairCardsDefaultMaterial.uexp" 312
"../../../Engine/Plugins/Runtime/AudioWidgets/Content/Resources/ScrubHandleDown_Clamped.uasset" 313
"../../../Engine/Plugins/Runtime/AudioWidgets/Content/Resources/ScrubHandleDown_Clamped.uexp" 314
"../../../Engine/Plugins/Interchange/Assets/Content/Functions/MX_UsdPreviewSurface.uasset" 315
"../../../Engine/Plugins/Interchange/Assets/Content/Functions/MX_UsdPreviewSurface.uexp" 316
"../../../Engine/Plugins/Interchange/Assets/Content/Functions/MX_UniformEDF.uasset" 317
"../../../Engine/Plugins/Interchange/Assets/Content/Functions/MX_UniformEDF.uexp" 318
"../../../Engine/Plugins/Interchange/Assets/Content/Functions/MX_TranslucentBSDF.uasset" 319
"../../../Engine/Plugins/Interchange/Assets/Content/Functions/MX_TranslucentBSDF.uexp" 320
"../../../Engine/Plugins/Interchange/Assets/Content/Functions/MX_ThinFilmBSDF.uasset" 321
"../../../Engine/Plugins/Interchange/Assets/Content/Functions/MX_ThinFilmBSDF.uexp" 322
"../../../Engine/Plugins/Interchange/Assets/Content/Functions/MX_SurfaceUnlit.uasset" 323
"../../../Engine/Plugins/Interchange/Assets/Content/Functions/MX_SurfaceUnlit.uexp" 324
"../../../Engine/Plugins/Interchange/Assets/Content/Functions/MX_Surface.uasset" 325
"../../../Engine/Plugins/Interchange/Assets/Content/Functions/MX_Surface.uexp" 326
"../../../Engine/Plugins/Interchange/Assets/Content/Functions/MX_SubsurfaceBSDF.uasset" 327
"../../../Engine/Plugins/Interchange/Assets/Content/Functions/MX_SubsurfaceBSDF.uexp" 328
"../../../Engine/Plugins/Interchange/Assets/Content/Functions/MX_SheenBSDF.uasset" 329
"../../../Engine/Plugins/Interchange/Assets/Content/Functions/MX_SheenBSDF.uexp" 330
"../../../Engine/Plugins/Interchange/Assets/Content/Functions/MX_OrenNayarBSDF.uasset" 331
"../../../Engine/Plugins/Interchange/Assets/Content/Functions/MX_OrenNayarBSDF.uexp" 332
"../../../Engine/Plugins/Interchange/Assets/Content/Functions/MF_IridescenceNoLUT.uasset" 333
"../../../Engine/Plugins/Interchange/Assets/Content/Functions/MF_IridescenceNoLUT.uexp" 334
"../../../Engine/Plugins/Interchange/Assets/Content/Functions/MX_StandardSurface.uasset" 335
"../../../Engine/Plugins/Interchange/Assets/Content/Functions/MX_StandardSurface.uexp" 336
"../../../Engine/Plugins/Interchange/Assets/Content/Functions/MX_TransmissionSurface.uasset" 337
"../../../Engine/Plugins/Interchange/Assets/Content/Functions/MX_TransmissionSurface.uexp" 338
"../../../Engine/Plugins/Interchange/Assets/Content/Functions/MX_OpenPBR_Translucent.uasset" 339
"../../../Engine/Plugins/Interchange/Assets/Content/Functions/MX_OpenPBR_Translucent.uexp" 340
"../../../Engine/Plugins/Interchange/Assets/Content/Functions/MX_OpenPBR_Opaque.uasset" 341
"../../../Engine/Plugins/Interchange/Assets/Content/Functions/MX_OpenPBR_Opaque.uexp" 342
"../../../Engine/Plugins/Interchange/Assets/Content/Functions/MX_MeasuredEDF.uasset" 343
"../../../Engine/Plugins/Interchange/Assets/Content/Functions/MX_MeasuredEDF.uexp" 344
"../../../Engine/Plugins/Interchange/Assets/Content/Functions/MX_GeneralizedSchlickBSDF.uasset" 345
"../../../Engine/Plugins/Interchange/Assets/Content/Functions/MX_GeneralizedSchlickBSDF.uexp" 346
"../../../Engine/Plugins/Interchange/Assets/Content/Functions/MX_Displacement.uasset" 347
"../../../Engine/Plugins/Interchange/Assets/Content/Functions/MX_Displacement.uexp" 348
"../../../Engine/Plugins/Interchange/Assets/Content/Functions/MX_DielectricBSDF.uasset" 349
"../../../Engine/Plugins/Interchange/Assets/Content/Functions/MX_DielectricBSDF.uexp" 350
"../../../Engine/Plugins/Interchange/Assets/Content/Functions/MX_ConicalEDF.uasset" 351
"../../../Engine/Plugins/Interchange/Assets/Content/Functions/MX_ConicalEDF.uexp" 352
"../../../Engine/Plugins/Interchange/Assets/Content/Functions/MX_ConductorBSDF.uasset" 353
"../../../Engine/Plugins/Interchange/Assets/Content/Functions/MX_ConductorBSDF.uexp" 354
"../../../Engine/Plugins/Interchange/Assets/Content/Functions/MX_BurleyDiffuseBSDF.uasset" 355
"../../../Engine/Plugins/Interchange/Assets/Content/Functions/MX_BurleyDiffuseBSDF.uexp" 356
"../../../Engine/Plugins/Interchange/Assets/Content/Functions/MX_AnisotropicVDF.uasset" 357
"../../../Engine/Plugins/Interchange/Assets/Content/Functions/MX_AnisotropicVDF.uexp" 358
"../../../Engine/Plugins/Interchange/Assets/Content/Functions/MX_AbsorptionVDF.uasset" 359
"../../../Engine/Plugins/Interchange/Assets/Content/Functions/MX_AbsorptionVDF.uexp" 360
"../../../Engine/Content/EditorMaterials/ParticleSystems/PSysThumbnail_OOD.ubulk" 361
"../../../Engine/Content/EditorMaterials/ParticleSystems/PSysThumbnail_OOD.uasset" 362
"../../../Engine/Content/EditorMaterials/ParticleSystems/PSysThumbnail_OOD.uexp" 363
"../../../Engine/Content/EditorMaterials/ParticleSystems/PSysThumbnail_NoImage.ubulk" 364
"../../../Engine/Content/EditorMaterials/ParticleSystems/PSysThumbnail_NoImage.uasset" 365
"../../../Engine/Content/EditorMaterials/ParticleSystems/PSysThumbnail_NoImage.uexp" 366
"../../../Engine/Content/EditorMaterials/Dataflow/DataflowVertexMaterial.uasset" 367
"../../../Engine/Content/EditorMaterials/Dataflow/DataflowVertexMaterial.uexp" 368
"../../../Engine/Content/EditorMaterials/Dataflow/DataflowTwoSidedVertexMaterial.uasset" 369
"../../../Engine/Content/EditorMaterials/Dataflow/DataflowTwoSidedVertexMaterial.uexp" 370
"../../../Engine/Content/EngineResources/FilmGrains/Marcie_Grain_v3_128_M2_000.uasset" 371
"../../../Engine/Content/EngineResources/FilmGrains/Marcie_Grain_v3_128_M2_000.uexp" 372
"../../../Engine/Content/EngineResources/Development/ZenLogo_64.uasset" 373
"../../../Engine/Content/EngineResources/Development/ZenLogo_64.uexp" 374
"../../../Engine/Content/EngineMaterials/LTC/Sheen_LTC.uasset" 375
"../../../Engine/Content/EngineMaterials/LTC/Sheen_LTC.uexp" 376
"../../../Engine/Content/EngineMaterials/LTC/GGX_LTCMat.uasset" 377
"../../../Engine/Content/EngineMaterials/LTC/GGX_LTCMat.uexp" 378
"../../../Engine/Content/EngineMaterials/LTC/GGX_LTCAmp.uasset" 379
"../../../Engine/Content/EngineMaterials/LTC/GGX_LTCAmp.uexp" 380
"../../../Engine/Content/EngineMaterials/EnergyConservation/Sheen_Energy.uasset" 381
"../../../Engine/Content/EngineMaterials/EnergyConservation/Sheen_Energy.uexp" 382
"../../../Engine/Content/EngineMaterials/EnergyConservation/SheenLegacy_Energy.uasset" 383
"../../../Engine/Content/EngineMaterials/EnergyConservation/SheenLegacy_Energy.uexp" 384
"../../../Engine/Content/EngineMaterials/EnergyConservation/GGX_TransmissionEnergyArray.uasset" 385
"../../../Engine/Content/EngineMaterials/EnergyConservation/GGX_TransmissionEnergyArray.uexp" 386
"../../../Engine/Content/EngineMaterials/EnergyConservation/GGX_ReflectionEnergy.uasset" 387
"../../../Engine/Content/EngineMaterials/EnergyConservation/GGX_ReflectionEnergy.uexp" 388
"../../../Engine/Content/EngineMaterials/EnergyConservation/Diffuse_Energy.uasset" 389
"../../../Engine/Content/EngineMaterials/EnergyConservation/Diffuse_Energy.uexp" 390
"../../../Engine/Content/EditorResources/SequenceRecorder/RecordingIndicator.uasset" 391
"../../../Engine/Content/EditorResources/SequenceRecorder/RecordingIndicator.uexp" 392
"../../../Engine/Content/EditorResources/SequenceRecorder/Countdown.uasset" 393
"../../../Engine/Content/EditorResources/SequenceRecorder/Countdown.uexp" 394
"../../../Engine/Content/Functions/Engine_MaterialFunctions01/Shading/PowerToRoughness.uasset" 395
"../../../Engine/Content/Functions/Engine_MaterialFunctions01/Shading/PowerToRoughness.uexp" 396
"../../../Engine/Content/Functions/Engine_MaterialFunctions01/Shading/ConvertFromDiffSpec.uasset" 397
"../../../Engine/Content/Functions/Engine_MaterialFunctions01/Shading/ConvertFromDiffSpec.uexp" 398
"../../../Engine/Content/EngineMaterials/T_Default_Material_Grid_M.ubulk" 399
"../../../Engine/Content/EngineMaterials/T_Default_Material_Grid_M.uasset" 400
"../../../Engine/Content/EngineMaterials/T_Default_Material_Grid_M.uexp" 401
"../../../Engine/Content/Functions/Engine_MaterialFunctions01/Opacity/CameraDepthFade.uasset" 402
"../../../Engine/Content/Functions/Engine_MaterialFunctions01/Opacity/CameraDepthFade.uexp" 403
"../../../Engine/Content/EngineMaterials/T_Default_Material_Grid_N.ubulk" 404
"../../../Engine/Content/EngineMaterials/T_Default_Material_Grid_N.uasset" 405
"../../../Engine/Content/EngineMaterials/T_Default_Material_Grid_N.uexp" 406
"../../../Engine/Content/EngineMaterials/WorldGridMaterial.uasset" 407
"../../../Engine/Content/EngineMaterials/WorldGridMaterial.uexp" 408
"../../../Engine/Content/ArtTools/RenderToTexture/Meshes/S_1_Unit_Plane.ubulk" 409
"../../../Engine/Content/ArtTools/RenderToTexture/Meshes/S_1_Unit_Plane.uasset" 410
"../../../Engine/Content/ArtTools/RenderToTexture/Meshes/S_1_Unit_Plane.uexp" 411
"../../../Engine/Content/VREditor/TransformGizmo/TranslucentTransformGizmoMaterial.uasset" 412
"../../../Engine/Content/VREditor/TransformGizmo/TranslucentTransformGizmoMaterial.uexp" 413
"../../../Engine/Content/VREditor/LaserPointer/VR_LaserPower_01.ubulk" 414
"../../../Engine/Content/VREditor/LaserPointer/VR_LaserPower_01.uasset" 415
"../../../Engine/Content/VREditor/LaserPointer/VR_LaserPower_01.uexp" 416
"../../../Engine/Content/VREditor/TransformGizmo/TransformGizmoMaterial.uasset" 417
"../../../Engine/Content/VREditor/TransformGizmo/TransformGizmoMaterial.uexp" 418
"../../../Engine/Content/VREditor/TransformGizmo/BoundingBoxCorner.ubulk" 419
"../../../Engine/Content/VREditor/TransformGizmo/BoundingBoxCorner.uasset" 420
"../../../Engine/Content/VREditor/TransformGizmo/BoundingBoxCorner.uexp" 421
"../../../Engine/Content/VREditor/TransformGizmo/BoundingBoxEdge.ubulk" 422
"../../../Engine/Content/VREditor/TransformGizmo/BoundingBoxEdge.uasset" 423
"../../../Engine/Content/VREditor/TransformGizmo/BoundingBoxEdge.uexp" 424
"../../../Engine/Content/VREditor/TransformGizmo/Xray.uasset" 425
"../../../Engine/Content/VREditor/TransformGizmo/Xray.uexp" 426
"../../../Engine/Content/VREditor/TransformGizmo/Main.uasset" 427
"../../../Engine/Content/VREditor/TransformGizmo/Main.uexp" 428
"../../../Engine/Content/VREditor/TransformGizmo/SM_Sequencer_Node.ubulk" 429
"../../../Engine/Content/VREditor/TransformGizmo/SM_Sequencer_Node.uasset" 430
"../../../Engine/Content/VREditor/TransformGizmo/SM_Sequencer_Node.uexp" 431
"../../../Engine/Content/EditorMaterials/Camera/CineMat.uasset" 432
"../../../Engine/Content/EditorMaterials/Camera/CineMat.uexp" 433
"../../../Engine/Content/EditorMaterials/Camera/MI_CineMat_Rig.uasset" 434
"../../../Engine/Content/EditorMaterials/Camera/MI_CineMat_Rig.uexp" 435
"../../../Engine/Content/EditorMeshes/Camera/SM_CraneRig_Arm.ubulk" 436
"../../../Engine/Content/EditorMeshes/Camera/SM_CraneRig_Arm.uasset" 437
"../../../Engine/Content/EditorMeshes/Camera/SM_CraneRig_Arm.uexp" 438
"../../../Engine/Content/EditorMeshes/Camera/SM_CraneRig_Base.ubulk" 439
"../../../Engine/Content/EditorMeshes/Camera/SM_CraneRig_Base.uasset" 440
"../../../Engine/Content/EditorMeshes/Camera/SM_CraneRig_Base.uexp" 441
"../../../Engine/Content/EditorMeshes/Camera/SM_CraneRig_Body.ubulk" 442
"../../../Engine/Content/EditorMeshes/Camera/SM_CraneRig_Body.uasset" 443
"../../../Engine/Content/EditorMeshes/Camera/SM_CraneRig_Body.uexp" 444
"../../../Engine/Content/EditorMeshes/Camera/SM_CraneRig_Mount.ubulk" 445
"../../../Engine/Content/EditorMeshes/Camera/SM_CraneRig_Mount.uasset" 446
"../../../Engine/Content/EditorMeshes/Camera/SM_CraneRig_Mount.uexp" 447
"../../../Engine/Content/EditorMeshes/Camera/SM_RailRig_Mount.ubulk" 448
"../../../Engine/Content/EditorMeshes/Camera/SM_RailRig_Mount.uasset" 449
"../../../Engine/Content/EditorMeshes/Camera/SM_RailRig_Mount.uexp" 450
"../../../Engine/Content/EditorMeshes/Camera/SM_RailRig_Track.ubulk" 451
"../../../Engine/Content/EditorMeshes/Camera/SM_RailRig_Track.uasset" 452
"../../../Engine/Content/EditorMeshes/Camera/SM_RailRig_Track.uexp" 453
"../../../Engine/Plugins/Animation/ControlRig/Content/Controls/ControlRig_Arrow2_1mm.ubulk" 454
"../../../Engine/Plugins/Animation/ControlRig/Content/Controls/ControlRig_Arrow2_1mm.uasset" 455
"../../../Engine/Plugins/Animation/ControlRig/Content/Controls/ControlRig_Arrow2_1mm.uexp" 456
"../../../Engine/Plugins/Animation/ControlRig/Content/Controls/ControlRig_Arrow2_3mm.ubulk" 457
"../../../Engine/Plugins/Animation/ControlRig/Content/Controls/ControlRig_Arrow2_3mm.uasset" 458
"../../../Engine/Plugins/Animation/ControlRig/Content/Controls/ControlRig_Arrow2_3mm.uexp" 459
"../../../Engine/Plugins/Animation/ControlRig/Content/Controls/ControlRig_Arrow2_solid.ubulk" 460
"../../../Engine/Plugins/Animation/ControlRig/Content/Controls/ControlRig_Arrow2_solid.uasset" 461
"../../../Engine/Plugins/Animation/ControlRig/Content/Controls/ControlRig_Arrow2_solid.uexp" 462
"../../../Engine/Plugins/Animation/ControlRig/Content/Controls/ControlRig_Arrow4_1mm.ubulk" 463
"../../../Engine/Plugins/Animation/ControlRig/Content/Controls/ControlRig_Arrow4_1mm.uasset" 464
"../../../Engine/Plugins/Animation/ControlRig/Content/Controls/ControlRig_Arrow4_1mm.uexp" 465
"../../../Engine/Plugins/Animation/ControlRig/Content/Controls/ControlRig_Arrow4_3mm.ubulk" 466
"../../../Engine/Plugins/Animation/ControlRig/Content/Controls/ControlRig_Arrow4_3mm.uasset" 467
"../../../Engine/Plugins/Animation/ControlRig/Content/Controls/ControlRig_Arrow4_3mm.uexp" 468
"../../../Engine/Plugins/Animation/ControlRig/Content/Controls/ControlRig_Arrow4_solid.ubulk" 469
"../../../Engine/Plugins/Animation/ControlRig/Content/Controls/ControlRig_Arrow4_solid.uasset" 470
"../../../Engine/Plugins/Animation/ControlRig/Content/Controls/ControlRig_Arrow4_solid.uexp" 471
"../../../Engine/Plugins/Animation/ControlRig/Content/Controls/ControlRig_Arrow_1mm.ubulk" 472
"../../../Engine/Plugins/Animation/ControlRig/Content/Controls/ControlRig_Arrow_1mm.uasset" 473
"../../../Engine/Plugins/Animation/ControlRig/Content/Controls/ControlRig_Arrow_1mm.uexp" 474
"../../../Engine/Plugins/Animation/ControlRig/Content/Controls/ControlRig_Arrow_3mm.ubulk" 475
"../../../Engine/Plugins/Animation/ControlRig/Content/Controls/ControlRig_Arrow_3mm.uasset" 476
"../../../Engine/Plugins/Animation/ControlRig/Content/Controls/ControlRig_Arrow_3mm.uexp" 477
"../../../Engine/Plugins/Animation/ControlRig/Content/Controls/ControlRig_Arrow_solid.ubulk" 478
"../../../Engine/Plugins/Animation/ControlRig/Content/Controls/ControlRig_Arrow_solid.uasset" 479
"../../../Engine/Plugins/Animation/ControlRig/Content/Controls/ControlRig_Arrow_solid.uexp" 480
"../../../Engine/Plugins/Animation/ControlRig/Content/Controls/ControlRig_Box_1mm.ubulk" 481
"../../../Engine/Plugins/Animation/ControlRig/Content/Controls/ControlRig_Box_1mm.uasset" 482
"../../../Engine/Plugins/Animation/ControlRig/Content/Controls/ControlRig_Box_1mm.uexp" 483
"../../../Engine/Plugins/Animation/ControlRig/Content/Controls/ControlRig_Box_3mm.ubulk" 484
"../../../Engine/Plugins/Animation/ControlRig/Content/Controls/ControlRig_Box_3mm.uasset" 485
"../../../Engine/Plugins/Animation/ControlRig/Content/Controls/ControlRig_Box_3mm.uexp" 486
"../../../Engine/Plugins/Animation/ControlRig/Content/Controls/ControlRig_Box_solid.ubulk" 487
"../../../Engine/Plugins/Animation/ControlRig/Content/Controls/ControlRig_Box_solid.uasset" 488
"../../../Engine/Plugins/Animation/ControlRig/Content/Controls/ControlRig_Box_solid.uexp" 489
"../../../Engine/Plugins/Animation/ControlRig/Content/Controls/ControlRig_Circle_1mm.ubulk" 490
"../../../Engine/Plugins/Animation/ControlRig/Content/Controls/ControlRig_Circle_1mm.uasset" 491
"../../../Engine/Plugins/Animation/ControlRig/Content/Controls/ControlRig_Circle_1mm.uexp" 492
"../../../Engine/Plugins/Animation/ControlRig/Content/Controls/ControlRig_Circle_3mm.ubulk" 493
"../../../Engine/Plugins/Animation/ControlRig/Content/Controls/ControlRig_Circle_3mm.uasset" 494
"../../../Engine/Plugins/Animation/ControlRig/Content/Controls/ControlRig_Circle_3mm.uexp" 495
"../../../Engine/Plugins/Animation/ControlRig/Content/Controls/ControlRig_Circle_solid.ubulk" 496
"../../../Engine/Plugins/Animation/ControlRig/Content/Controls/ControlRig_Circle_solid.uasset" 497
"../../../Engine/Plugins/Animation/ControlRig/Content/Controls/ControlRig_Circle_solid.uexp" 498
"../../../Engine/Plugins/Animation/ControlRig/Content/Controls/ControlRig_Diamond_1mm.ubulk" 499
"../../../Engine/Plugins/Animation/ControlRig/Content/Controls/ControlRig_Diamond_1mm.uasset" 500
"../../../Engine/Plugins/Animation/ControlRig/Content/Controls/ControlRig_Diamond_1mm.uexp" 501
"../../../Engine/Plugins/Animation/ControlRig/Content/Controls/ControlRig_Diamond_3mm.ubulk" 502
"../../../Engine/Plugins/Animation/ControlRig/Content/Controls/ControlRig_Diamond_3mm.uasset" 503
"../../../Engine/Plugins/Animation/ControlRig/Content/Controls/ControlRig_Diamond_3mm.uexp" 504
"../../../Engine/Plugins/Animation/ControlRig/Content/Controls/ControlRig_Diamond_solid.ubulk" 505
"../../../Engine/Plugins/Animation/ControlRig/Content/Controls/ControlRig_Diamond_solid.uasset" 506
"../../../Engine/Plugins/Animation/ControlRig/Content/Controls/ControlRig_Diamond_solid.uexp" 507
"../../../Engine/Plugins/Animation/ControlRig/Content/Controls/ControlRig_HalfCircle_1mm.ubulk" 508
"../../../Engine/Plugins/Animation/ControlRig/Content/Controls/ControlRig_HalfCircle_1mm.uasset" 509
"../../../Engine/Plugins/Animation/ControlRig/Content/Controls/ControlRig_HalfCircle_1mm.uexp" 510
"../../../Engine/Plugins/Animation/ControlRig/Content/Controls/ControlRig_HalfCircle_3mm.ubulk" 511
"../../../Engine/Plugins/Animation/ControlRig/Content/Controls/ControlRig_HalfCircle_3mm.uasset" 512
"../../../Engine/Plugins/Animation/ControlRig/Content/Controls/ControlRig_HalfCircle_3mm.uexp" 513
"../../../Engine/Plugins/Animation/ControlRig/Content/Controls/ControlRig_HalfCircle_solid.ubulk" 514
"../../../Engine/Plugins/Animation/ControlRig/Content/Controls/ControlRig_HalfCircle_solid.uasset" 515
"../../../Engine/Plugins/Animation/ControlRig/Content/Controls/ControlRig_HalfCircle_solid.uexp" 516
"../../../Engine/Plugins/Animation/ControlRig/Content/Controls/ControlRig_Hexagon_1mm.ubulk" 517
"../../../Engine/Plugins/Animation/ControlRig/Content/Controls/ControlRig_Hexagon_1mm.uasset" 518
"../../../Engine/Plugins/Animation/ControlRig/Content/Controls/ControlRig_Hexagon_1mm.uexp" 519
"../../../Engine/Plugins/Animation/ControlRig/Content/Controls/ControlRig_Hexagon_3mm.ubulk" 520
"../../../Engine/Plugins/Animation/ControlRig/Content/Controls/ControlRig_Hexagon_3mm.uasset" 521
"../../../Engine/Plugins/Animation/ControlRig/Content/Controls/ControlRig_Hexagon_3mm.uexp" 522
"../../../Engine/Plugins/Animation/ControlRig/Content/Controls/ControlRig_Hexagon_solid.ubulk" 523
"../../../Engine/Plugins/Animation/ControlRig/Content/Controls/ControlRig_Hexagon_solid.uasset" 524
"../../../Engine/Plugins/Animation/ControlRig/Content/Controls/ControlRig_Hexagon_solid.uexp" 525
"../../../Engine/Plugins/Animation/ControlRig/Content/Controls/ControlRig_Octagon_1mm.ubulk" 526
"../../../Engine/Plugins/Animation/ControlRig/Content/Controls/ControlRig_Octagon_1mm.uasset" 527
"../../../Engine/Plugins/Animation/ControlRig/Content/Controls/ControlRig_Octagon_1mm.uexp" 528
"../../../Engine/Plugins/Animation/ControlRig/Content/Controls/ControlRig_Octagon_3mm.ubulk" 529
"../../../Engine/Plugins/Animation/ControlRig/Content/Controls/ControlRig_Octagon_3mm.uasset" 530
"../../../Engine/Plugins/Animation/ControlRig/Content/Controls/ControlRig_Octagon_3mm.uexp" 531
"../../../Engine/Plugins/Animation/ControlRig/Content/Controls/ControlRig_Octagon_solid.ubulk" 532
"../../../Engine/Plugins/Animation/ControlRig/Content/Controls/ControlRig_Octagon_solid.uasset" 533
"../../../Engine/Plugins/Animation/ControlRig/Content/Controls/ControlRig_Octagon_solid.uexp" 534
"../../../Engine/Plugins/Animation/ControlRig/Content/Controls/ControlRig_Pyramid_1mm.ubulk" 535
"../../../Engine/Plugins/Animation/ControlRig/Content/Controls/ControlRig_Pyramid_1mm.uasset" 536
"../../../Engine/Plugins/Animation/ControlRig/Content/Controls/ControlRig_Pyramid_1mm.uexp" 537
"../../../Engine/Plugins/Animation/ControlRig/Content/Controls/ControlRig_Pyramid_3mm.ubulk" 538
"../../../Engine/Plugins/Animation/ControlRig/Content/Controls/ControlRig_Pyramid_3mm.uasset" 539
"../../../Engine/Plugins/Animation/ControlRig/Content/Controls/ControlRig_Pyramid_3mm.uexp" 540
"../../../Engine/Plugins/Animation/ControlRig/Content/Controls/ControlRig_Pyramid_solid.ubulk" 541
"../../../Engine/Plugins/Animation/ControlRig/Content/Controls/ControlRig_Pyramid_solid.uasset" 542
"../../../Engine/Plugins/Animation/ControlRig/Content/Controls/ControlRig_Pyramid_solid.uexp" 543
"../../../Engine/Plugins/Animation/ControlRig/Content/Controls/ControlRig_QuarterCircle_1mm.ubulk" 544
"../../../Engine/Plugins/Animation/ControlRig/Content/Controls/ControlRig_QuarterCircle_1mm.uasset" 545
"../../../Engine/Plugins/Animation/ControlRig/Content/Controls/ControlRig_QuarterCircle_1mm.uexp" 546
"../../../Engine/Plugins/Animation/ControlRig/Content/Controls/ControlRig_QuarterCircle_3mm.ubulk" 547
"../../../Engine/Plugins/Animation/ControlRig/Content/Controls/ControlRig_QuarterCircle_3mm.uasset" 548
"../../../Engine/Plugins/Animation/ControlRig/Content/Controls/ControlRig_QuarterCircle_3mm.uexp" 549
"../../../Engine/Plugins/Animation/ControlRig/Content/Controls/ControlRig_QuarterCircle_solid.ubulk" 550
"../../../Engine/Plugins/Animation/ControlRig/Content/Controls/ControlRig_QuarterCircle_solid.uasset" 551
"../../../Engine/Plugins/Animation/ControlRig/Content/Controls/ControlRig_QuarterCircle_solid.uexp" 552
"../../../Engine/Plugins/Animation/ControlRig/Content/Controls/ControlRig_RoundedSquare_1mm.ubulk" 553
"../../../Engine/Plugins/Animation/ControlRig/Content/Controls/ControlRig_RoundedSquare_1mm.uasset" 554
"../../../Engine/Plugins/Animation/ControlRig/Content/Controls/ControlRig_RoundedSquare_1mm.uexp" 555
"../../../Engine/Plugins/Animation/ControlRig/Content/Controls/ControlRig_RoundedSquare_3mm.ubulk" 556
"../../../Engine/Plugins/Animation/ControlRig/Content/Controls/ControlRig_RoundedSquare_3mm.uasset" 557
"../../../Engine/Plugins/Animation/ControlRig/Content/Controls/ControlRig_RoundedSquare_3mm.uexp" 558
"../../../Engine/Plugins/Animation/ControlRig/Content/Controls/ControlRig_RoundedSquare_solid.ubulk" 559
"../../../Engine/Plugins/Animation/ControlRig/Content/Controls/ControlRig_RoundedSquare_solid.uasset" 560
"../../../Engine/Plugins/Animation/ControlRig/Content/Controls/ControlRig_RoundedSquare_solid.uexp" 561
"../../../Engine/Plugins/Animation/ControlRig/Content/Controls/ControlRig_RoundedTriangle_1mm.ubulk" 562
"../../../Engine/Plugins/Animation/ControlRig/Content/Controls/ControlRig_RoundedTriangle_1mm.uasset" 563
"../../../Engine/Plugins/Animation/ControlRig/Content/Controls/ControlRig_RoundedTriangle_1mm.uexp" 564
"../../../Engine/Plugins/Animation/ControlRig/Content/Controls/ControlRig_RoundedTriangle_3mm.ubulk" 565
"../../../Engine/Plugins/Animation/ControlRig/Content/Controls/ControlRig_RoundedTriangle_3mm.uasset" 566
"../../../Engine/Plugins/Animation/ControlRig/Content/Controls/ControlRig_RoundedTriangle_3mm.uexp" 567
"../../../Engine/Plugins/Animation/ControlRig/Content/Controls/ControlRig_RoundedTriangle_solid.ubulk" 568
"../../../Engine/Plugins/Animation/ControlRig/Content/Controls/ControlRig_RoundedTriangle_solid.uasset" 569
"../../../Engine/Plugins/Animation/ControlRig/Content/Controls/ControlRig_RoundedTriangle_solid.uexp" 570
"../../../Engine/Plugins/Animation/ControlRig/Content/Controls/ControlRig_Sphere_1mm.ubulk" 571
"../../../Engine/Plugins/Animation/ControlRig/Content/Controls/ControlRig_Sphere_1mm.uasset" 572
"../../../Engine/Plugins/Animation/ControlRig/Content/Controls/ControlRig_Sphere_1mm.uexp" 573
"../../../Engine/Plugins/Animation/ControlRig/Content/Controls/ControlRig_Sphere_3mm.ubulk" 574
"../../../Engine/Plugins/Animation/ControlRig/Content/Controls/ControlRig_Sphere_3mm.uasset" 575
"../../../Engine/Plugins/Animation/ControlRig/Content/Controls/ControlRig_Sphere_3mm.uexp" 576
"../../../Engine/Plugins/Animation/ControlRig/Content/Controls/ControlRig_Sphere_solid.ubulk" 577
"../../../Engine/Plugins/Animation/ControlRig/Content/Controls/ControlRig_Sphere_solid.uasset" 578
"../../../Engine/Plugins/Animation/ControlRig/Content/Controls/ControlRig_Sphere_solid.uexp" 579
"../../../Engine/Plugins/Animation/ControlRig/Content/Controls/ControlRig_Square_1mm.ubulk" 580
"../../../Engine/Plugins/Animation/ControlRig/Content/Controls/ControlRig_Square_1mm.uasset" 581
"../../../Engine/Plugins/Animation/ControlRig/Content/Controls/ControlRig_Square_1mm.uexp" 582
"../../../Engine/Plugins/Animation/ControlRig/Content/Controls/ControlRig_Square_3mm.ubulk" 583
"../../../Engine/Plugins/Animation/ControlRig/Content/Controls/ControlRig_Square_3mm.uasset" 584
"../../../Engine/Plugins/Animation/ControlRig/Content/Controls/ControlRig_Square_3mm.uexp" 585
"../../../Engine/Plugins/Animation/ControlRig/Content/Controls/ControlRig_Square_solid.ubulk" 586
"../../../Engine/Plugins/Animation/ControlRig/Content/Controls/ControlRig_Square_solid.uasset" 587
"../../../Engine/Plugins/Animation/ControlRig/Content/Controls/ControlRig_Square_solid.uexp" 588
"../../../Engine/Plugins/Animation/ControlRig/Content/Controls/ControlRig_Star4_1mm.ubulk" 589
"../../../Engine/Plugins/Animation/ControlRig/Content/Controls/ControlRig_Star4_1mm.uasset" 590
"../../../Engine/Plugins/Animation/ControlRig/Content/Controls/ControlRig_Star4_1mm.uexp" 591
"../../../Engine/Plugins/Animation/ControlRig/Content/Controls/ControlRig_Star4_3mm.ubulk" 592
"../../../Engine/Plugins/Animation/ControlRig/Content/Controls/ControlRig_Star4_3mm.uasset" 593
"../../../Engine/Plugins/Animation/ControlRig/Content/Controls/ControlRig_Star4_3mm.uexp" 594
"../../../Engine/Plugins/Animation/ControlRig/Content/Controls/ControlRig_Star4_solid.ubulk" 595
"../../../Engine/Plugins/Animation/ControlRig/Content/Controls/ControlRig_Star4_solid.uasset" 596
"../../../Engine/Plugins/Animation/ControlRig/Content/Controls/ControlRig_Star4_solid.uexp" 597
"../../../Engine/Plugins/Animation/ControlRig/Content/Controls/ControlRig_Triangle_1mm.ubulk" 598
"../../../Engine/Plugins/Animation/ControlRig/Content/Controls/ControlRig_Triangle_1mm.uasset" 599
"../../../Engine/Plugins/Animation/ControlRig/Content/Controls/ControlRig_Triangle_1mm.uexp" 600
"../../../Engine/Plugins/Animation/ControlRig/Content/Controls/ControlRig_Triangle_3mm.ubulk" 601
"../../../Engine/Plugins/Animation/ControlRig/Content/Controls/ControlRig_Triangle_3mm.uasset" 602
"../../../Engine/Plugins/Animation/ControlRig/Content/Controls/ControlRig_Triangle_3mm.uexp" 603
"../../../Engine/Plugins/Animation/ControlRig/Content/Controls/ControlRig_Triangle_solid.ubulk" 604
"../../../Engine/Plugins/Animation/ControlRig/Content/Controls/ControlRig_Triangle_solid.uasset" 605
"../../../Engine/Plugins/Animation/ControlRig/Content/Controls/ControlRig_Triangle_solid.uexp" 606
"../../../Engine/Plugins/Animation/ControlRig/Content/Controls/ControlRig_Wedge_1mm.ubulk" 607
"../../../Engine/Plugins/Animation/ControlRig/Content/Controls/ControlRig_Wedge_1mm.uasset" 608
"../../../Engine/Plugins/Animation/ControlRig/Content/Controls/ControlRig_Wedge_1mm.uexp" 609
"../../../Engine/Plugins/Animation/ControlRig/Content/Controls/ControlRig_Wedge_3mm.ubulk" 610
"../../../Engine/Plugins/Animation/ControlRig/Content/Controls/ControlRig_Wedge_3mm.uasset" 611
"../../../Engine/Plugins/Animation/ControlRig/Content/Controls/ControlRig_Wedge_3mm.uexp" 612
"../../../Engine/Plugins/Animation/ControlRig/Content/Controls/ControlRig_Wedge_solid.ubulk" 613
"../../../Engine/Plugins/Animation/ControlRig/Content/Controls/ControlRig_Wedge_solid.uasset" 614
"../../../Engine/Plugins/Animation/ControlRig/Content/Controls/ControlRig_Wedge_solid.uexp" 615
"../../../Engine/Content/EditorLandscapeResources/SplineEditorMeshMat.uasset" 616
"../../../Engine/Content/EditorLandscapeResources/SplineEditorMeshMat.uexp" 617
"../../../Engine/Content/EditorLandscapeResources/SplineEditorMesh.ubulk" 618
"../../../Engine/Content/EditorLandscapeResources/SplineEditorMesh.uasset" 619
"../../../Engine/Content/EditorLandscapeResources/SplineEditorMesh.uexp" 620
"../../../Engine/Content/EngineMaterials/DefaultMaterial.uasset" 621
"../../../Engine/Content/EngineMaterials/DefaultMaterial.uexp" 622
"../../../Engine/Content/BasicShapes/Cone.ubulk" 623
"../../../Engine/Content/BasicShapes/Cone.uasset" 624
"../../../Engine/Content/BasicShapes/Cone.uexp" 625
"../../../Engine/Content/BasicShapes/Cube.ubulk" 626
"../../../Engine/Content/BasicShapes/Cube.uasset" 627
"../../../Engine/Content/BasicShapes/Cube.uexp" 628
"../../../Engine/Content/BasicShapes/Cylinder.ubulk" 629
"../../../Engine/Content/BasicShapes/Cylinder.uasset" 630
"../../../Engine/Content/BasicShapes/Cylinder.uexp" 631
"../../../Engine/Content/BasicShapes/Sphere.ubulk" 632
"../../../Engine/Content/BasicShapes/Sphere.uasset" 633
"../../../Engine/Content/BasicShapes/Sphere.uexp" 634
"../../../Engine/Plugins/Media/MediaPlate/Content/SM_MediaPlateScreen.ubulk" 635
"../../../Engine/Plugins/Media/MediaPlate/Content/SM_MediaPlateScreen.uasset" 636
"../../../Engine/Plugins/Media/MediaPlate/Content/SM_MediaPlateScreen.uexp" 637
"../../../Engine/Content/EngineResources/DefaultTextureCube.uasset" 638
"../../../Engine/Content/EngineResources/DefaultTextureCube.uexp" 639
"../../../Engine/Content/EngineMaterials/Substrate/GLints/AGlintTex2dArray.uasset" 640
"../../../Engine/Content/EngineMaterials/Substrate/GLints/AGlintTex2dArray.uexp" 641
"../../../Engine/Content/EngineMaterials/Substrate/Glints2/AGlintTex2dArray2.uasset" 642
"../../../Engine/Content/EngineMaterials/Substrate/Glints2/AGlintTex2dArray2.uexp" 643
"../../../Engine/Content/EngineMaterials/Substrate/Volume/SubstrateSimpleVolumeEnvLUT3D.uasset" 644
"../../../Engine/Content/EngineMaterials/Substrate/Volume/SubstrateSimpleVolumeEnvLUT3D.uexp" 645
"../../../Engine/Content/EngineMaterials/Substrate/Volume/SubstrateSimpleVolumeLUT3D.uasset" 646
"../../../Engine/Content/EngineMaterials/Substrate/Volume/SubstrateSimpleVolumeLUT3D.uexp" 647
"../../../Engine/Plugins/Interchange/Assets/Content/Utilities/New_LUT.uasset" 648
"../../../Engine/Plugins/Interchange/Assets/Content/Utilities/New_LUT.uexp" 649
"../../../Engine/Content/Functions/Engine_MaterialFunctions03/Math/RemapValueRange.uasset" 650
"../../../Engine/Content/Functions/Engine_MaterialFunctions03/Math/RemapValueRange.uexp" 651
"../../../Engine/Plugins/Interchange/Assets/Content/Functions/MF_Iridescence.uasset" 652
"../../../Engine/Plugins/Interchange/Assets/Content/Functions/MF_Iridescence.uexp" 653
"../../../Engine/Plugins/Interchange/Assets/Content/gltf/Textures/T_White_srgb.uasset" 654
"../../../Engine/Plugins/Interchange/Assets/Content/gltf/Textures/T_White_srgb.uexp" 655
"../../../Engine/Plugins/Interchange/Assets/Content/gltf/MaterialFunctions/MF_BaseColor.uasset" 656
"../../../Engine/Plugins/Interchange/Assets/Content/gltf/MaterialFunctions/MF_BaseColor.uexp" 657
"../../../Engine/Plugins/Interchange/Assets/Content/gltf/MaterialFunctions/MF_RotateV2.uasset" 658
"../../../Engine/Plugins/Interchange/Assets/Content/gltf/MaterialFunctions/MF_RotateV2.uexp" 659
"../../../Engine/Plugins/Interchange/Assets/Content/gltf/MaterialFunctions/MF_TransformUVs.uasset" 660
"../../../Engine/Plugins/Interchange/Assets/Content/gltf/MaterialFunctions/MF_TransformUVs.uexp" 661
"../../../Engine/Content/Functions/Engine_MaterialFunctions02/Math/Transform3x3Matrix.uasset" 662
"../../../Engine/Content/Functions/Engine_MaterialFunctions02/Math/Transform3x3Matrix.uexp" 663
"../../../Engine/Plugins/Interchange/Assets/Content/gltf/MaterialFunctions/MF_IOR.uasset" 664
"../../../Engine/Plugins/Interchange/Assets/Content/gltf/MaterialFunctions/MF_IOR.uexp" 665
"../../../Engine/Plugins/Interchange/Assets/Content/gltf/MaterialFunctions/MF_Iridescence.uasset" 666
"../../../Engine/Plugins/Interchange/Assets/Content/gltf/MaterialFunctions/MF_Iridescence.uexp" 667
"../../../Engine/Plugins/Interchange/Assets/Content/gltf/Textures/T_White_Linear.uasset" 668
"../../../Engine/Plugins/Interchange/Assets/Content/gltf/Textures/T_White_Linear.uexp" 669
"../../../Engine/Plugins/Interchange/Assets/Content/gltf/MaterialFunctions/MF_MetallicRoughness.uasset" 670
"../../../Engine/Plugins/Interchange/Assets/Content/gltf/MaterialFunctions/MF_MetallicRoughness.uexp" 671
"../../../Engine/Plugins/Interchange/Assets/Content/gltf/MaterialFunctions/MF_RotateNormals_TS.uasset" 672
"../../../Engine/Plugins/Interchange/Assets/Content/gltf/MaterialFunctions/MF_RotateNormals_TS.uexp" 673
"../../../Engine/Plugins/Interchange/Assets/Content/gltf/MaterialFunctions/MF_ScaleNormal.uasset" 674
"../../../Engine/Plugins/Interchange/Assets/Content/gltf/MaterialFunctions/MF_ScaleNormal.uexp" 675
"../../../Engine/Plugins/Interchange/Assets/Content/gltf/Textures/T_Generic_N.uasset" 676
"../../../Engine/Plugins/Interchange/Assets/Content/gltf/Textures/T_Generic_N.uexp" 677
"../../../Engine/Plugins/Interchange/Assets/Content/gltf/MaterialFunctions/MF_Normals.uasset" 678
"../../../Engine/Plugins/Interchange/Assets/Content/gltf/MaterialFunctions/MF_Normals.uexp" 679
"../../../Engine/Plugins/Interchange/Assets/Content/gltf/MaterialFunctions/MF_Occlusion.uasset" 680
"../../../Engine/Plugins/Interchange/Assets/Content/gltf/MaterialFunctions/MF_Occlusion.uexp" 681
"../../../Engine/Plugins/Interchange/Assets/Content/gltf/MaterialFunctions/MF_Specular.uasset" 682
"../../../Engine/Plugins/Interchange/Assets/Content/gltf/MaterialFunctions/MF_Specular.uexp" 683
"../../../Engine/Plugins/Interchange/Assets/Content/gltf/Textures/T_Anisotropy_Direction_Linear.uasset" 684
"../../../Engine/Plugins/Interchange/Assets/Content/gltf/Textures/T_Anisotropy_Direction_Linear.uexp" 685
"../../../Engine/Plugins/Interchange/Assets/Content/gltf/MaterialFunctions/MF_SpecularAnisotropy.uasset" 686
"../../../Engine/Plugins/Interchange/Assets/Content/gltf/MaterialFunctions/MF_SpecularAnisotropy.uexp" 687
"../../../Engine/Plugins/Interchange/Assets/Content/gltf/MaterialFunctions/MF_Emissive.uasset" 688
"../../../Engine/Plugins/Interchange/Assets/Content/gltf/MaterialFunctions/MF_Emissive.uexp" 689
"../../../Engine/Content/Functions/Engine_MaterialFunctions01/Texturing/FlattenNormal.uasset" 690
"../../../Engine/Content/Functions/Engine_MaterialFunctions01/Texturing/FlattenNormal.uexp" 691
"../../../Engine/Plugins/Interchange/Assets/Content/gltf/MaterialFunctions/MF_Clearcoat.uasset" 692
"../../../Engine/Plugins/Interchange/Assets/Content/gltf/MaterialFunctions/MF_Clearcoat.uexp" 693
"../../../Engine/Plugins/Interchange/Assets/Content/gltf/MaterialBodies/MF_ClearCoat_Body.uasset" 694
"../../../Engine/Plugins/Interchange/Assets/Content/gltf/MaterialBodies/MF_ClearCoat_Body.uexp" 695
"../../../Engine/Plugins/Interchange/Assets/Content/gltf/M_ClearCoat.uasset" 696
"../../../Engine/Plugins/Interchange/Assets/Content/gltf/M_ClearCoat.uexp" 697
"../../../Engine/Plugins/Interchange/Assets/Content/gltf/MaterialInstances/MI_ClearCoat_Blend.uasset" 698
"../../../Engine/Plugins/Interchange/Assets/Content/gltf/MaterialInstances/MI_ClearCoat_Blend.uexp" 699
"../../../Engine/Plugins/Interchange/Assets/Content/gltf/MaterialInstances/MI_ClearCoat_Blend_DS.uasset" 700
"../../../Engine/Plugins/Interchange/Assets/Content/gltf/MaterialInstances/MI_ClearCoat_Blend_DS.uexp" 701
"../../../Engine/Plugins/Interchange/Assets/Content/gltf/MaterialInstances/MI_ClearCoat_Mask.uasset" 702
"../../../Engine/Plugins/Interchange/Assets/Content/gltf/MaterialInstances/MI_ClearCoat_Mask.uexp" 703
"../../../Engine/Plugins/Interchange/Assets/Content/gltf/MaterialInstances/MI_ClearCoat_Mask_DS.uasset" 704
"../../../Engine/Plugins/Interchange/Assets/Content/gltf/MaterialInstances/MI_ClearCoat_Mask_DS.uexp" 705
"../../../Engine/Plugins/Interchange/Assets/Content/gltf/MaterialInstances/MI_ClearCoat_Opaque.uasset" 706
"../../../Engine/Plugins/Interchange/Assets/Content/gltf/MaterialInstances/MI_ClearCoat_Opaque.uexp" 707
"../../../Engine/Plugins/Interchange/Assets/Content/gltf/MaterialInstances/MI_ClearCoat_Opaque_DS.uasset" 708
"../../../Engine/Plugins/Interchange/Assets/Content/gltf/MaterialInstances/MI_ClearCoat_Opaque_DS.uexp" 709
"../../../Engine/Plugins/Interchange/Assets/Content/gltf/MaterialBodies/MF_Default_Body.uasset" 710
"../../../Engine/Plugins/Interchange/Assets/Content/gltf/MaterialBodies/MF_Default_Body.uexp" 711
"../../../Engine/Plugins/Interchange/Assets/Content/gltf/M_Default.uasset" 712
"../../../Engine/Plugins/Interchange/Assets/Content/gltf/M_Default.uexp" 713
"../../../Engine/Plugins/Interchange/Assets/Content/gltf/MaterialInstances/MI_Default_Blend.uasset" 714
"../../../Engine/Plugins/Interchange/Assets/Content/gltf/MaterialInstances/MI_Default_Blend.uexp" 715
"../../../Engine/Plugins/Interchange/Assets/Content/gltf/MaterialInstances/MI_Default_Blend_DS.uasset" 716
"../../../Engine/Plugins/Interchange/Assets/Content/gltf/MaterialInstances/MI_Default_Blend_DS.uexp" 717
"../../../Engine/Plugins/Interchange/Assets/Content/gltf/MaterialInstances/MI_Default_Mask.uasset" 718
"../../../Engine/Plugins/Interchange/Assets/Content/gltf/MaterialInstances/MI_Default_Mask.uexp" 719
"../../../Engine/Plugins/Interchange/Assets/Content/gltf/MaterialInstances/MI_Default_Mask_DS.uasset" 720
"../../../Engine/Plugins/Interchange/Assets/Content/gltf/MaterialInstances/MI_Default_Mask_DS.uexp" 721
"../../../Engine/Plugins/Interchange/Assets/Content/gltf/MaterialInstances/MI_Default_Opaque.uasset" 722
"../../../Engine/Plugins/Interchange/Assets/Content/gltf/MaterialInstances/MI_Default_Opaque.uexp" 723
"../../../Engine/Plugins/Interchange/Assets/Content/gltf/MaterialInstances/MI_Default_Opaque_DS.uasset" 724
"../../../Engine/Plugins/Interchange/Assets/Content/gltf/MaterialInstances/MI_Default_Opaque_DS.uexp" 725
"../../../Engine/Plugins/Interchange/Assets/Content/gltf/MaterialFunctions/MF_Sheen.uasset" 726
"../../../Engine/Plugins/Interchange/Assets/Content/gltf/MaterialFunctions/MF_Sheen.uexp" 727
"../../../Engine/Plugins/Interchange/Assets/Content/gltf/MaterialBodies/MF_Sheen_Body.uasset" 728
"../../../Engine/Plugins/Interchange/Assets/Content/gltf/MaterialBodies/MF_Sheen_Body.uexp" 729
"../../../Engine/Plugins/Interchange/Assets/Content/gltf/M_Sheen.uasset" 730
"../../../Engine/Plugins/Interchange/Assets/Content/gltf/M_Sheen.uexp" 731
"../../../Engine/Plugins/Interchange/Assets/Content/gltf/MaterialInstances/MI_Sheen_Blend.uasset" 732
"../../../Engine/Plugins/Interchange/Assets/Content/gltf/MaterialInstances/MI_Sheen_Blend.uexp" 733
"../../../Engine/Plugins/Interchange/Assets/Content/gltf/MaterialInstances/MI_Sheen_Blend_DS.uasset" 734
"../../../Engine/Plugins/Interchange/Assets/Content/gltf/MaterialInstances/MI_Sheen_Blend_DS.uexp" 735
"../../../Engine/Plugins/Interchange/Assets/Content/gltf/MaterialInstances/MI_Sheen_Mask.uasset" 736
"../../../Engine/Plugins/Interchange/Assets/Content/gltf/MaterialInstances/MI_Sheen_Mask.uexp" 737
"../../../Engine/Plugins/Interchange/Assets/Content/gltf/MaterialInstances/MI_Sheen_Mask_DS.uasset" 738
"../../../Engine/Plugins/Interchange/Assets/Content/gltf/MaterialInstances/MI_Sheen_Mask_DS.uexp" 739
"../../../Engine/Plugins/Interchange/Assets/Content/gltf/MaterialInstances/MI_Sheen_Opaque.uasset" 740
"../../../Engine/Plugins/Interchange/Assets/Content/gltf/MaterialInstances/MI_Sheen_Opaque.uexp" 741
"../../../Engine/Plugins/Interchange/Assets/Content/gltf/MaterialInstances/MI_Sheen_Opaque_DS.uasset" 742
"../../../Engine/Plugins/Interchange/Assets/Content/gltf/MaterialInstances/MI_Sheen_Opaque_DS.uexp" 743
"../../../Engine/Content/Functions/Engine_MaterialFunctions02/Math/AddComponents.uasset" 744
"../../../Engine/Content/Functions/Engine_MaterialFunctions02/Math/AddComponents.uexp" 745
"../../../Engine/Plugins/Interchange/Assets/Content/gltf/MaterialFunctions/MF_DiffuseSpecGloss.uasset" 746
"../../../Engine/Plugins/Interchange/Assets/Content/gltf/MaterialFunctions/MF_DiffuseSpecGloss.uexp" 747
"../../../Engine/Plugins/Interchange/Assets/Content/gltf/MaterialFunctions/MF_MaxComponentValue.uasset" 748
"../../../Engine/Plugins/Interchange/Assets/Content/gltf/MaterialFunctions/MF_MaxComponentValue.uexp" 749
"../../../Engine/Plugins/Interchange/Assets/Content/gltf/MaterialFunctions/MF_PerceivedBrightness.uasset" 750
"../../../Engine/Plugins/Interchange/Assets/Content/gltf/MaterialFunctions/MF_PerceivedBrightness.uexp" 751
"../../../Engine/Plugins/Interchange/Assets/Content/gltf/MaterialFunctions/MF_SpecGlossToMetalRoughness.uasset" 752
"../../../Engine/Plugins/Interchange/Assets/Content/gltf/MaterialFunctions/MF_SpecGlossToMetalRoughness.uexp" 753
"../../../Engine/Plugins/Interchange/Assets/Content/gltf/MaterialBodies/MF_SpecularGlossiness_Body.uasset" 754
"../../../Engine/Plugins/Interchange/Assets/Content/gltf/MaterialBodies/MF_SpecularGlossiness_Body.uexp" 755
"../../../Engine/Plugins/Interchange/Assets/Content/gltf/M_SpecularGlossiness.uasset" 756
"../../../Engine/Plugins/Interchange/Assets/Content/gltf/M_SpecularGlossiness.uexp" 757
"../../../Engine/Plugins/Interchange/Assets/Content/gltf/MaterialInstances/MI_SpecularGlossiness_Blend.uasset" 758
"../../../Engine/Plugins/Interchange/Assets/Content/gltf/MaterialInstances/MI_SpecularGlossiness_Blend.uexp" 759
"../../../Engine/Plugins/Interchange/Assets/Content/gltf/MaterialInstances/MI_SpecularGlossiness_Blend_DS.uasset" 760
"../../../Engine/Plugins/Interchange/Assets/Content/gltf/MaterialInstances/MI_SpecularGlossiness_Blend_DS.uexp" 761
"../../../Engine/Plugins/Interchange/Assets/Content/gltf/MaterialInstances/MI_SpecularGlossiness_Mask.uasset" 762
"../../../Engine/Plugins/Interchange/Assets/Content/gltf/MaterialInstances/MI_SpecularGlossiness_Mask.uexp" 763
"../../../Engine/Plugins/Interchange/Assets/Content/gltf/MaterialInstances/MI_SpecularGlossiness_Mask_DS.uasset" 764
"../../../Engine/Plugins/Interchange/Assets/Content/gltf/MaterialInstances/MI_SpecularGlossiness_Mask_DS.uexp" 765
"../../../Engine/Plugins/Interchange/Assets/Content/gltf/MaterialInstances/MI_SpecularGlossiness_Opaque.uasset" 766
"../../../Engine/Plugins/Interchange/Assets/Content/gltf/MaterialInstances/MI_SpecularGlossiness_Opaque.uexp" 767
"../../../Engine/Plugins/Interchange/Assets/Content/gltf/MaterialInstances/MI_SpecularGlossiness_Opaque_DS.uasset" 768
"../../../Engine/Plugins/Interchange/Assets/Content/gltf/MaterialInstances/MI_SpecularGlossiness_Opaque_DS.uexp" 769
"../../../Engine/Content/EngineMaterials/Good64x64TilingNoiseHighFreq.uasset" 770
"../../../Engine/Content/EngineMaterials/Good64x64TilingNoiseHighFreq.uexp" 771
"../../../Engine/Content/Functions/Engine_MaterialFunctions02/Texturing/ScreenAlignedPixelToPixelUVs.uasset" 772
"../../../Engine/Content/Functions/Engine_MaterialFunctions02/Texturing/ScreenAlignedPixelToPixelUVs.uexp" 773
"../../../Engine/Plugins/Interchange/Assets/Content/gltf/MaterialFunctions/MF_Fresnel_DS.uasset" 774
"../../../Engine/Plugins/Interchange/Assets/Content/gltf/MaterialFunctions/MF_Fresnel_DS.uexp" 775
"../../../Engine/Plugins/Interchange/Assets/Content/gltf/MaterialFunctions/MF_Temporal_Blur.uasset" 776
"../../../Engine/Plugins/Interchange/Assets/Content/gltf/MaterialFunctions/MF_Temporal_Blur.uexp" 777
"../../../Engine/Plugins/Interchange/Assets/Content/gltf/MaterialFunctions/MF_Transmission.uasset" 778
"../../../Engine/Plugins/Interchange/Assets/Content/gltf/MaterialFunctions/MF_Transmission.uexp" 779
"../../../Engine/Plugins/Interchange/Assets/Content/gltf/MaterialBodies/MF_Transmission_Body.uasset" 780
"../../../Engine/Plugins/Interchange/Assets/Content/gltf/MaterialBodies/MF_Transmission_Body.uexp" 781
"../../../Engine/Plugins/Interchange/Assets/Content/gltf/M_Transmission.uasset" 782
"../../../Engine/Plugins/Interchange/Assets/Content/gltf/M_Transmission.uexp" 783
"../../../Engine/Plugins/Interchange/Assets/Content/gltf/MaterialInstances/MI_Transmission.uasset" 784
"../../../Engine/Plugins/Interchange/Assets/Content/gltf/MaterialInstances/MI_Transmission.uexp" 785
"../../../Engine/Plugins/Interchange/Assets/Content/gltf/MaterialInstances/MI_Transmission_DS.uasset" 786
"../../../Engine/Plugins/Interchange/Assets/Content/gltf/MaterialInstances/MI_Transmission_DS.uexp" 787
"../../../Engine/Plugins/Interchange/Assets/Content/gltf/MaterialBodies/MF_Unlit_Body.uasset" 788
"../../../Engine/Plugins/Interchange/Assets/Content/gltf/MaterialBodies/MF_Unlit_Body.uexp" 789
"../../../Engine/Plugins/Interchange/Assets/Content/gltf/M_Unlit.uasset" 790
"../../../Engine/Plugins/Interchange/Assets/Content/gltf/M_Unlit.uexp" 791
"../../../Engine/Plugins/Interchange/Assets/Content/gltf/MaterialInstances/MI_Unlit_Blend.uasset" 792
"../../../Engine/Plugins/Interchange/Assets/Content/gltf/MaterialInstances/MI_Unlit_Blend.uexp" 793
"../../../Engine/Plugins/Interchange/Assets/Content/gltf/MaterialInstances/MI_Unlit_Blend_DS.uasset" 794
"../../../Engine/Plugins/Interchange/Assets/Content/gltf/MaterialInstances/MI_Unlit_Blend_DS.uexp" 795
"../../../Engine/Plugins/Interchange/Assets/Content/gltf/MaterialInstances/MI_Unlit_Mask.uasset" 796
"../../../Engine/Plugins/Interchange/Assets/Content/gltf/MaterialInstances/MI_Unlit_Mask.uexp" 797
"../../../Engine/Plugins/Interchange/Assets/Content/gltf/MaterialInstances/MI_Unlit_Mask_DS.uasset" 798
"../../../Engine/Plugins/Interchange/Assets/Content/gltf/MaterialInstances/MI_Unlit_Mask_DS.uexp" 799
"../../../Engine/Plugins/Interchange/Assets/Content/gltf/MaterialInstances/MI_Unlit_Opaque.uasset" 800
"../../../Engine/Plugins/Interchange/Assets/Content/gltf/MaterialInstances/MI_Unlit_Opaque.uexp" 801
"../../../Engine/Plugins/Interchange/Assets/Content/gltf/MaterialInstances/MI_Unlit_Opaque_DS.uasset" 802
"../../../Engine/Plugins/Interchange/Assets/Content/gltf/MaterialInstances/MI_Unlit_Opaque_DS.uexp" 803
"C:/Users/jessw/Documents/GitHub/CasualProductionDreamTeam/DreamRunner/Content/Materials/sky_16_2k.uasset" 804
"C:/Users/jessw/Documents/GitHub/CasualProductionDreamTeam/DreamRunner/Content/Materials/sky_16_2k.uexp" 805
"C:/Users/jessw/Documents/GitHub/CasualProductionDreamTeam/DreamRunner/Content/Materials/M_Skybox.uasset" 806
"C:/Users/jessw/Documents/GitHub/CasualProductionDreamTeam/DreamRunner/Content/Materials/M_Skybox.uexp" 807
"C:/Users/jessw/Documents/GitHub/CasualProductionDreamTeam/DreamRunner/Content/Materials/MI_Skybox.uasset" 808
"C:/Users/jessw/Documents/GitHub/CasualProductionDreamTeam/DreamRunner/Content/Materials/MI_Skybox.uexp" 809
"../../../Engine/Content/EngineMaterials/WeightMapPlaceholderTexture.uasset" 810
"../../../Engine/Content/EngineMaterials/WeightMapPlaceholderTexture.uexp" 811
"../../../Engine/Content/EngineMaterials/WeightMapArrayPlaceholderTexture.uasset" 812
"../../../Engine/Content/EngineMaterials/WeightMapArrayPlaceholderTexture.uexp" 813
"../../../Engine/Content/EngineResources/WhiteSquareTexture.uasset" 814
"../../../Engine/Content/EngineResources/WhiteSquareTexture.uexp" 815
"../../../Engine/Content/EngineMaterials/Widget3DPassThrough.uasset" 816
"../../../Engine/Content/EngineMaterials/Widget3DPassThrough.uexp" 817
"../../../Engine/Content/EngineMaterials/Widget3DPassThrough_Masked.uasset" 818
"../../../Engine/Content/EngineMaterials/Widget3DPassThrough_Masked.uexp" 819
"../../../Engine/Content/EngineMaterials/Widget3DPassThrough_Opaque.uasset" 820
"../../../Engine/Content/EngineMaterials/Widget3DPassThrough_Opaque.uexp" 821
"../../../Engine/Content/EngineMaterials/Widget3DPassThrough_Masked_OneSided.uasset" 822
"../../../Engine/Content/EngineMaterials/Widget3DPassThrough_Masked_OneSided.uexp" 823
"../../../Engine/Content/EngineMaterials/Widget3DPassThrough_Opaque_OneSided.uasset" 824
"../../../Engine/Content/EngineMaterials/Widget3DPassThrough_Opaque_OneSided.uexp" 825
"../../../Engine/Content/EngineMaterials/Widget3DPassThrough_Translucent.uasset" 826
"../../../Engine/Content/EngineMaterials/Widget3DPassThrough_Translucent.uexp" 827
"../../../Engine/Content/EngineMaterials/Widget3DPassThrough_Translucent_OneSided.uasset" 828
"../../../Engine/Content/EngineMaterials/Widget3DPassThrough_Translucent_OneSided.uexp" 829
"../../../Engine/Content/EngineResources/LandscapeVisibilityLayerInfo.uasset" 830
"../../../Engine/Content/EngineResources/LandscapeVisibilityLayerInfo.uexp" 831
"../../../Engine/Content/VREditor/TransformGizmo/TranslucentTransformGizmoMaterial_Inst.uasset" 832
"../../../Engine/Content/VREditor/TransformGizmo/TranslucentTransformGizmoMaterial_Inst.uexp" 833
"../../../Engine/Content/VREditor/TransformGizmo/TransformGizmoMaterial_Inst.uasset" 834
"../../../Engine/Content/VREditor/TransformGizmo/TransformGizmoMaterial_Inst.uexp" 835
"../../../Engine/Content/VREditor/Sounds/UI/Drop_Item_From_ContentBrowser.ubulk" 836
"../../../Engine/Content/VREditor/Sounds/UI/Drop_Item_From_ContentBrowser.uasset" 837
"../../../Engine/Content/VREditor/Sounds/UI/Drop_Item_From_ContentBrowser.uexp" 838
"../../../Engine/Content/VREditor/TransformGizmo/UniformScaleHandle.ubulk" 839
"../../../Engine/Content/VREditor/TransformGizmo/UniformScaleHandle.uasset" 840
"../../../Engine/Content/VREditor/TransformGizmo/UniformScaleHandle.uexp" 841
"../../../Engine/Content/VREditor/TransformGizmo/TranslateArrowHandle.ubulk" 842
"../../../Engine/Content/VREditor/TransformGizmo/TranslateArrowHandle.uasset" 843
"../../../Engine/Content/VREditor/TransformGizmo/TranslateArrowHandle.uexp" 844
"../../../Engine/Content/VREditor/TransformGizmo/TransformGizmoFreeRotation.ubulk" 845
"../../../Engine/Content/VREditor/TransformGizmo/TransformGizmoFreeRotation.uasset" 846
"../../../Engine/Content/VREditor/TransformGizmo/TransformGizmoFreeRotation.uexp" 847
"../../../Engine/Content/VREditor/TransformGizmo/StartRotationHandleIndicator.ubulk" 848
"../../../Engine/Content/VREditor/TransformGizmo/StartRotationHandleIndicator.uasset" 849
"../../../Engine/Content/VREditor/TransformGizmo/StartRotationHandleIndicator.uexp" 850
"../../../Engine/Content/VREditor/TransformGizmo/RotationHandleQuarter.ubulk" 851
"../../../Engine/Content/VREditor/TransformGizmo/RotationHandleQuarter.uasset" 852
"../../../Engine/Content/VREditor/TransformGizmo/RotationHandleQuarter.uexp" 853
"../../../Engine/Content/VREditor/TransformGizmo/RotationHandleIndicator.ubulk" 854
"../../../Engine/Content/VREditor/TransformGizmo/RotationHandleIndicator.uasset" 855
"../../../Engine/Content/VREditor/TransformGizmo/RotationHandleIndicator.uexp" 856
"../../../Engine/Content/VREditor/TransformGizmo/RotationHandleFull.ubulk" 857
"../../../Engine/Content/VREditor/TransformGizmo/RotationHandleFull.uasset" 858
"../../../Engine/Content/VREditor/TransformGizmo/RotationHandleFull.uexp" 859
"../../../Engine/Content/Functions/Engine_MaterialFunctions02/SplitComponents.uasset" 860
"../../../Engine/Content/Functions/Engine_MaterialFunctions02/SplitComponents.uexp" 861
"../../../Engine/Content/VREditor/SnapGrid/SnapGridMaterial.uasset" 862
"../../../Engine/Content/VREditor/SnapGrid/SnapGridMaterial.uexp" 863
"../../../Engine/Content/VREditor/SnapGrid/SnapGridPlaneMesh.ubulk" 864
"../../../Engine/Content/VREditor/SnapGrid/SnapGridPlaneMesh.uasset" 865
"../../../Engine/Content/VREditor/SnapGrid/SnapGridPlaneMesh.uexp" 866
"../../../Engine/Content/VREditor/Sounds/UI/Gizmo_Handle_Clicked.ubulk" 867
"../../../Engine/Content/VREditor/Sounds/UI/Gizmo_Handle_Clicked.uasset" 868
"../../../Engine/Content/VREditor/Sounds/UI/Gizmo_Handle_Clicked.uexp" 869
"../../../Engine/Content/VREditor/Sounds/UI/Object_PickUp.ubulk" 870
"../../../Engine/Content/VREditor/Sounds/UI/Object_PickUp.uasset" 871
"../../../Engine/Content/VREditor/Sounds/UI/Object_PickUp.uexp" 872
"../../../Engine/Content/VREditor/Sounds/UI/Object_Snaps_To_Another_Actor.ubulk" 873
"../../../Engine/Content/VREditor/Sounds/UI/Object_Snaps_To_Another_Actor.uasset" 874
"../../../Engine/Content/VREditor/Sounds/UI/Object_Snaps_To_Another_Actor.uexp" 875
"../../../Engine/Content/VREditor/Sounds/UI/Object_Snaps_To_Grid.ubulk" 876
"../../../Engine/Content/VREditor/Sounds/UI/Object_Snaps_To_Grid.uasset" 877
"../../../Engine/Content/VREditor/Sounds/UI/Object_Snaps_To_Grid.uexp" 878
"../../../Engine/Content/VREditor/Sounds/UI/Scaling_Down.ubulk" 879
"../../../Engine/Content/VREditor/Sounds/UI/Scaling_Down.uasset" 880
"../../../Engine/Content/VREditor/Sounds/UI/Scaling_Down.uexp" 881
"../../../Engine/Content/VREditor/Sounds/UI/Scaling_Up.ubulk" 882
"../../../Engine/Content/VREditor/Sounds/UI/Scaling_Up.uasset" 883
"../../../Engine/Content/VREditor/Sounds/UI/Scaling_Up.uexp" 884
"../../../Engine/Content/VREditor/Sounds/UI/Selection_Changes.ubulk" 885
"../../../Engine/Content/VREditor/Sounds/UI/Selection_Changes.uasset" 886
"../../../Engine/Content/VREditor/Sounds/UI/Selection_Changes.uexp" 887
"../../../Engine/Content/VREditor/TransformGizmo/PlaneTranslationHandle.ubulk" 888
"../../../Engine/Content/VREditor/TransformGizmo/PlaneTranslationHandle.uasset" 889
"../../../Engine/Content/VREditor/TransformGizmo/PlaneTranslationHandle.uexp" 890
"../../../Engine/Content/EditorLandscapeResources/ColorMaskBrushMaterial.uasset" 891
"../../../Engine/Content/EditorLandscapeResources/ColorMaskBrushMaterial.uexp" 892
"../../../Engine/Content/EditorLandscapeResources/ColorMaskBrushMaterial_MaskedRegion.uasset" 893
"../../../Engine/Content/EditorLandscapeResources/ColorMaskBrushMaterial_MaskedRegion.uexp" 894
"../../../Engine/Content/Functions/Engine_MaterialFunctions03/Math/WithinRangeFloat2.uasset" 895
"../../../Engine/Content/Functions/Engine_MaterialFunctions03/Math/WithinRangeFloat2.uexp" 896
"../../../Engine/Content/EditorLandscapeResources/MaskBrushMaterial.uasset" 897
"../../../Engine/Content/EditorLandscapeResources/MaskBrushMaterial.uexp" 898
"../../../Engine/Content/EditorLandscapeResources/MaskBrushMaterial_MaskedRegion.uasset" 899
"../../../Engine/Content/EditorLandscapeResources/MaskBrushMaterial_MaskedRegion.uexp" 900
"../../../Engine/Content/EditorLandscapeResources/SelectBrushMaterial.uasset" 901
"../../../Engine/Content/EditorLandscapeResources/SelectBrushMaterial.uexp" 902
"../../../Engine/Content/EditorLandscapeResources/SelectBrushMaterial_Selected.uasset" 903
"../../../Engine/Content/EditorLandscapeResources/SelectBrushMaterial_Selected.uexp" 904
"../../../Engine/Content/EditorLandscapeResources/SelectBrushMaterial_SelectedRegion.uasset" 905
"../../../Engine/Content/EditorLandscapeResources/SelectBrushMaterial_SelectedRegion.uexp" 906
"../../../Engine/Plugins/NNE/NNEDenoiser/Content/NNE_oidn2-3-0_rt_hdr_alb_nrm_small__dyn__fp16_opset11_DenoiseAlpha.uasset" 907
"../../../Engine/Plugins/NNE/NNEDenoiser/Content/NNE_oidn2-3-0_rt_hdr_alb_nrm_small__dyn__fp16_opset11_DenoiseAlpha.uexp" 908
"../../../Engine/Plugins/NNE/NNEDenoiser/Content/NNE_oidn2-3-0_rt_hdr_alb_nrm_small__dyn__fp16_opset11_ForwardAlpha.uasset" 909
"../../../Engine/Plugins/NNE/NNEDenoiser/Content/NNE_oidn2-3-0_rt_hdr_alb_nrm_small__dyn__fp16_opset11_ForwardAlpha.uexp" 910
"../../../Engine/Plugins/NNE/NNEDenoiser/Content/NNE_oidn2-3-0_rt_hdr_alb_nrm__dyn__fp16_opset11_DenoiseAlpha.uasset" 911
"../../../Engine/Plugins/NNE/NNEDenoiser/Content/NNE_oidn2-3-0_rt_hdr_alb_nrm__dyn__fp16_opset11_DenoiseAlpha.uexp" 912
"../../../Engine/Plugins/NNE/NNEDenoiser/Content/NNE_oidn2-3-0_rt_hdr_alb_nrm__dyn__fp16_opset11_ForwardAlpha.uasset" 913
"../../../Engine/Plugins/NNE/NNEDenoiser/Content/NNE_oidn2-3-0_rt_hdr_alb_nrm__dyn__fp16_opset11_ForwardAlpha.uexp" 914
"../../../Engine/Plugins/NNE/NNEDenoiser/Content/NNE_oidn2-3-0_rt_hdr_calb_cnrm_large__dyn__fp16_opset11_DenoiseAlpha.uasset" 915
"../../../Engine/Plugins/NNE/NNEDenoiser/Content/NNE_oidn2-3-0_rt_hdr_calb_cnrm_large__dyn__fp16_opset11_DenoiseAlpha.uexp" 916
"../../../Engine/Plugins/NNE/NNEDenoiser/Content/NNE_oidn2-3-0_rt_hdr_calb_cnrm_large__dyn__fp16_opset11_ForwardAlpha.uasset" 917
"../../../Engine/Plugins/NNE/NNEDenoiser/Content/NNE_oidn2-3-0_rt_hdr_calb_cnrm_large__dyn__fp16_opset11_ForwardAlpha.uexp" 918
"../../../Engine/Plugins/2D/Paper2D/Content/DefaultSpriteMaterial.uasset" 919
"../../../Engine/Plugins/2D/Paper2D/Content/DefaultSpriteMaterial.uexp" 920
"../../../Engine/Plugins/2D/Paper2D/Content/MaskedUnlitSpriteMaterial.uasset" 921
"../../../Engine/Plugins/2D/Paper2D/Content/MaskedUnlitSpriteMaterial.uexp" 922
"../../../Engine/Plugins/2D/Paper2D/Content/OpaqueUnlitSpriteMaterial.uasset" 923
"../../../Engine/Plugins/2D/Paper2D/Content/OpaqueUnlitSpriteMaterial.uexp" 924
"../../../Engine/Plugins/Animation/DeformerGraph/Content/DeformerFunctions/DG_Function_LinearBlendSkin_Morph_Cloth.uasset" 925
"../../../Engine/Plugins/Animation/DeformerGraph/Content/DeformerFunctions/DG_Function_LinearBlendSkin_Morph_Cloth.uexp" 926
"../../../Engine/Plugins/Animation/DeformerGraph/Content/Deformers/DG_LinearBlendSkin_Morph_Cloth.uasset" 927
"../../../Engine/Plugins/Animation/DeformerGraph/Content/Deformers/DG_LinearBlendSkin_Morph_Cloth.uexp" 928
"../../../Engine/Plugins/Animation/DeformerGraph/Content/DeformerFunctions/DG_Function_LinearBlendSkin_Morph_Cloth_PositionOnly.uasset" 929
"../../../Engine/Plugins/Animation/DeformerGraph/Content/DeformerFunctions/DG_Function_LinearBlendSkin_Morph_Cloth_PositionOnly.uexp" 930
"../../../Engine/Plugins/Animation/DeformerGraph/Content/DeformerFunctions/DG_Function_ComputeNormalsTangents.uasset" 931
"../../../Engine/Plugins/Animation/DeformerGraph/Content/DeformerFunctions/DG_Function_ComputeNormalsTangents.uexp" 932
"../../../Engine/Plugins/Animation/DeformerGraph/Content/Deformers/DG_LinearBlendSkin_Morph_Cloth_RecomputeNormals.uasset" 933
"../../../Engine/Plugins/Animation/DeformerGraph/Content/Deformers/DG_LinearBlendSkin_Morph_Cloth_RecomputeNormals.uexp" 934
"../../../Engine/Plugins/NNE/NNEDenoiser/Content/NNEDT_Oidn2-3_Balanced.uasset" 935
"../../../Engine/Plugins/NNE/NNEDenoiser/Content/NNEDT_Oidn2-3_Balanced.uexp" 936
"../../../Engine/Plugins/NNE/NNEDenoiser/Content/NNEDT_Oidn2-3_Balanced_Alpha.uasset" 937
"../../../Engine/Plugins/NNE/NNEDenoiser/Content/NNEDT_Oidn2-3_Balanced_Alpha.uexp" 938
"../../../Engine/Plugins/NNE/NNEDenoiser/Content/NNED_Oidn2-3_Balanced.uasset" 939
"../../../Engine/Plugins/NNE/NNEDenoiser/Content/NNED_Oidn2-3_Balanced.uexp" 940
"../../../Engine/Plugins/NNE/NNEDenoiser/Content/NNED_Oidn2-3_Balanced_Alpha.uasset" 941
"../../../Engine/Plugins/NNE/NNEDenoiser/Content/NNED_Oidn2-3_Balanced_Alpha.uexp" 942
"../../../Engine/Plugins/NNE/NNEDenoiser/Content/NNED_Oidn2-3_Fast.uasset" 943
"../../../Engine/Plugins/NNE/NNEDenoiser/Content/NNED_Oidn2-3_Fast.uexp" 944
"../../../Engine/Plugins/NNE/NNEDenoiser/Content/NNED_Oidn2-3_Fast_Alpha.uasset" 945
"../../../Engine/Plugins/NNE/NNEDenoiser/Content/NNED_Oidn2-3_Fast_Alpha.uexp" 946
"../../../Engine/Plugins/NNE/NNEDenoiser/Content/NNED_Oidn2-3_HighQuality.uasset" 947
"../../../Engine/Plugins/NNE/NNEDenoiser/Content/NNED_Oidn2-3_HighQuality.uexp" 948
"../../../Engine/Plugins/NNE/NNEDenoiser/Content/NNED_Oidn2-3_HighQuality_Alpha.uasset" 949
"../../../Engine/Plugins/NNE/NNEDenoiser/Content/NNED_Oidn2-3_HighQuality_Alpha.uexp" 950
"../../../Engine/Content/Maps/Entry_BuiltData.uasset" 951
"../../../Engine/Content/Maps/Entry_BuiltData.uexp" 952
"../../../Engine/Content/Maps/Entry.uexp" 953
"../../../Engine/Content/Maps/Entry.umap" 954
"../../../Engine/Plugins/FX/Niagara/Content/DefaultAssets/DefaultSpriteMaterial.uasset" 955
"../../../Engine/Plugins/FX/Niagara/Content/DefaultAssets/DefaultSpriteMaterial.uexp" 956
"../../../Engine/Plugins/FX/Niagara/Content/VectorFields/Assets/TilingCurl32.uasset" 957
"../../../Engine/Plugins/FX/Niagara/Content/VectorFields/Assets/TilingCurl32.uexp" 958
"../../../Engine/Content/Functions/Engine_MaterialFunctions02/ExampleContent/Textures/OffsetNoiseDistanceFields_ForNormals.ubulk" 959
"../../../Engine/Content/Functions/Engine_MaterialFunctions02/ExampleContent/Textures/OffsetNoiseDistanceFields_ForNormals.uasset" 960
"../../../Engine/Content/Functions/Engine_MaterialFunctions02/ExampleContent/Textures/OffsetNoiseDistanceFields_ForNormals.uexp" 961
"C:/Users/jessw/Documents/GitHub/CasualProductionDreamTeam/DreamRunner/Content/VFX/Tentacles/M_Tentacles.uasset" 962
"C:/Users/jessw/Documents/GitHub/CasualProductionDreamTeam/DreamRunner/Content/VFX/Tentacles/M_Tentacles.uexp" 963
"C:/Users/jessw/Documents/GitHub/CasualProductionDreamTeam/DreamRunner/Content/VFX/Tentacles/NS_Tentacles1.uasset" 964
"C:/Users/jessw/Documents/GitHub/CasualProductionDreamTeam/DreamRunner/Content/VFX/Tentacles/NS_Tentacles1.uexp" 965
"C:/Users/jessw/Documents/GitHub/CasualProductionDreamTeam/DreamRunner/Content/VFX/DrapEffet/Texture/T_beam.ubulk" 966
"C:/Users/jessw/Documents/GitHub/CasualProductionDreamTeam/DreamRunner/Content/VFX/DrapEffet/Texture/T_beam.uasset" 967
"C:/Users/jessw/Documents/GitHub/CasualProductionDreamTeam/DreamRunner/Content/VFX/DrapEffet/Texture/T_beam.uexp" 968
"C:/Users/jessw/Documents/GitHub/CasualProductionDreamTeam/DreamRunner/Content/VFX/DrapEffet/Meterials/M_glow.uasset" 969
"C:/Users/jessw/Documents/GitHub/CasualProductionDreamTeam/DreamRunner/Content/VFX/DrapEffet/Meterials/M_glow.uexp" 970
"C:/Users/jessw/Documents/GitHub/CasualProductionDreamTeam/DreamRunner/Content/VFX/DrapEffet/Meterials/M_down.uasset" 971
"C:/Users/jessw/Documents/GitHub/CasualProductionDreamTeam/DreamRunner/Content/VFX/DrapEffet/Meterials/M_down.uexp" 972
"C:/Users/jessw/Documents/GitHub/CasualProductionDreamTeam/DreamRunner/Content/VFX/DrapEffet/Texture/T_Bell.ubulk" 973
"C:/Users/jessw/Documents/GitHub/CasualProductionDreamTeam/DreamRunner/Content/VFX/DrapEffet/Texture/T_Bell.uasset" 974
"C:/Users/jessw/Documents/GitHub/CasualProductionDreamTeam/DreamRunner/Content/VFX/DrapEffet/Texture/T_Bell.uexp" 975
"C:/Users/jessw/Documents/GitHub/CasualProductionDreamTeam/DreamRunner/Content/VFX/DrapEffet/Curve/Curve_particale_color.uasset" 976
"C:/Users/jessw/Documents/GitHub/CasualProductionDreamTeam/DreamRunner/Content/VFX/DrapEffet/Curve/Curve_particale_color.uexp" 977
"C:/Users/jessw/Documents/GitHub/CasualProductionDreamTeam/DreamRunner/Content/VFX/DrapEffet/Curve/Curve_Atlas.uasset" 978
"C:/Users/jessw/Documents/GitHub/CasualProductionDreamTeam/DreamRunner/Content/VFX/DrapEffet/Curve/Curve_Atlas.uexp" 979
"C:/Users/jessw/Documents/GitHub/CasualProductionDreamTeam/DreamRunner/Content/VFX/DrapEffet/Meterials/M_cell.uasset" 980
"C:/Users/jessw/Documents/GitHub/CasualProductionDreamTeam/DreamRunner/Content/VFX/DrapEffet/Meterials/M_cell.uexp" 981
"C:/Users/jessw/Documents/GitHub/CasualProductionDreamTeam/DreamRunner/Content/VFX/DrapEffet/Texture/T_normal.ubulk" 982
"C:/Users/jessw/Documents/GitHub/CasualProductionDreamTeam/DreamRunner/Content/VFX/DrapEffet/Texture/T_normal.uasset" 983
"C:/Users/jessw/Documents/GitHub/CasualProductionDreamTeam/DreamRunner/Content/VFX/DrapEffet/Texture/T_normal.uexp" 984
"C:/Users/jessw/Documents/GitHub/CasualProductionDreamTeam/DreamRunner/Content/VFX/DrapEffet/Meterials/M_beam.uasset" 985
"C:/Users/jessw/Documents/GitHub/CasualProductionDreamTeam/DreamRunner/Content/VFX/DrapEffet/Meterials/M_beam.uexp" 986
"C:/Users/jessw/Documents/GitHub/CasualProductionDreamTeam/DreamRunner/Content/VFX/DrapEffet/Texture/T_star.ubulk" 987
"C:/Users/jessw/Documents/GitHub/CasualProductionDreamTeam/DreamRunner/Content/VFX/DrapEffet/Texture/T_star.uasset" 988
"C:/Users/jessw/Documents/GitHub/CasualProductionDreamTeam/DreamRunner/Content/VFX/DrapEffet/Texture/T_star.uexp" 989
"C:/Users/jessw/Documents/GitHub/CasualProductionDreamTeam/DreamRunner/Content/VFX/DrapEffet/Meterials/M_star.uasset" 990
"C:/Users/jessw/Documents/GitHub/CasualProductionDreamTeam/DreamRunner/Content/VFX/DrapEffet/Meterials/M_star.uexp" 991
"C:/Users/jessw/Documents/GitHub/CasualProductionDreamTeam/DreamRunner/Content/VFX/DrapEffet/Meterials/M_big_star.uasset" 992
"C:/Users/jessw/Documents/GitHub/CasualProductionDreamTeam/DreamRunner/Content/VFX/DrapEffet/Meterials/M_big_star.uexp" 993
"C:/Users/jessw/Documents/GitHub/CasualProductionDreamTeam/DreamRunner/Content/VFX/DrapEffet/VFX/NE_drop_effects03.uasset" 994
"C:/Users/jessw/Documents/GitHub/CasualProductionDreamTeam/DreamRunner/Content/VFX/DrapEffet/VFX/NE_drop_effects03.uexp" 995
"C:/Users/jessw/Documents/GitHub/CasualProductionDreamTeam/DreamRunner/Content/UI/Dreaming_Princess1.uexp" 996
"C:/Users/jessw/Documents/GitHub/CasualProductionDreamTeam/DreamRunner/Content/UI/Dreaming_Princess1.uasset" 997
"C:/Users/jessw/Documents/GitHub/CasualProductionDreamTeam/DreamRunner/Content/UI/Dreaming_Princess1.ufont" 998
"C:/Users/jessw/Documents/GitHub/CasualProductionDreamTeam/DreamRunner/Content/UI/Dreaming_Princess_Font1.uasset" 999
"C:/Users/jessw/Documents/GitHub/CasualProductionDreamTeam/DreamRunner/Content/UI/Dreaming_Princess_Font1.uexp" 1000
"C:/Users/jessw/Documents/GitHub/CasualProductionDreamTeam/DreamRunner/Content/UI/M_TextWave_Mk2.uasset" 1001
"C:/Users/jessw/Documents/GitHub/CasualProductionDreamTeam/DreamRunner/Content/UI/M_TextWave_Mk2.uexp" 1002
"C:/Users/jessw/Documents/GitHub/CasualProductionDreamTeam/DreamRunner/Content/UI/MI_TextWave_Mk2_GO.uasset" 1003
"C:/Users/jessw/Documents/GitHub/CasualProductionDreamTeam/DreamRunner/Content/UI/MI_TextWave_Mk2_GO.uexp" 1004
"C:/Users/jessw/Documents/GitHub/CasualProductionDreamTeam/DreamRunner/Content/UI/GameOver_Menu.uasset" 1005
"C:/Users/jessw/Documents/GitHub/CasualProductionDreamTeam/DreamRunner/Content/UI/GameOver_Menu.uexp" 1006
"C:/Users/jessw/Documents/GitHub/CasualProductionDreamTeam/DreamRunner/Content/UI/Rouica1.uexp" 1007
"C:/Users/jessw/Documents/GitHub/CasualProductionDreamTeam/DreamRunner/Content/UI/Rouica1.uasset" 1008
"C:/Users/jessw/Documents/GitHub/CasualProductionDreamTeam/DreamRunner/Content/UI/Rouica1.ufont" 1009
"C:/Users/jessw/Documents/GitHub/CasualProductionDreamTeam/DreamRunner/Content/UI/Rouica_Font1.uasset" 1010
"C:/Users/jessw/Documents/GitHub/CasualProductionDreamTeam/DreamRunner/Content/UI/Rouica_Font1.uexp" 1011
"C:/Users/jessw/Documents/GitHub/CasualProductionDreamTeam/DreamRunner/Content/UI/Back_Icon.uasset" 1012
"C:/Users/jessw/Documents/GitHub/CasualProductionDreamTeam/DreamRunner/Content/UI/Back_Icon.uexp" 1013
"C:/Users/jessw/Documents/GitHub/CasualProductionDreamTeam/DreamRunner/Content/UI/Audio_Icon.uasset" 1014
"C:/Users/jessw/Documents/GitHub/CasualProductionDreamTeam/DreamRunner/Content/UI/Audio_Icon.uexp" 1015
"C:/Users/jessw/Documents/GitHub/CasualProductionDreamTeam/DreamRunner/Content/UI/Pause_Menu.uasset" 1016
"C:/Users/jessw/Documents/GitHub/CasualProductionDreamTeam/DreamRunner/Content/UI/Pause_Menu.uexp" 1017
"C:/Users/jessw/Documents/GitHub/CasualProductionDreamTeam/DreamRunner/Content/Input/Touch/BPI_TouchInterface.uasset" 1018
"C:/Users/jessw/Documents/GitHub/CasualProductionDreamTeam/DreamRunner/Content/Input/Touch/BPI_TouchInterface.uexp" 1019
"C:/Users/jessw/Documents/GitHub/CasualProductionDreamTeam/DreamRunner/Content/3DAssets/PH_Characters/Mannequins/Rigs/PA_Mannequin.uasset" 1020
"C:/Users/jessw/Documents/GitHub/CasualProductionDreamTeam/DreamRunner/Content/3DAssets/PH_Characters/Mannequins/Rigs/PA_Mannequin.uexp" 1021
"C:/Users/jessw/Documents/GitHub/CasualProductionDreamTeam/DreamRunner/Content/3DAssets/PH_Characters/Mannequins/Meshes/SK_Mannequin.uasset" 1022
"C:/Users/jessw/Documents/GitHub/CasualProductionDreamTeam/DreamRunner/Content/3DAssets/PH_Characters/Mannequins/Meshes/SK_Mannequin.uexp" 1023
"C:/Users/jessw/Documents/GitHub/CasualProductionDreamTeam/DreamRunner/Content/3DAssets/PH_Characters/Mannequins/Textures/Shared/T_UE_Logo_M.uasset" 1024
"C:/Users/jessw/Documents/GitHub/CasualProductionDreamTeam/DreamRunner/Content/3DAssets/PH_Characters/Mannequins/Textures/Shared/T_UE_Logo_M.uexp" 1025
"C:/Users/jessw/Documents/GitHub/CasualProductionDreamTeam/DreamRunner/Content/3DAssets/PH_Characters/Mannequins/Textures/Manny/T_Manny_01_MRA.ubulk" 1026
"C:/Users/jessw/Documents/GitHub/CasualProductionDreamTeam/DreamRunner/Content/3DAssets/PH_Characters/Mannequins/Textures/Manny/T_Manny_01_MRA.uasset" 1027
"C:/Users/jessw/Documents/GitHub/CasualProductionDreamTeam/DreamRunner/Content/3DAssets/PH_Characters/Mannequins/Textures/Manny/T_Manny_01_MRA.uexp" 1028
"C:/Users/jessw/Documents/GitHub/CasualProductionDreamTeam/DreamRunner/Content/3DAssets/PH_Characters/Mannequins/Textures/Manny/T_Manny_01_D.ubulk" 1029
"C:/Users/jessw/Documents/GitHub/CasualProductionDreamTeam/DreamRunner/Content/3DAssets/PH_Characters/Mannequins/Textures/Manny/T_Manny_01_D.uasset" 1030
"C:/Users/jessw/Documents/GitHub/CasualProductionDreamTeam/DreamRunner/Content/3DAssets/PH_Characters/Mannequins/Textures/Manny/T_Manny_01_D.uexp" 1031
"C:/Users/jessw/Documents/GitHub/CasualProductionDreamTeam/DreamRunner/Content/3DAssets/PH_Characters/Mannequins/Textures/Manny/T_Manny_01_BN.ubulk" 1032
"C:/Users/jessw/Documents/GitHub/CasualProductionDreamTeam/DreamRunner/Content/3DAssets/PH_Characters/Mannequins/Textures/Manny/T_Manny_01_BN.uasset" 1033
"C:/Users/jessw/Documents/GitHub/CasualProductionDreamTeam/DreamRunner/Content/3DAssets/PH_Characters/Mannequins/Textures/Manny/T_Manny_01_BN.uexp" 1034
"C:/Users/jessw/Documents/GitHub/CasualProductionDreamTeam/DreamRunner/Content/3DAssets/PH_Characters/Mannequins/Materials/M_Mannequin.uasset" 1035
"C:/Users/jessw/Documents/GitHub/CasualProductionDreamTeam/DreamRunner/Content/3DAssets/PH_Characters/Mannequins/Materials/M_Mannequin.uexp" 1036
"C:/Users/jessw/Documents/GitHub/CasualProductionDreamTeam/DreamRunner/Content/3DAssets/PH_Characters/Mannequins/Textures/Quinn/T_Quinn_01_N.ubulk" 1037
"C:/Users/jessw/Documents/GitHub/CasualProductionDreamTeam/DreamRunner/Content/3DAssets/PH_Characters/Mannequins/Textures/Quinn/T_Quinn_01_N.uasset" 1038
"C:/Users/jessw/Documents/GitHub/CasualProductionDreamTeam/DreamRunner/Content/3DAssets/PH_Characters/Mannequins/Textures/Quinn/T_Quinn_01_N.uexp" 1039
"C:/Users/jessw/Documents/GitHub/CasualProductionDreamTeam/DreamRunner/Content/3DAssets/PH_Characters/Mannequins/Textures/Quinn/T_Quinn_01_MRA.ubulk" 1040
"C:/Users/jessw/Documents/GitHub/CasualProductionDreamTeam/DreamRunner/Content/3DAssets/PH_Characters/Mannequins/Textures/Quinn/T_Quinn_01_MRA.uasset" 1041
"C:/Users/jessw/Documents/GitHub/CasualProductionDreamTeam/DreamRunner/Content/3DAssets/PH_Characters/Mannequins/Textures/Quinn/T_Quinn_01_MRA.uexp" 1042
"C:/Users/jessw/Documents/GitHub/CasualProductionDreamTeam/DreamRunner/Content/3DAssets/PH_Characters/Mannequins/Textures/Quinn/T_Quinn_01_D.ubulk" 1043
"C:/Users/jessw/Documents/GitHub/CasualProductionDreamTeam/DreamRunner/Content/3DAssets/PH_Characters/Mannequins/Textures/Quinn/T_Quinn_01_D.uasset" 1044
"C:/Users/jessw/Documents/GitHub/CasualProductionDreamTeam/DreamRunner/Content/3DAssets/PH_Characters/Mannequins/Textures/Quinn/T_Quinn_01_D.uexp" 1045
"C:/Users/jessw/Documents/GitHub/CasualProductionDreamTeam/DreamRunner/Content/3DAssets/PH_Characters/Mannequins/Materials/Quinn/MI_Quinn_01.uasset" 1046
"C:/Users/jessw/Documents/GitHub/CasualProductionDreamTeam/DreamRunner/Content/3DAssets/PH_Characters/Mannequins/Materials/Quinn/MI_Quinn_01.uexp" 1047
"C:/Users/jessw/Documents/GitHub/CasualProductionDreamTeam/DreamRunner/Content/3DAssets/PH_Characters/Mannequins/Textures/Quinn/T_Quinn_02_N.ubulk" 1048
"C:/Users/jessw/Documents/GitHub/CasualProductionDreamTeam/DreamRunner/Content/3DAssets/PH_Characters/Mannequins/Textures/Quinn/T_Quinn_02_N.uasset" 1049
"C:/Users/jessw/Documents/GitHub/CasualProductionDreamTeam/DreamRunner/Content/3DAssets/PH_Characters/Mannequins/Textures/Quinn/T_Quinn_02_N.uexp" 1050
"C:/Users/jessw/Documents/GitHub/CasualProductionDreamTeam/DreamRunner/Content/3DAssets/PH_Characters/Mannequins/Textures/Quinn/T_Quinn_02_MRA.ubulk" 1051
"C:/Users/jessw/Documents/GitHub/CasualProductionDreamTeam/DreamRunner/Content/3DAssets/PH_Characters/Mannequins/Textures/Quinn/T_Quinn_02_MRA.uasset" 1052
"C:/Users/jessw/Documents/GitHub/CasualProductionDreamTeam/DreamRunner/Content/3DAssets/PH_Characters/Mannequins/Textures/Quinn/T_Quinn_02_MRA.uexp" 1053
"C:/Users/jessw/Documents/GitHub/CasualProductionDreamTeam/DreamRunner/Content/3DAssets/PH_Characters/Mannequins/Textures/Quinn/T_Quinn_02_D.ubulk" 1054
"C:/Users/jessw/Documents/GitHub/CasualProductionDreamTeam/DreamRunner/Content/3DAssets/PH_Characters/Mannequins/Textures/Quinn/T_Quinn_02_D.uasset" 1055
"C:/Users/jessw/Documents/GitHub/CasualProductionDreamTeam/DreamRunner/Content/3DAssets/PH_Characters/Mannequins/Textures/Quinn/T_Quinn_02_D.uexp" 1056
"C:/Users/jessw/Documents/GitHub/CasualProductionDreamTeam/DreamRunner/Content/3DAssets/PH_Characters/Mannequins/Materials/Quinn/MI_Quinn_02.uasset" 1057
"C:/Users/jessw/Documents/GitHub/CasualProductionDreamTeam/DreamRunner/Content/3DAssets/PH_Characters/Mannequins/Materials/Quinn/MI_Quinn_02.uexp" 1058
"C:/Users/jessw/Documents/GitHub/CasualProductionDreamTeam/DreamRunner/Content/3DAssets/PH_Characters/Mannequins/Meshes/SKM_Quinn_Simple.uasset" 1059
"C:/Users/jessw/Documents/GitHub/CasualProductionDreamTeam/DreamRunner/Content/3DAssets/PH_Characters/Mannequins/Meshes/SKM_Quinn_Simple.uexp" 1060
"../../../Engine/Plugins/Animation/ControlRig/Content/Controls/DefaultGizmoLibraryNormalized.uasset" 1061
"../../../Engine/Plugins/Animation/ControlRig/Content/Controls/DefaultGizmoLibraryNormalized.uexp" 1062
"C:/Users/jessw/Documents/GitHub/CasualProductionDreamTeam/DreamRunner/Content/3DAssets/PH_Characters/Mannequins/Rigs/CR_Mannequin_FootIK.uasset" 1063
"C:/Users/jessw/Documents/GitHub/CasualProductionDreamTeam/DreamRunner/Content/3DAssets/PH_Characters/Mannequins/Rigs/CR_Mannequin_FootIK.uexp" 1064
"../../../Engine/Content/Animation/DefaultVariableFrameStrippingSettings.uasset" 1065
"../../../Engine/Content/Animation/DefaultVariableFrameStrippingSettings.uexp" 1066
"../../../Engine/Content/Animation/DefaultAnimCurveCompressionSettings.uasset" 1067
"../../../Engine/Content/Animation/DefaultAnimCurveCompressionSettings.uexp" 1068
"../../../Engine/Content/Animation/DefaultAnimBoneCompressionSettings.uasset" 1069
"../../../Engine/Content/Animation/DefaultAnimBoneCompressionSettings.uexp" 1070
"C:/Users/jessw/Documents/GitHub/CasualProductionDreamTeam/DreamRunner/Content/3DAssets/PH_Characters/Mannequins/Anims/Unarmed/MM_Idle.uasset" 1071
"C:/Users/jessw/Documents/GitHub/CasualProductionDreamTeam/DreamRunner/Content/3DAssets/PH_Characters/Mannequins/Anims/Unarmed/MM_Idle.uexp" 1072
"C:/Users/jessw/Documents/GitHub/CasualProductionDreamTeam/DreamRunner/Content/3DAssets/PH_Characters/Mannequins/Anims/Unarmed/Jog/MF_Unarmed_Jog_Bwd.uasset" 1073
"C:/Users/jessw/Documents/GitHub/CasualProductionDreamTeam/DreamRunner/Content/3DAssets/PH_Characters/Mannequins/Anims/Unarmed/Jog/MF_Unarmed_Jog_Bwd.uexp" 1074
"../../../Engine/Plugins/Animation/ACLPlugin/Content/ACLAnimCurveCompressionSettings.uasset" 1075
"../../../Engine/Plugins/Animation/ACLPlugin/Content/ACLAnimCurveCompressionSettings.uexp" 1076
"../../../Engine/Content/Animation/DefaultRecorderBoneCompression.uasset" 1077
"../../../Engine/Content/Animation/DefaultRecorderBoneCompression.uexp" 1078
"C:/Users/jessw/Documents/GitHub/CasualProductionDreamTeam/DreamRunner/Content/3DAssets/PH_Characters/Mannequins/Anims/Unarmed/Jog/MF_Unarmed_Jog_Bwd_Left.uasset" 1079
"C:/Users/jessw/Documents/GitHub/CasualProductionDreamTeam/DreamRunner/Content/3DAssets/PH_Characters/Mannequins/Anims/Unarmed/Jog/MF_Unarmed_Jog_Bwd_Left.uexp" 1080
"C:/Users/jessw/Documents/GitHub/CasualProductionDreamTeam/DreamRunner/Content/3DAssets/PH_Characters/Mannequins/Anims/Unarmed/Jog/MF_Unarmed_Jog_Bwd_Right.uasset" 1081
"C:/Users/jessw/Documents/GitHub/CasualProductionDreamTeam/DreamRunner/Content/3DAssets/PH_Characters/Mannequins/Anims/Unarmed/Jog/MF_Unarmed_Jog_Bwd_Right.uexp" 1082
"C:/Users/jessw/Documents/GitHub/CasualProductionDreamTeam/DreamRunner/Content/3DAssets/PH_Characters/Mannequins/Anims/Unarmed/Jog/MF_Unarmed_Jog_Fwd.uasset" 1083
"C:/Users/jessw/Documents/GitHub/CasualProductionDreamTeam/DreamRunner/Content/3DAssets/PH_Characters/Mannequins/Anims/Unarmed/Jog/MF_Unarmed_Jog_Fwd.uexp" 1084
"C:/Users/jessw/Documents/GitHub/CasualProductionDreamTeam/DreamRunner/Content/3DAssets/PH_Characters/Mannequins/Anims/Unarmed/Jog/MF_Unarmed_Jog_Fwd_Left.uasset" 1085
"C:/Users/jessw/Documents/GitHub/CasualProductionDreamTeam/DreamRunner/Content/3DAssets/PH_Characters/Mannequins/Anims/Unarmed/Jog/MF_Unarmed_Jog_Fwd_Left.uexp" 1086
"C:/Users/jessw/Documents/GitHub/CasualProductionDreamTeam/DreamRunner/Content/3DAssets/PH_Characters/Mannequins/Anims/Unarmed/Jog/MF_Unarmed_Jog_Fwd_Right.uasset" 1087
"C:/Users/jessw/Documents/GitHub/CasualProductionDreamTeam/DreamRunner/Content/3DAssets/PH_Characters/Mannequins/Anims/Unarmed/Jog/MF_Unarmed_Jog_Fwd_Right.uexp" 1088
"C:/Users/jessw/Documents/GitHub/CasualProductionDreamTeam/DreamRunner/Content/3DAssets/PH_Characters/Mannequins/Anims/Unarmed/Jog/MF_Unarmed_Jog_Left.uasset" 1089
"C:/Users/jessw/Documents/GitHub/CasualProductionDreamTeam/DreamRunner/Content/3DAssets/PH_Characters/Mannequins/Anims/Unarmed/Jog/MF_Unarmed_Jog_Left.uexp" 1090
"C:/Users/jessw/Documents/GitHub/CasualProductionDreamTeam/DreamRunner/Content/3DAssets/PH_Characters/Mannequins/Anims/Unarmed/Jog/MF_Unarmed_Jog_Right.uasset" 1091
"C:/Users/jessw/Documents/GitHub/CasualProductionDreamTeam/DreamRunner/Content/3DAssets/PH_Characters/Mannequins/Anims/Unarmed/Jog/MF_Unarmed_Jog_Right.uexp" 1092
"C:/Users/jessw/Documents/GitHub/CasualProductionDreamTeam/DreamRunner/Content/3DAssets/PH_Characters/Mannequins/Anims/Unarmed/Walk/MF_Unarmed_Walk_Bwd.uasset" 1093
"C:/Users/jessw/Documents/GitHub/CasualProductionDreamTeam/DreamRunner/Content/3DAssets/PH_Characters/Mannequins/Anims/Unarmed/Walk/MF_Unarmed_Walk_Bwd.uexp" 1094
"C:/Users/jessw/Documents/GitHub/CasualProductionDreamTeam/DreamRunner/Content/3DAssets/PH_Characters/Mannequins/Anims/Unarmed/Walk/MF_Unarmed_Walk_Bwd_Left.uasset" 1095
"C:/Users/jessw/Documents/GitHub/CasualProductionDreamTeam/DreamRunner/Content/3DAssets/PH_Characters/Mannequins/Anims/Unarmed/Walk/MF_Unarmed_Walk_Bwd_Left.uexp" 1096
"C:/Users/jessw/Documents/GitHub/CasualProductionDreamTeam/DreamRunner/Content/3DAssets/PH_Characters/Mannequins/Anims/Unarmed/Walk/MF_Unarmed_Walk_Bwd_Right.uasset" 1097
"C:/Users/jessw/Documents/GitHub/CasualProductionDreamTeam/DreamRunner/Content/3DAssets/PH_Characters/Mannequins/Anims/Unarmed/Walk/MF_Unarmed_Walk_Bwd_Right.uexp" 1098
"C:/Users/jessw/Documents/GitHub/CasualProductionDreamTeam/DreamRunner/Content/3DAssets/PH_Characters/Mannequins/Anims/Unarmed/Walk/MF_Unarmed_Walk_Fwd.uasset" 1099
"C:/Users/jessw/Documents/GitHub/CasualProductionDreamTeam/DreamRunner/Content/3DAssets/PH_Characters/Mannequins/Anims/Unarmed/Walk/MF_Unarmed_Walk_Fwd.uexp" 1100
"C:/Users/jessw/Documents/GitHub/CasualProductionDreamTeam/DreamRunner/Content/3DAssets/PH_Characters/Mannequins/Anims/Unarmed/Walk/MF_Unarmed_Walk_Fwd_Left.uasset" 1101
"C:/Users/jessw/Documents/GitHub/CasualProductionDreamTeam/DreamRunner/Content/3DAssets/PH_Characters/Mannequins/Anims/Unarmed/Walk/MF_Unarmed_Walk_Fwd_Left.uexp" 1102
"C:/Users/jessw/Documents/GitHub/CasualProductionDreamTeam/DreamRunner/Content/3DAssets/PH_Characters/Mannequins/Anims/Unarmed/Walk/MF_Unarmed_Walk_Fwd_Right.uasset" 1103
"C:/Users/jessw/Documents/GitHub/CasualProductionDreamTeam/DreamRunner/Content/3DAssets/PH_Characters/Mannequins/Anims/Unarmed/Walk/MF_Unarmed_Walk_Fwd_Right.uexp" 1104
"C:/Users/jessw/Documents/GitHub/CasualProductionDreamTeam/DreamRunner/Content/3DAssets/PH_Characters/Mannequins/Anims/Unarmed/Walk/MF_Unarmed_Walk_Left.uasset" 1105
"C:/Users/jessw/Documents/GitHub/CasualProductionDreamTeam/DreamRunner/Content/3DAssets/PH_Characters/Mannequins/Anims/Unarmed/Walk/MF_Unarmed_Walk_Left.uexp" 1106
"C:/Users/jessw/Documents/GitHub/CasualProductionDreamTeam/DreamRunner/Content/3DAssets/PH_Characters/Mannequins/Anims/Unarmed/Walk/MF_Unarmed_Walk_Right.uasset" 1107
"C:/Users/jessw/Documents/GitHub/CasualProductionDreamTeam/DreamRunner/Content/3DAssets/PH_Characters/Mannequins/Anims/Unarmed/Walk/MF_Unarmed_Walk_Right.uexp" 1108
"C:/Users/jessw/Documents/GitHub/CasualProductionDreamTeam/DreamRunner/Content/3DAssets/PH_Characters/Mannequins/Anims/Unarmed/BS_Idle_Walk_Run.uasset" 1109
"C:/Users/jessw/Documents/GitHub/CasualProductionDreamTeam/DreamRunner/Content/3DAssets/PH_Characters/Mannequins/Anims/Unarmed/BS_Idle_Walk_Run.uexp" 1110
"C:/Users/jessw/Documents/GitHub/CasualProductionDreamTeam/DreamRunner/Content/3DAssets/PH_Characters/Mannequins/Anims/Unarmed/Jump/MM_Fall_Loop.uasset" 1111
"C:/Users/jessw/Documents/GitHub/CasualProductionDreamTeam/DreamRunner/Content/3DAssets/PH_Characters/Mannequins/Anims/Unarmed/Jump/MM_Fall_Loop.uexp" 1112
"C:/Users/jessw/Documents/GitHub/CasualProductionDreamTeam/DreamRunner/Content/3DAssets/PH_Characters/Mannequins/Anims/Unarmed/Jump/MM_Jump.uasset" 1113
"C:/Users/jessw/Documents/GitHub/CasualProductionDreamTeam/DreamRunner/Content/3DAssets/PH_Characters/Mannequins/Anims/Unarmed/Jump/MM_Jump.uexp" 1114
"C:/Users/jessw/Documents/GitHub/CasualProductionDreamTeam/DreamRunner/Content/3DAssets/PH_Characters/Mannequins/Anims/Unarmed/Jump/MM_Land.uasset" 1115
"C:/Users/jessw/Documents/GitHub/CasualProductionDreamTeam/DreamRunner/Content/3DAssets/PH_Characters/Mannequins/Anims/Unarmed/Jump/MM_Land.uexp" 1116
"C:/Users/jessw/Documents/GitHub/CasualProductionDreamTeam/DreamRunner/Content/3DAssets/PH_Characters/Mannequins/Anims/Unarmed/ABP_Unarmed.uasset" 1117
"C:/Users/jessw/Documents/GitHub/CasualProductionDreamTeam/DreamRunner/Content/3DAssets/PH_Characters/Mannequins/Anims/Unarmed/ABP_Unarmed.uexp" 1118
"C:/Users/jessw/Documents/GitHub/CasualProductionDreamTeam/DreamRunner/Content/Audio/whoosh-swift-cut-jam-fx-1-00-00.ubulk" 1119
"C:/Users/jessw/Documents/GitHub/CasualProductionDreamTeam/DreamRunner/Content/Audio/whoosh-swift-cut-jam-fx-1-00-00.uasset" 1120
"C:/Users/jessw/Documents/GitHub/CasualProductionDreamTeam/DreamRunner/Content/Audio/whoosh-swift-cut-jam-fx-1-00-00.uexp" 1121
"C:/Users/jessw/Documents/GitHub/CasualProductionDreamTeam/DreamRunner/Content/Audio/Sound_FX1.ubulk" 1122
"C:/Users/jessw/Documents/GitHub/CasualProductionDreamTeam/DreamRunner/Content/Audio/Sound_FX1.uasset" 1123
"C:/Users/jessw/Documents/GitHub/CasualProductionDreamTeam/DreamRunner/Content/Audio/Sound_FX1.uexp" 1124
"C:/Users/jessw/Documents/GitHub/CasualProductionDreamTeam/DreamRunner/Content/Audio/JumpCue.uasset" 1125
"C:/Users/jessw/Documents/GitHub/CasualProductionDreamTeam/DreamRunner/Content/Audio/JumpCue.uexp" 1126
"C:/Users/jessw/Documents/GitHub/CasualProductionDreamTeam/DreamRunner/Content/ThirdPerson/Blueprints/BP_ThirdPersonCharacter.uasset" 1127
"C:/Users/jessw/Documents/GitHub/CasualProductionDreamTeam/DreamRunner/Content/ThirdPerson/Blueprints/BP_ThirdPersonCharacter.uexp" 1128
"C:/Users/jessw/Documents/GitHub/CasualProductionDreamTeam/DreamRunner/Content/UI/pause-video-icon-free-vector-removebg-preview.uasset" 1129
"C:/Users/jessw/Documents/GitHub/CasualProductionDreamTeam/DreamRunner/Content/UI/pause-video-icon-free-vector-removebg-preview.uexp" 1130
"C:/Users/jessw/Documents/GitHub/CasualProductionDreamTeam/DreamRunner/Content/UI/HUD.uasset" 1131
"C:/Users/jessw/Documents/GitHub/CasualProductionDreamTeam/DreamRunner/Content/UI/HUD.uexp" 1132
"C:/Users/jessw/Documents/GitHub/CasualProductionDreamTeam/DreamRunner/Content/Input/Actions/IA_MouseLook.uasset" 1133
"C:/Users/jessw/Documents/GitHub/CasualProductionDreamTeam/DreamRunner/Content/Input/Actions/IA_MouseLook.uexp" 1134
"C:/Users/jessw/Documents/GitHub/CasualProductionDreamTeam/DreamRunner/Content/Input/IMC_MouseLook.uasset" 1135
"C:/Users/jessw/Documents/GitHub/CasualProductionDreamTeam/DreamRunner/Content/Input/IMC_MouseLook.uexp" 1136
"C:/Users/jessw/Documents/GitHub/CasualProductionDreamTeam/DreamRunner/Content/Input/Actions/IA_Jump.uasset" 1137
"C:/Users/jessw/Documents/GitHub/CasualProductionDreamTeam/DreamRunner/Content/Input/Actions/IA_Jump.uexp" 1138
"C:/Users/jessw/Documents/GitHub/CasualProductionDreamTeam/DreamRunner/Content/Input/Actions/IA_Look.uasset" 1139
"C:/Users/jessw/Documents/GitHub/CasualProductionDreamTeam/DreamRunner/Content/Input/Actions/IA_Look.uexp" 1140
"C:/Users/jessw/Documents/GitHub/CasualProductionDreamTeam/DreamRunner/Content/Input/Actions/IA_Move.uasset" 1141
"C:/Users/jessw/Documents/GitHub/CasualProductionDreamTeam/DreamRunner/Content/Input/Actions/IA_Move.uexp" 1142
"C:/Users/jessw/Documents/GitHub/CasualProductionDreamTeam/DreamRunner/Content/Input/IMC_Default.uasset" 1143
"C:/Users/jessw/Documents/GitHub/CasualProductionDreamTeam/DreamRunner/Content/Input/IMC_Default.uexp" 1144
"../../../Engine/Content/MobileResources/HUD/VirtualJoystick_Thumb.uasset" 1145
"../../../Engine/Content/MobileResources/HUD/VirtualJoystick_Thumb.uexp" 1146
"../../../Engine/Content/MobileResources/HUD/VirtualJoystick_Background.uasset" 1147
"../../../Engine/Content/MobileResources/HUD/VirtualJoystick_Background.uexp" 1148
"C:/Users/jessw/Documents/GitHub/CasualProductionDreamTeam/DreamRunner/Content/Input/Touch/UI_Thumbstick.uasset" 1149
"C:/Users/jessw/Documents/GitHub/CasualProductionDreamTeam/DreamRunner/Content/Input/Touch/UI_Thumbstick.uexp" 1150
"C:/Users/jessw/Documents/GitHub/CasualProductionDreamTeam/DreamRunner/Content/Input/Touch/UI_TouchSimple.uasset" 1151
"C:/Users/jessw/Documents/GitHub/CasualProductionDreamTeam/DreamRunner/Content/Input/Touch/UI_TouchSimple.uexp" 1152
"C:/Users/jessw/Documents/GitHub/CasualProductionDreamTeam/DreamRunner/Content/ThirdPerson/Blueprints/BP_ThirdPersonPlayerController.uasset" 1153
"C:/Users/jessw/Documents/GitHub/CasualProductionDreamTeam/DreamRunner/Content/ThirdPerson/Blueprints/BP_ThirdPersonPlayerController.uexp" 1154
"../../../Engine/Content/BasicShapes/Plane.ubulk" 1155
"../../../Engine/Content/BasicShapes/Plane.uasset" 1156
"../../../Engine/Content/BasicShapes/Plane.uexp" 1157
"C:/Users/jessw/Documents/GitHub/CasualProductionDreamTeam/DreamRunner/Content/3DAssets/Obstacles/SingleLane_jump/Textures/Wall_low_Wall_low_Wall_low_OcclusionRoughnessMetallic_Raw.ubulk" 1158
"C:/Users/jessw/Documents/GitHub/CasualProductionDreamTeam/DreamRunner/Content/3DAssets/Obstacles/SingleLane_jump/Textures/Wall_low_Wall_low_Wall_low_OcclusionRoughnessMetallic_Raw.uasset" 1159
"C:/Users/jessw/Documents/GitHub/CasualProductionDreamTeam/DreamRunner/Content/3DAssets/Obstacles/SingleLane_jump/Textures/Wall_low_Wall_low_Wall_low_OcclusionRoughnessMetallic_Raw.uexp" 1160
"C:/Users/jessw/Documents/GitHub/CasualProductionDreamTeam/DreamRunner/Content/3DAssets/Obstacles/SingleLane_jump/Textures/Wall_low_Wall_low_Wall_low_Normal_Raw.ubulk" 1161
"C:/Users/jessw/Documents/GitHub/CasualProductionDreamTeam/DreamRunner/Content/3DAssets/Obstacles/SingleLane_jump/Textures/Wall_low_Wall_low_Wall_low_Normal_Raw.uasset" 1162
"C:/Users/jessw/Documents/GitHub/CasualProductionDreamTeam/DreamRunner/Content/3DAssets/Obstacles/SingleLane_jump/Textures/Wall_low_Wall_low_Wall_low_Normal_Raw.uexp" 1163
"C:/Users/jessw/Documents/GitHub/CasualProductionDreamTeam/DreamRunner/Content/3DAssets/Obstacles/SingleLane_jump/Textures/Wall_low_Wall_low_Wall_low_BaseColor_sRGB.ubulk" 1164
"C:/Users/jessw/Documents/GitHub/CasualProductionDreamTeam/DreamRunner/Content/3DAssets/Obstacles/SingleLane_jump/Textures/Wall_low_Wall_low_Wall_low_BaseColor_sRGB.uasset" 1165
"C:/Users/jessw/Documents/GitHub/CasualProductionDreamTeam/DreamRunner/Content/3DAssets/Obstacles/SingleLane_jump/Textures/Wall_low_Wall_low_Wall_low_BaseColor_sRGB.uexp" 1166
"C:/Users/jessw/Documents/GitHub/CasualProductionDreamTeam/DreamRunner/Content/3DAssets/Obstacles/SingleLane_jump/Wall_low.uasset" 1167
"C:/Users/jessw/Documents/GitHub/CasualProductionDreamTeam/DreamRunner/Content/3DAssets/Obstacles/SingleLane_jump/Wall_low.uexp" 1168
"C:/Users/jessw/Documents/GitHub/CasualProductionDreamTeam/DreamRunner/Content/3DAssets/TileSets/SM_TileSet_1.ubulk" 1169
"C:/Users/jessw/Documents/GitHub/CasualProductionDreamTeam/DreamRunner/Content/3DAssets/TileSets/SM_TileSet_1.uasset" 1170
"C:/Users/jessw/Documents/GitHub/CasualProductionDreamTeam/DreamRunner/Content/3DAssets/TileSets/SM_TileSet_1.uexp" 1171
"C:/Users/jessw/Documents/GitHub/CasualProductionDreamTeam/DreamRunner/Content/3DAssets/Obstacles/3wide_jump/3wide_jump_textures/WR_low_Material_002_OcclusionRoughnessMetallic_Raw.ubulk" 1172
"C:/Users/jessw/Documents/GitHub/CasualProductionDreamTeam/DreamRunner/Content/3DAssets/Obstacles/3wide_jump/3wide_jump_textures/WR_low_Material_002_OcclusionRoughnessMetallic_Raw.uasset" 1173
"C:/Users/jessw/Documents/GitHub/CasualProductionDreamTeam/DreamRunner/Content/3DAssets/Obstacles/3wide_jump/3wide_jump_textures/WR_low_Material_002_OcclusionRoughnessMetallic_Raw.uexp" 1174
"C:/Users/jessw/Documents/GitHub/CasualProductionDreamTeam/DreamRunner/Content/3DAssets/Obstacles/3wide_jump/3wide_jump_textures/WR_low_Material_002_Normal_Raw.ubulk" 1175
"C:/Users/jessw/Documents/GitHub/CasualProductionDreamTeam/DreamRunner/Content/3DAssets/Obstacles/3wide_jump/3wide_jump_textures/WR_low_Material_002_Normal_Raw.uasset" 1176
"C:/Users/jessw/Documents/GitHub/CasualProductionDreamTeam/DreamRunner/Content/3DAssets/Obstacles/3wide_jump/3wide_jump_textures/WR_low_Material_002_Normal_Raw.uexp" 1177
"C:/Users/jessw/Documents/GitHub/CasualProductionDreamTeam/DreamRunner/Content/3DAssets/Obstacles/3wide_jump/3wide_jump_textures/WR_low_Material_002_BaseColor_sRGB.ubulk" 1178
"C:/Users/jessw/Documents/GitHub/CasualProductionDreamTeam/DreamRunner/Content/3DAssets/Obstacles/3wide_jump/3wide_jump_textures/WR_low_Material_002_BaseColor_sRGB.uasset" 1179
"C:/Users/jessw/Documents/GitHub/CasualProductionDreamTeam/DreamRunner/Content/3DAssets/Obstacles/3wide_jump/3wide_jump_textures/WR_low_Material_002_BaseColor_sRGB.uexp" 1180
"C:/Users/jessw/Documents/GitHub/CasualProductionDreamTeam/DreamRunner/Content/3DAssets/Obstacles/3wide_jump/WJ_mat.uasset" 1181
"C:/Users/jessw/Documents/GitHub/CasualProductionDreamTeam/DreamRunner/Content/3DAssets/Obstacles/3wide_jump/WJ_mat.uexp" 1182
"C:/Users/jessw/Documents/GitHub/CasualProductionDreamTeam/DreamRunner/Content/3DAssets/TileSets/SM_TileSet_2.ubulk" 1183
"C:/Users/jessw/Documents/GitHub/CasualProductionDreamTeam/DreamRunner/Content/3DAssets/TileSets/SM_TileSet_2.uasset" 1184
"C:/Users/jessw/Documents/GitHub/CasualProductionDreamTeam/DreamRunner/Content/3DAssets/TileSets/SM_TileSet_2.uexp" 1185
"C:/Users/jessw/Documents/GitHub/CasualProductionDreamTeam/DreamRunner/Content/3DAssets/TileSets/SM_TileSet_3.ubulk" 1186
"C:/Users/jessw/Documents/GitHub/CasualProductionDreamTeam/DreamRunner/Content/3DAssets/TileSets/SM_TileSet_3.uasset" 1187
"C:/Users/jessw/Documents/GitHub/CasualProductionDreamTeam/DreamRunner/Content/3DAssets/TileSets/SM_TileSet_3.uexp" 1188
"C:/Users/jessw/Documents/GitHub/CasualProductionDreamTeam/DreamRunner/Content/3DAssets/TileSets/SM_TileSet_4.ubulk" 1189
"C:/Users/jessw/Documents/GitHub/CasualProductionDreamTeam/DreamRunner/Content/3DAssets/TileSets/SM_TileSet_4.uasset" 1190
"C:/Users/jessw/Documents/GitHub/CasualProductionDreamTeam/DreamRunner/Content/3DAssets/TileSets/SM_TileSet_4.uexp" 1191
"C:/Users/jessw/Documents/GitHub/CasualProductionDreamTeam/DreamRunner/Content/3DAssets/Obstacles/3wide_side_slide/3wide_side_slide_textures/WSR_low_Material_002_OcclusionRoughnessMetallic_Raw.ubulk" 1192
"C:/Users/jessw/Documents/GitHub/CasualProductionDreamTeam/DreamRunner/Content/3DAssets/Obstacles/3wide_side_slide/3wide_side_slide_textures/WSR_low_Material_002_OcclusionRoughnessMetallic_Raw.uasset" 1193
"C:/Users/jessw/Documents/GitHub/CasualProductionDreamTeam/DreamRunner/Content/3DAssets/Obstacles/3wide_side_slide/3wide_side_slide_textures/WSR_low_Material_002_OcclusionRoughnessMetallic_Raw.uexp" 1194
"C:/Users/jessw/Documents/GitHub/CasualProductionDreamTeam/DreamRunner/Content/3DAssets/Obstacles/3wide_side_slide/3wide_side_slide_textures/WSR_lowNormal.ubulk" 1195
"C:/Users/jessw/Documents/GitHub/CasualProductionDreamTeam/DreamRunner/Content/3DAssets/Obstacles/3wide_side_slide/3wide_side_slide_textures/WSR_lowNormal.uasset" 1196
"C:/Users/jessw/Documents/GitHub/CasualProductionDreamTeam/DreamRunner/Content/3DAssets/Obstacles/3wide_side_slide/3wide_side_slide_textures/WSR_lowNormal.uexp" 1197
"C:/Users/jessw/Documents/GitHub/CasualProductionDreamTeam/DreamRunner/Content/3DAssets/Obstacles/3wide_side_slide/3wide_side_slide_textures/WSR_lowColor.ubulk" 1198
"C:/Users/jessw/Documents/GitHub/CasualProductionDreamTeam/DreamRunner/Content/3DAssets/Obstacles/3wide_side_slide/3wide_side_slide_textures/WSR_lowColor.uasset" 1199
"C:/Users/jessw/Documents/GitHub/CasualProductionDreamTeam/DreamRunner/Content/3DAssets/Obstacles/3wide_side_slide/3wide_side_slide_textures/WSR_lowColor.uexp" 1200
"C:/Users/jessw/Documents/GitHub/CasualProductionDreamTeam/DreamRunner/Content/3DAssets/Obstacles/3wide_side_slide/Material_002.uasset" 1201
"C:/Users/jessw/Documents/GitHub/CasualProductionDreamTeam/DreamRunner/Content/3DAssets/Obstacles/3wide_side_slide/Material_002.uexp" 1202
"C:/Users/jessw/Documents/GitHub/CasualProductionDreamTeam/DreamRunner/Content/3DAssets/TileSets/SM_TileSet_5.ubulk" 1203
"C:/Users/jessw/Documents/GitHub/CasualProductionDreamTeam/DreamRunner/Content/3DAssets/TileSets/SM_TileSet_5.uasset" 1204
"C:/Users/jessw/Documents/GitHub/CasualProductionDreamTeam/DreamRunner/Content/3DAssets/TileSets/SM_TileSet_5.uexp" 1205
"C:/Users/jessw/Documents/GitHub/CasualProductionDreamTeam/DreamRunner/Content/3DAssets/TileSets/SM_TileSet_6.ubulk" 1206
"C:/Users/jessw/Documents/GitHub/CasualProductionDreamTeam/DreamRunner/Content/3DAssets/TileSets/SM_TileSet_6.uasset" 1207
"C:/Users/jessw/Documents/GitHub/CasualProductionDreamTeam/DreamRunner/Content/3DAssets/TileSets/SM_TileSet_6.uexp" 1208
"C:/Users/jessw/Documents/GitHub/CasualProductionDreamTeam/DreamRunner/Content/3DAssets/TileSets/SM_TIleSet_7.ubulk" 1209
"C:/Users/jessw/Documents/GitHub/CasualProductionDreamTeam/DreamRunner/Content/3DAssets/TileSets/SM_TIleSet_7.uasset" 1210
"C:/Users/jessw/Documents/GitHub/CasualProductionDreamTeam/DreamRunner/Content/3DAssets/TileSets/SM_TIleSet_7.uexp" 1211
"C:/Users/jessw/Documents/GitHub/CasualProductionDreamTeam/DreamRunner/Content/3DAssets/Obstacles/3wide_side_slide/WSR.ubulk" 1212
"C:/Users/jessw/Documents/GitHub/CasualProductionDreamTeam/DreamRunner/Content/3DAssets/Obstacles/3wide_side_slide/WSR.uasset" 1213
"C:/Users/jessw/Documents/GitHub/CasualProductionDreamTeam/DreamRunner/Content/3DAssets/Obstacles/3wide_side_slide/WSR.uexp" 1214
"../../../Engine/Content/EngineMeshes/Sphere.ubulk" 1215
"../../../Engine/Content/EngineMeshes/Sphere.uasset" 1216
"../../../Engine/Content/EngineMeshes/Sphere.uexp" 1217
"C:/Users/jessw/Documents/GitHub/CasualProductionDreamTeam/DreamRunner/Content/Materials/Flare00.ubulk" 1218
"C:/Users/jessw/Documents/GitHub/CasualProductionDreamTeam/DreamRunner/Content/Materials/Flare00.uasset" 1219
"C:/Users/jessw/Documents/GitHub/CasualProductionDreamTeam/DreamRunner/Content/Materials/Flare00.uexp" 1220
"C:/Users/jessw/Documents/GitHub/CasualProductionDreamTeam/DreamRunner/Content/Materials/M_CollectibleParticle.uasset" 1221
"C:/Users/jessw/Documents/GitHub/CasualProductionDreamTeam/DreamRunner/Content/Materials/M_CollectibleParticle.uexp" 1222
"C:/Users/jessw/Documents/GitHub/CasualProductionDreamTeam/DreamRunner/Content/Materials/Flare02.ubulk" 1223
"C:/Users/jessw/Documents/GitHub/CasualProductionDreamTeam/DreamRunner/Content/Materials/Flare02.uasset" 1224
"C:/Users/jessw/Documents/GitHub/CasualProductionDreamTeam/DreamRunner/Content/Materials/Flare02.uexp" 1225
"C:/Users/jessw/Documents/GitHub/CasualProductionDreamTeam/DreamRunner/Content/Materials/MI_CollectibleStars.uasset" 1226
"C:/Users/jessw/Documents/GitHub/CasualProductionDreamTeam/DreamRunner/Content/Materials/MI_CollectibleStars.uexp" 1227
"C:/Users/jessw/Documents/GitHub/CasualProductionDreamTeam/DreamRunner/Content/Materials/MI_CollectibleFlare.uasset" 1228
"C:/Users/jessw/Documents/GitHub/CasualProductionDreamTeam/DreamRunner/Content/Materials/MI_CollectibleFlare.uexp" 1229
"C:/Users/jessw/Documents/GitHub/CasualProductionDreamTeam/DreamRunner/Content/Materials/Circle01.uasset" 1230
"C:/Users/jessw/Documents/GitHub/CasualProductionDreamTeam/DreamRunner/Content/Materials/Circle01.uexp" 1231
"C:/Users/jessw/Documents/GitHub/CasualProductionDreamTeam/DreamRunner/Content/Materials/MI_CollectibleCircle.uasset" 1232
"C:/Users/jessw/Documents/GitHub/CasualProductionDreamTeam/DreamRunner/Content/Materials/MI_CollectibleCircle.uexp" 1233
"C:/Users/jessw/Documents/GitHub/CasualProductionDreamTeam/DreamRunner/Content/VFX/NS_Collectibles.uasset" 1234
"C:/Users/jessw/Documents/GitHub/CasualProductionDreamTeam/DreamRunner/Content/VFX/NS_Collectibles.uexp" 1235
"C:/Users/jessw/Documents/GitHub/CasualProductionDreamTeam/DreamRunner/Content/Materials/Orb_Mat.uasset" 1236
"C:/Users/jessw/Documents/GitHub/CasualProductionDreamTeam/DreamRunner/Content/Materials/Orb_Mat.uexp" 1237
"C:/Users/jessw/Documents/GitHub/CasualProductionDreamTeam/DreamRunner/Content/Audio/Collection.ubulk" 1238
"C:/Users/jessw/Documents/GitHub/CasualProductionDreamTeam/DreamRunner/Content/Audio/Collection.uasset" 1239
"C:/Users/jessw/Documents/GitHub/CasualProductionDreamTeam/DreamRunner/Content/Audio/Collection.uexp" 1240
"C:/Users/jessw/Documents/GitHub/CasualProductionDreamTeam/DreamRunner/Content/ThirdPerson/Blueprints/BP_Orb.uasset" 1241
"C:/Users/jessw/Documents/GitHub/CasualProductionDreamTeam/DreamRunner/Content/ThirdPerson/Blueprints/BP_Orb.uexp" 1242
"C:/Users/jessw/Documents/GitHub/CasualProductionDreamTeam/DreamRunner/Content/Audio/HitSound.ubulk" 1243
"C:/Users/jessw/Documents/GitHub/CasualProductionDreamTeam/DreamRunner/Content/Audio/HitSound.uasset" 1244
"C:/Users/jessw/Documents/GitHub/CasualProductionDreamTeam/DreamRunner/Content/Audio/HitSound.uexp" 1245
"../../../Engine/Plugins/Fab/Content/MaterialFunctions/QMF_Tiling.uasset" 1246
"../../../Engine/Plugins/Fab/Content/MaterialFunctions/QMF_Tiling.uexp" 1247
"../../../Engine/Plugins/Fab/Content/MaterialFunctions/QMF_RoughnessAdjustments.uasset" 1248
"../../../Engine/Plugins/Fab/Content/MaterialFunctions/QMF_RoughnessAdjustments.uexp" 1249
"../../../Engine/Plugins/Fab/Content/MaterialFunctions/QMF_NormalAdjustments.uasset" 1250
"../../../Engine/Plugins/Fab/Content/MaterialFunctions/QMF_NormalAdjustments.uexp" 1251
"../../../Engine/Plugins/Fab/Content/MaterialFunctions/QMF_BaseColorAdjustments.uasset" 1252
"../../../Engine/Plugins/Fab/Content/MaterialFunctions/QMF_BaseColorAdjustments.uexp" 1253
"../../../Engine/Plugins/Fab/Content/MaterialFunctions/QMF_AOAdjustments.uasset" 1254
"../../../Engine/Plugins/Fab/Content/MaterialFunctions/QMF_AOAdjustments.uexp" 1255
"../../../Engine/Plugins/Fab/Content/Textures/Standard/T_DefaultNormal.uasset" 1256
"../../../Engine/Plugins/Fab/Content/Textures/Standard/T_DefaultNormal.uexp" 1257
"../../../Engine/Plugins/Fab/Content/Textures/Standard/T_DefaultMasks.uasset" 1258
"../../../Engine/Plugins/Fab/Content/Textures/Standard/T_DefaultMasks.uexp" 1259
"../../../Engine/Plugins/Fab/Content/Textures/Standard/T_DefaultDisplacement.uasset" 1260
"../../../Engine/Plugins/Fab/Content/Textures/Standard/T_DefaultDisplacement.uexp" 1261
"../../../Engine/Plugins/Fab/Content/Textures/Standard/T_DefaultColor.uasset" 1262
"../../../Engine/Plugins/Fab/Content/Textures/Standard/T_DefaultColor.uexp" 1263
"../../../Engine/Plugins/Fab/Content/Materials/Standard/M_MS_Srf.uasset" 1264
"../../../Engine/Plugins/Fab/Content/Materials/Standard/M_MS_Srf.uexp" 1265
"C:/Users/jessw/Documents/GitHub/CasualProductionDreamTeam/DreamRunner/Content/Fab/Megascans/Surfaces/Icelandic_Rock_Cliff_sjggaija/Medium/sjggaija_tier_2/Textures/T_sjggaija_2K_ORM.ubulk" 1266
"C:/Users/jessw/Documents/GitHub/CasualProductionDreamTeam/DreamRunner/Content/Fab/Megascans/Surfaces/Icelandic_Rock_Cliff_sjggaija/Medium/sjggaija_tier_2/Textures/T_sjggaija_2K_ORM.uasset" 1267
"C:/Users/jessw/Documents/GitHub/CasualProductionDreamTeam/DreamRunner/Content/Fab/Megascans/Surfaces/Icelandic_Rock_Cliff_sjggaija/Medium/sjggaija_tier_2/Textures/T_sjggaija_2K_ORM.uexp" 1268
"C:/Users/jessw/Documents/GitHub/CasualProductionDreamTeam/DreamRunner/Content/Fab/Megascans/Surfaces/Icelandic_Rock_Cliff_sjggaija/Medium/sjggaija_tier_2/Textures/T_sjggaija_2K_N.ubulk" 1269
"C:/Users/jessw/Documents/GitHub/CasualProductionDreamTeam/DreamRunner/Content/Fab/Megascans/Surfaces/Icelandic_Rock_Cliff_sjggaija/Medium/sjggaija_tier_2/Textures/T_sjggaija_2K_N.uasset" 1270
"C:/Users/jessw/Documents/GitHub/CasualProductionDreamTeam/DreamRunner/Content/Fab/Megascans/Surfaces/Icelandic_Rock_Cliff_sjggaija/Medium/sjggaija_tier_2/Textures/T_sjggaija_2K_N.uexp" 1271
"C:/Users/jessw/Documents/GitHub/CasualProductionDreamTeam/DreamRunner/Content/Fab/Megascans/Surfaces/Icelandic_Rock_Cliff_sjggaija/Medium/sjggaija_tier_2/Textures/T_sjggaija_2K_B.ubulk" 1272
"C:/Users/jessw/Documents/GitHub/CasualProductionDreamTeam/DreamRunner/Content/Fab/Megascans/Surfaces/Icelandic_Rock_Cliff_sjggaija/Medium/sjggaija_tier_2/Textures/T_sjggaija_2K_B.uasset" 1273
"C:/Users/jessw/Documents/GitHub/CasualProductionDreamTeam/DreamRunner/Content/Fab/Megascans/Surfaces/Icelandic_Rock_Cliff_sjggaija/Medium/sjggaija_tier_2/Textures/T_sjggaija_2K_B.uexp" 1274
"C:/Users/jessw/Documents/GitHub/CasualProductionDreamTeam/DreamRunner/Content/Fab/Megascans/Surfaces/Icelandic_Rock_Cliff_sjggaija/Medium/sjggaija_tier_2/Materials/MI_sjggaija.uasset" 1275
"C:/Users/jessw/Documents/GitHub/CasualProductionDreamTeam/DreamRunner/Content/Fab/Megascans/Surfaces/Icelandic_Rock_Cliff_sjggaija/Medium/sjggaija_tier_2/Materials/MI_sjggaija.uexp" 1276
"C:/Users/jessw/Documents/GitHub/CasualProductionDreamTeam/DreamRunner/Content/ThirdPerson/Blueprints/BP_Block.uasset" 1277
"C:/Users/jessw/Documents/GitHub/CasualProductionDreamTeam/DreamRunner/Content/ThirdPerson/Blueprints/BP_Block.uexp" 1278
"C:/Users/jessw/Documents/GitHub/CasualProductionDreamTeam/DreamRunner/Content/Audio/Start_Up.ubulk" 1279
"C:/Users/jessw/Documents/GitHub/CasualProductionDreamTeam/DreamRunner/Content/Audio/Start_Up.uasset" 1280
"C:/Users/jessw/Documents/GitHub/CasualProductionDreamTeam/DreamRunner/Content/Audio/Start_Up.uexp" 1281
"C:/Users/jessw/Documents/GitHub/CasualProductionDreamTeam/DreamRunner/Content/ThirdPerson/Blueprints/GM_DreamRunner.uasset" 1282
"C:/Users/jessw/Documents/GitHub/CasualProductionDreamTeam/DreamRunner/Content/ThirdPerson/Blueprints/GM_DreamRunner.uexp" 1283
"C:/Users/jessw/Documents/GitHub/CasualProductionDreamTeam/DreamRunner/Content/ThirdPerson/Lvl_ThirdPerson.uexp" 1284
"C:/Users/jessw/Documents/GitHub/CasualProductionDreamTeam/DreamRunner/Content/ThirdPerson/Lvl_ThirdPerson.umap" 1285
"../../../Engine/Content/BasicShapes/BasicShapeMaterial.uasset" 1286
"../../../Engine/Content/BasicShapes/BasicShapeMaterial.uexp" 1287
"../../../Engine/Content/EngineSky/VolumetricClouds/VT_PerlinWorley_Balanced.uasset" 1288
"../../../Engine/Content/EngineSky/VolumetricClouds/VT_PerlinWorley_Balanced.uexp" 1289
"../../../Engine/Content/EngineSky/VolumetricClouds/T_Profile_08.ubulk" 1290
"../../../Engine/Content/EngineSky/VolumetricClouds/T_Profile_08.uasset" 1291
"../../../Engine/Content/EngineSky/VolumetricClouds/T_Profile_08.uexp" 1292
"../../../Engine/Content/EngineSky/VolumetricClouds/T_CloudPattern.ubulk" 1293
"../../../Engine/Content/EngineSky/VolumetricClouds/T_CloudPattern.uasset" 1294
"../../../Engine/Content/EngineSky/VolumetricClouds/T_CloudPattern.uexp" 1295
"../../../Engine/Content/EngineSky/VolumetricClouds/T_CloudMask.ubulk" 1296
"../../../Engine/Content/EngineSky/VolumetricClouds/T_CloudMask.uasset" 1297
"../../../Engine/Content/EngineSky/VolumetricClouds/T_CloudMask.uexp" 1298
"../../../Engine/Content/Functions/Engine_MaterialFunctions02/Utility/BreakOutFloat4Components.uasset" 1299
"../../../Engine/Content/Functions/Engine_MaterialFunctions02/Utility/BreakOutFloat4Components.uexp" 1300
"../../../Engine/Content/EngineResources/DefaultVolumeTexture2D.uasset" 1301
"../../../Engine/Content/EngineResources/DefaultVolumeTexture2D.uexp" 1302
"../../../Engine/Content/EngineResources/DefaultVolumeTexture.uasset" 1303
"../../../Engine/Content/EngineResources/DefaultVolumeTexture.uexp" 1304
"../../../Engine/Content/Functions/Engine_MaterialFunctions02/Utility/MakeFloat4.uasset" 1305
"../../../Engine/Content/Functions/Engine_MaterialFunctions02/Utility/MakeFloat4.uexp" 1306
"../../../Engine/Content/EngineSky/VolumetricClouds/VT_Lightning.uasset" 1307
"../../../Engine/Content/EngineSky/VolumetricClouds/VT_Lightning.uexp" 1308
"../../../Engine/Content/Functions/Engine_MaterialFunctions01/Units/Km-to-Cm.uasset" 1309
"../../../Engine/Content/Functions/Engine_MaterialFunctions01/Units/Km-to-Cm.uexp" 1310
"../../../Engine/Content/EngineSky/VolumetricClouds/m_SimpleVolumetricCloud.uasset" 1311
"../../../Engine/Content/EngineSky/VolumetricClouds/m_SimpleVolumetricCloud.uexp" 1312
"../../../Engine/Content/EngineSky/VolumetricClouds/m_SimpleVolumetricCloud_Inst.uasset" 1313
"../../../Engine/Content/EngineSky/VolumetricClouds/m_SimpleVolumetricCloud_Inst.uexp" 1314
"C:/Users/jessw/Documents/GitHub/CasualProductionDreamTeam/DreamRunner/Content/3DAssets/Characters/player_model_Skeleton.uasset" 1315
"C:/Users/jessw/Documents/GitHub/CasualProductionDreamTeam/DreamRunner/Content/3DAssets/Characters/player_model_Skeleton.uexp" 1316
"C:/Users/jessw/Documents/GitHub/CasualProductionDreamTeam/DreamRunner/Content/3DAssets/Characters/player_model_PhysicsAsset.uasset" 1317
"C:/Users/jessw/Documents/GitHub/CasualProductionDreamTeam/DreamRunner/Content/3DAssets/Characters/player_model_PhysicsAsset.uexp" 1318
"../../../Engine/Plugins/Interchange/Assets/Content/Functions/MF_PhongToMetalRoughness.uasset" 1319
"../../../Engine/Plugins/Interchange/Assets/Content/Functions/MF_PhongToMetalRoughness.uexp" 1320
"C:/Users/jessw/Documents/GitHub/CasualProductionDreamTeam/DreamRunner/Content/3DAssets/Characters/gold.uasset" 1321
"C:/Users/jessw/Documents/GitHub/CasualProductionDreamTeam/DreamRunner/Content/3DAssets/Characters/gold.uexp" 1322
"C:/Users/jessw/Documents/GitHub/CasualProductionDreamTeam/DreamRunner/Content/3DAssets/Characters/darkergold.uasset" 1323
"C:/Users/jessw/Documents/GitHub/CasualProductionDreamTeam/DreamRunner/Content/3DAssets/Characters/darkergold.uexp" 1324
"C:/Users/jessw/Documents/GitHub/CasualProductionDreamTeam/DreamRunner/Content/3DAssets/Characters/brither_gold.uasset" 1325
"C:/Users/jessw/Documents/GitHub/CasualProductionDreamTeam/DreamRunner/Content/3DAssets/Characters/brither_gold.uexp" 1326
"C:/Users/jessw/Documents/GitHub/CasualProductionDreamTeam/DreamRunner/Content/3DAssets/Characters/body1.uasset" 1327
"C:/Users/jessw/Documents/GitHub/CasualProductionDreamTeam/DreamRunner/Content/3DAssets/Characters/body1.uexp" 1328
"C:/Users/jessw/Documents/GitHub/CasualProductionDreamTeam/DreamRunner/Content/3DAssets/Characters/player_model.uasset" 1329
"C:/Users/jessw/Documents/GitHub/CasualProductionDreamTeam/DreamRunner/Content/3DAssets/Characters/player_model.uexp" 1330
"C:/Users/jessw/Documents/GitHub/CasualProductionDreamTeam/DreamRunner/Content/3DAssets/Obstacles/slide_under/textures/slide_under_initialShadingGroup_OcclusionRoughnessMetallic.ubulk" 1331
"C:/Users/jessw/Documents/GitHub/CasualProductionDreamTeam/DreamRunner/Content/3DAssets/Obstacles/slide_under/textures/slide_under_initialShadingGroup_OcclusionRoughnessMetallic.uasset" 1332
"C:/Users/jessw/Documents/GitHub/CasualProductionDreamTeam/DreamRunner/Content/3DAssets/Obstacles/slide_under/textures/slide_under_initialShadingGroup_OcclusionRoughnessMetallic.uexp" 1333
"C:/Users/jessw/Documents/GitHub/CasualProductionDreamTeam/DreamRunner/Content/3DAssets/Obstacles/slide_under/textures/slide_under_initialShadingGroup_Normal.ubulk" 1334
"C:/Users/jessw/Documents/GitHub/CasualProductionDreamTeam/DreamRunner/Content/3DAssets/Obstacles/slide_under/textures/slide_under_initialShadingGroup_Normal.uasset" 1335
"C:/Users/jessw/Documents/GitHub/CasualProductionDreamTeam/DreamRunner/Content/3DAssets/Obstacles/slide_under/textures/slide_under_initialShadingGroup_Normal.uexp" 1336
"C:/Users/jessw/Documents/GitHub/CasualProductionDreamTeam/DreamRunner/Content/3DAssets/Obstacles/slide_under/textures/slide_under_initialShadingGroup_BaseColor.ubulk" 1337
"C:/Users/jessw/Documents/GitHub/CasualProductionDreamTeam/DreamRunner/Content/3DAssets/Obstacles/slide_under/textures/slide_under_initialShadingGroup_BaseColor.uasset" 1338
"C:/Users/jessw/Documents/GitHub/CasualProductionDreamTeam/DreamRunner/Content/3DAssets/Obstacles/slide_under/textures/slide_under_initialShadingGroup_BaseColor.uexp" 1339
"C:/Users/jessw/Documents/GitHub/CasualProductionDreamTeam/DreamRunner/Content/3DAssets/Obstacles/slide_under/initialShadingGroup.uasset" 1340
"C:/Users/jessw/Documents/GitHub/CasualProductionDreamTeam/DreamRunner/Content/3DAssets/Obstacles/slide_under/initialShadingGroup.uexp" 1341
"C:/Users/jessw/Documents/GitHub/CasualProductionDreamTeam/DreamRunner/Content/3DAssets/Obstacles/slide_under/slide_under.ubulk" 1342
"C:/Users/jessw/Documents/GitHub/CasualProductionDreamTeam/DreamRunner/Content/3DAssets/Obstacles/slide_under/slide_under.uasset" 1343
"C:/Users/jessw/Documents/GitHub/CasualProductionDreamTeam/DreamRunner/Content/3DAssets/Obstacles/slide_under/slide_under.uexp" 1344
"C:/Users/jessw/Documents/GitHub/CasualProductionDreamTeam/DreamRunner/Content/3DAssets/Obstacles/SingleLane_jump/Wall_low1.ubulk" 1345
"C:/Users/jessw/Documents/GitHub/CasualProductionDreamTeam/DreamRunner/Content/3DAssets/Obstacles/SingleLane_jump/Wall_low1.uasset" 1346
"C:/Users/jessw/Documents/GitHub/CasualProductionDreamTeam/DreamRunner/Content/3DAssets/Obstacles/SingleLane_jump/Wall_low1.uexp" 1347
"C:/Users/jessw/Documents/GitHub/CasualProductionDreamTeam/DreamRunner/Content/3DAssets/Obstacles/3wide_jump/WJ_low.ubulk" 1348
"C:/Users/jessw/Documents/GitHub/CasualProductionDreamTeam/DreamRunner/Content/3DAssets/Obstacles/3wide_jump/WJ_low.uasset" 1349
"C:/Users/jessw/Documents/GitHub/CasualProductionDreamTeam/DreamRunner/Content/3DAssets/Obstacles/3wide_jump/WJ_low.uexp" 1350
"C:/Users/jessw/Documents/GitHub/CasualProductionDreamTeam/DreamRunner/Content/Audio/Nightmare_style.ubulk" 1351
"C:/Users/jessw/Documents/GitHub/CasualProductionDreamTeam/DreamRunner/Content/Audio/Nightmare_style.uasset" 1352
"C:/Users/jessw/Documents/GitHub/CasualProductionDreamTeam/DreamRunner/Content/Audio/Nightmare_style.uexp" 1353
"C:/Users/jessw/Documents/GitHub/CasualProductionDreamTeam/DreamRunner/Content/ThirdPerson/Lvl_ArtRoom.uexp" 1354
"C:/Users/jessw/Documents/GitHub/CasualProductionDreamTeam/DreamRunner/Content/ThirdPerson/Lvl_ArtRoom.umap" 1355
"../../../Engine/Content/EngineSky/T_Sky_Stars.ubulk" 1356
"../../../Engine/Content/EngineSky/T_Sky_Stars.uasset" 1357
"../../../Engine/Content/EngineSky/T_Sky_Stars.uexp" 1358
"../../../Engine/Content/EngineSky/T_Sky_Clouds_M.ubulk" 1359
"../../../Engine/Content/EngineSky/T_Sky_Clouds_M.uasset" 1360
"../../../Engine/Content/EngineSky/T_Sky_Clouds_M.uexp" 1361
"../../../Engine/Content/EngineSky/T_Sky_Blue.ubulk" 1362
"../../../Engine/Content/EngineSky/T_Sky_Blue.uasset" 1363
"../../../Engine/Content/EngineSky/T_Sky_Blue.uexp" 1364
"../../../Engine/Content/EngineSky/M_Sky_Panning_Clouds2.uasset" 1365
"../../../Engine/Content/EngineSky/M_Sky_Panning_Clouds2.uexp" 1366
"../../../Engine/Content/EngineSky/SM_SkySphere.ubulk" 1367
"../../../Engine/Content/EngineSky/SM_SkySphere.uasset" 1368
"../../../Engine/Content/EngineSky/SM_SkySphere.uexp" 1369
"../../../Engine/Content/EngineSky/M_SimpleSkyDome.uasset" 1370
"../../../Engine/Content/EngineSky/M_SimpleSkyDome.uexp" 1371
"C:/Users/jessw/Documents/GitHub/CasualProductionDreamTeam/DreamRunner/Content/UI/Settings.uasset" 1372
"C:/Users/jessw/Documents/GitHub/CasualProductionDreamTeam/DreamRunner/Content/UI/Settings.uexp" 1373
"C:/Users/jessw/Documents/GitHub/CasualProductionDreamTeam/DreamRunner/Content/UI/MI_TextWave_Mk2_MM.uasset" 1374
"C:/Users/jessw/Documents/GitHub/CasualProductionDreamTeam/DreamRunner/Content/UI/MI_TextWave_Mk2_MM.uexp" 1375
"C:/Users/jessw/Documents/GitHub/CasualProductionDreamTeam/DreamRunner/Content/UI/Gear_Icon.uasset" 1376
"C:/Users/jessw/Documents/GitHub/CasualProductionDreamTeam/DreamRunner/Content/UI/Gear_Icon.uexp" 1377
"C:/Users/jessw/Documents/GitHub/CasualProductionDreamTeam/DreamRunner/Content/UI/Main_Menu.uasset" 1378
"C:/Users/jessw/Documents/GitHub/CasualProductionDreamTeam/DreamRunner/Content/UI/Main_Menu.uexp" 1379
"C:/Users/jessw/Documents/GitHub/CasualProductionDreamTeam/DreamRunner/Content/Audio/Ethereal.ubulk" 1380
"C:/Users/jessw/Documents/GitHub/CasualProductionDreamTeam/DreamRunner/Content/Audio/Ethereal.uasset" 1381
"C:/Users/jessw/Documents/GitHub/CasualProductionDreamTeam/DreamRunner/Content/Audio/Ethereal.uexp" 1382
"C:/Users/jessw/Documents/GitHub/CasualProductionDreamTeam/DreamRunner/Content/Levels/Main_Menu_Level.uexp" 1383
"C:/Users/jessw/Documents/GitHub/CasualProductionDreamTeam/DreamRunner/Content/Levels/Main_Menu_Level.umap" 1384
"C:/Users/jessw/Documents/GitHub/CasualProductionDreamTeam/DreamRunner/Content/VNStuff/Content/Textures/Events/Asset_Breakfast.uasset" 1385
"C:/Users/jessw/Documents/GitHub/CasualProductionDreamTeam/DreamRunner/Content/VNStuff/Content/Textures/Events/Asset_Breakfast.uexp" 1386
"C:/Users/jessw/Documents/GitHub/CasualProductionDreamTeam/DreamRunner/Content/VNStuff/Content/Textures/UI/BoxLayouts__0002_UI_Textbox1.uasset" 1387
"C:/Users/jessw/Documents/GitHub/CasualProductionDreamTeam/DreamRunner/Content/VNStuff/Content/Textures/UI/BoxLayouts__0002_UI_Textbox1.uexp" 1388
"C:/Users/jessw/Documents/GitHub/CasualProductionDreamTeam/DreamRunner/Content/VNStuff/Content/Textures/Characters/Hikari__Neutral.uasset" 1389
"C:/Users/jessw/Documents/GitHub/CasualProductionDreamTeam/DreamRunner/Content/VNStuff/Content/Textures/Characters/Hikari__Neutral.uexp" 1390
"C:/Users/jessw/Documents/GitHub/CasualProductionDreamTeam/DreamRunner/Content/VNStuff/Content/UI/WG_Character1.uasset" 1391
"C:/Users/jessw/Documents/GitHub/CasualProductionDreamTeam/DreamRunner/Content/VNStuff/Content/UI/WG_Character1.uexp" 1392
"C:/Users/jessw/Documents/GitHub/CasualProductionDreamTeam/DreamRunner/Content/VNStuff/Content/UI/WG_FocusedEvent.uasset" 1393
"C:/Users/jessw/Documents/GitHub/CasualProductionDreamTeam/DreamRunner/Content/VNStuff/Content/UI/WG_FocusedEvent.uexp" 1394
"C:/Users/jessw/Documents/GitHub/CasualProductionDreamTeam/DreamRunner/Content/VNStuff/Content/Textures/UI/BoxLayouts__0003_UI_Textbox.uasset" 1395
"C:/Users/jessw/Documents/GitHub/CasualProductionDreamTeam/DreamRunner/Content/VNStuff/Content/Textures/UI/BoxLayouts__0003_UI_Textbox.uexp" 1396
"C:/Users/jessw/Documents/GitHub/CasualProductionDreamTeam/DreamRunner/Content/VNStuff/Content/Textures/UI/BoxLayouts2_0004_UI_Namebox1.uasset" 1397
"C:/Users/jessw/Documents/GitHub/CasualProductionDreamTeam/DreamRunner/Content/VNStuff/Content/Textures/UI/BoxLayouts2_0004_UI_Namebox1.uexp" 1398
"C:/Users/jessw/Documents/GitHub/CasualProductionDreamTeam/DreamRunner/Content/VNStuff/Content/SFX/UI/680823__sordidmoo__26777_1128404-lq.ubulk" 1399
"C:/Users/jessw/Documents/GitHub/CasualProductionDreamTeam/DreamRunner/Content/VNStuff/Content/SFX/UI/680823__sordidmoo__26777_1128404-lq.uasset" 1400
"C:/Users/jessw/Documents/GitHub/CasualProductionDreamTeam/DreamRunner/Content/VNStuff/Content/SFX/UI/680823__sordidmoo__26777_1128404-lq.uexp" 1401
"C:/Users/jessw/Documents/GitHub/CasualProductionDreamTeam/DreamRunner/Content/VNStuff/Content/SFX/UI/680823__sordidmoo__26777_1128404-lq_Cue.uasset" 1402
"C:/Users/jessw/Documents/GitHub/CasualProductionDreamTeam/DreamRunner/Content/VNStuff/Content/SFX/UI/680823__sordidmoo__26777_1128404-lq_Cue.uexp" 1403
"C:/Users/jessw/Documents/GitHub/CasualProductionDreamTeam/DreamRunner/Content/VNStuff/Content/Blueprints/Enums/E_Names.uasset" 1404
"C:/Users/jessw/Documents/GitHub/CasualProductionDreamTeam/DreamRunner/Content/VNStuff/Content/Blueprints/Enums/E_Names.uexp" 1405
"C:/Users/jessw/Documents/GitHub/CasualProductionDreamTeam/DreamRunner/Content/VNStuff/Content/UI/WG_Dialog.uasset" 1406
"C:/Users/jessw/Documents/GitHub/CasualProductionDreamTeam/DreamRunner/Content/VNStuff/Content/UI/WG_Dialog.uexp" 1407
"C:/Users/jessw/Documents/GitHub/CasualProductionDreamTeam/DreamRunner/Content/VNStuff/Content/UI/WG_Fade.uasset" 1408
"C:/Users/jessw/Documents/GitHub/CasualProductionDreamTeam/DreamRunner/Content/VNStuff/Content/UI/WG_Fade.uexp" 1409
"C:/Users/jessw/Documents/GitHub/CasualProductionDreamTeam/DreamRunner/Content/VNStuff/Content/UI/WG_HUD.uasset" 1410
"C:/Users/jessw/Documents/GitHub/CasualProductionDreamTeam/DreamRunner/Content/VNStuff/Content/UI/WG_HUD.uexp" 1411
"C:/Users/jessw/Documents/GitHub/CasualProductionDreamTeam/DreamRunner/Content/VNStuff/Content/UI/WG_YN.uasset" 1412
"C:/Users/jessw/Documents/GitHub/CasualProductionDreamTeam/DreamRunner/Content/VNStuff/Content/UI/WG_YN.uexp" 1413
"C:/Users/jessw/Documents/GitHub/CasualProductionDreamTeam/DreamRunner/Content/VNStuff/Content/UI/WG_Loading.uasset" 1414
"C:/Users/jessw/Documents/GitHub/CasualProductionDreamTeam/DreamRunner/Content/VNStuff/Content/UI/WG_Loading.uexp" 1415
"C:/Users/jessw/Documents/GitHub/CasualProductionDreamTeam/DreamRunner/Content/VNStuff/Content/Blueprints/Enums/E_Script.uasset" 1416
"C:/Users/jessw/Documents/GitHub/CasualProductionDreamTeam/DreamRunner/Content/VNStuff/Content/Blueprints/Enums/E_Script.uexp" 1417
"C:/Users/jessw/Documents/GitHub/CasualProductionDreamTeam/DreamRunner/Content/VNStuff/Content/Blueprints/ST_Script.uasset" 1418
"C:/Users/jessw/Documents/GitHub/CasualProductionDreamTeam/DreamRunner/Content/VNStuff/Content/Blueprints/ST_Script.uexp" 1419
"C:/Users/jessw/Documents/GitHub/CasualProductionDreamTeam/DreamRunner/Content/VNStuff/Content/Blueprints/ST_DialogSetup.uasset" 1420
"C:/Users/jessw/Documents/GitHub/CasualProductionDreamTeam/DreamRunner/Content/VNStuff/Content/Blueprints/ST_DialogSetup.uexp" 1421
"C:/Users/jessw/Documents/GitHub/CasualProductionDreamTeam/DreamRunner/Content/VNStuff/Content/Blueprints/ST_YNDialogSetup.uasset" 1422
"C:/Users/jessw/Documents/GitHub/CasualProductionDreamTeam/DreamRunner/Content/VNStuff/Content/Blueprints/ST_YNDialogSetup.uexp" 1423
"C:/Users/jessw/Documents/GitHub/CasualProductionDreamTeam/DreamRunner/Content/VNStuff/Content/Blueprints/BP_ScriptManager.uasset" 1424
"C:/Users/jessw/Documents/GitHub/CasualProductionDreamTeam/DreamRunner/Content/VNStuff/Content/Blueprints/BP_ScriptManager.uexp" 1425
"C:/Users/jessw/Documents/GitHub/CasualProductionDreamTeam/DreamRunner/Content/VNStuff/Content/Textures/Characters/Hikari__Sad.uasset" 1426
"C:/Users/jessw/Documents/GitHub/CasualProductionDreamTeam/DreamRunner/Content/VNStuff/Content/Textures/Characters/Hikari__Sad.uexp" 1427
"C:/Users/jessw/Documents/GitHub/CasualProductionDreamTeam/DreamRunner/Content/VNStuff/Content/Textures/Characters/Hikari__Crying.uasset" 1428
"C:/Users/jessw/Documents/GitHub/CasualProductionDreamTeam/DreamRunner/Content/VNStuff/Content/Textures/Characters/Hikari__Crying.uexp" 1429
"C:/Users/jessw/Documents/GitHub/CasualProductionDreamTeam/DreamRunner/Content/VNStuff/Content/Textures/Characters/Hikari_Scared.uasset" 1430
"C:/Users/jessw/Documents/GitHub/CasualProductionDreamTeam/DreamRunner/Content/VNStuff/Content/Textures/Characters/Hikari_Scared.uexp" 1431
"C:/Users/jessw/Documents/GitHub/CasualProductionDreamTeam/DreamRunner/Content/VNStuff/Content/Textures/Characters/Hikari_Happy.uasset" 1432
"C:/Users/jessw/Documents/GitHub/CasualProductionDreamTeam/DreamRunner/Content/VNStuff/Content/Textures/Characters/Hikari_Happy.uexp" 1433
"C:/Users/jessw/Documents/GitHub/CasualProductionDreamTeam/DreamRunner/Content/VNStuff/Content/Textures/Characters/Hikari_Cheerful.uasset" 1434
"C:/Users/jessw/Documents/GitHub/CasualProductionDreamTeam/DreamRunner/Content/VNStuff/Content/Textures/Characters/Hikari_Cheerful.uexp" 1435
"C:/Users/jessw/Documents/GitHub/CasualProductionDreamTeam/DreamRunner/Content/VNStuff/Content/SFX/Character/S_reitanna__japanese-where.ubulk" 1436
"C:/Users/jessw/Documents/GitHub/CasualProductionDreamTeam/DreamRunner/Content/VNStuff/Content/SFX/Character/S_reitanna__japanese-where.uasset" 1437
"C:/Users/jessw/Documents/GitHub/CasualProductionDreamTeam/DreamRunner/Content/VNStuff/Content/SFX/Character/S_reitanna__japanese-where.uexp" 1438
"C:/Users/jessw/Documents/GitHub/CasualProductionDreamTeam/DreamRunner/Content/VNStuff/Content/SFX/Character/S_reitanna__japanese-where_Cue.uasset" 1439
"C:/Users/jessw/Documents/GitHub/CasualProductionDreamTeam/DreamRunner/Content/VNStuff/Content/SFX/Character/S_reitanna__japanese-where_Cue.uexp" 1440
"C:/Users/jessw/Documents/GitHub/CasualProductionDreamTeam/DreamRunner/Content/VNStuff/Content/SFX/Character/S_reitanna__japanese-no3.ubulk" 1441
"C:/Users/jessw/Documents/GitHub/CasualProductionDreamTeam/DreamRunner/Content/VNStuff/Content/SFX/Character/S_reitanna__japanese-no3.uasset" 1442
"C:/Users/jessw/Documents/GitHub/CasualProductionDreamTeam/DreamRunner/Content/VNStuff/Content/SFX/Character/S_reitanna__japanese-no3.uexp" 1443
"C:/Users/jessw/Documents/GitHub/CasualProductionDreamTeam/DreamRunner/Content/VNStuff/Content/SFX/Character/S_reitanna__japanese-no3_Cue.uasset" 1444
"C:/Users/jessw/Documents/GitHub/CasualProductionDreamTeam/DreamRunner/Content/VNStuff/Content/SFX/Character/S_reitanna__japanese-no3_Cue.uexp" 1445
"C:/Users/jessw/Documents/GitHub/CasualProductionDreamTeam/DreamRunner/Content/VNStuff/Content/SFX/Character/S_reitanna__japanese-help3.ubulk" 1446
"C:/Users/jessw/Documents/GitHub/CasualProductionDreamTeam/DreamRunner/Content/VNStuff/Content/SFX/Character/S_reitanna__japanese-help3.uasset" 1447
"C:/Users/jessw/Documents/GitHub/CasualProductionDreamTeam/DreamRunner/Content/VNStuff/Content/SFX/Character/S_reitanna__japanese-help3.uexp" 1448
"C:/Users/jessw/Documents/GitHub/CasualProductionDreamTeam/DreamRunner/Content/VNStuff/Content/SFX/Character/S_reitanna__japanese-help3_Cue.uasset" 1449
"C:/Users/jessw/Documents/GitHub/CasualProductionDreamTeam/DreamRunner/Content/VNStuff/Content/SFX/Character/S_reitanna__japanese-help3_Cue.uexp" 1450
"C:/Users/jessw/Documents/GitHub/CasualProductionDreamTeam/DreamRunner/Content/VNStuff/Content/SFX/Character/S_reitanna__japanese-hello2.ubulk" 1451
"C:/Users/jessw/Documents/GitHub/CasualProductionDreamTeam/DreamRunner/Content/VNStuff/Content/SFX/Character/S_reitanna__japanese-hello2.uasset" 1452
"C:/Users/jessw/Documents/GitHub/CasualProductionDreamTeam/DreamRunner/Content/VNStuff/Content/SFX/Character/S_reitanna__japanese-hello2.uexp" 1453
"C:/Users/jessw/Documents/GitHub/CasualProductionDreamTeam/DreamRunner/Content/VNStuff/Content/SFX/Character/S_reitanna__japanese-hello2_Cue.uasset" 1454
"C:/Users/jessw/Documents/GitHub/CasualProductionDreamTeam/DreamRunner/Content/VNStuff/Content/SFX/Character/S_reitanna__japanese-hello2_Cue.uexp" 1455
"C:/Users/jessw/Documents/GitHub/CasualProductionDreamTeam/DreamRunner/Content/VNStuff/Content/SFX/Character/S_reitanna__japanese-awesome.ubulk" 1456
"C:/Users/jessw/Documents/GitHub/CasualProductionDreamTeam/DreamRunner/Content/VNStuff/Content/SFX/Character/S_reitanna__japanese-awesome.uasset" 1457
"C:/Users/jessw/Documents/GitHub/CasualProductionDreamTeam/DreamRunner/Content/VNStuff/Content/SFX/Character/S_reitanna__japanese-awesome.uexp" 1458
"C:/Users/jessw/Documents/GitHub/CasualProductionDreamTeam/DreamRunner/Content/VNStuff/Content/SFX/Character/S_reitanna__japanese-awesome_Cue.uasset" 1459
"C:/Users/jessw/Documents/GitHub/CasualProductionDreamTeam/DreamRunner/Content/VNStuff/Content/SFX/Character/S_reitanna__japanese-awesome_Cue.uexp" 1460
"C:/Users/jessw/Documents/GitHub/CasualProductionDreamTeam/DreamRunner/Content/VNStuff/Content/Blueprints/DT_TestingYN.uasset" 1461
"C:/Users/jessw/Documents/GitHub/CasualProductionDreamTeam/DreamRunner/Content/VNStuff/Content/Blueprints/DT_TestingYN.uexp" 1462
"C:/Users/jessw/Documents/GitHub/CasualProductionDreamTeam/DreamRunner/Content/VNStuff/Content/Textures/Backgrounds/BG_Park.uasset" 1463
"C:/Users/jessw/Documents/GitHub/CasualProductionDreamTeam/DreamRunner/Content/VNStuff/Content/Textures/Backgrounds/BG_Park.uexp" 1464
"C:/Users/jessw/Documents/GitHub/CasualProductionDreamTeam/DreamRunner/Content/VNStuff/Content/Textures/Backgrounds/BG_BusStop.uasset" 1465
"C:/Users/jessw/Documents/GitHub/CasualProductionDreamTeam/DreamRunner/Content/VNStuff/Content/Textures/Backgrounds/BG_BusStop.uexp" 1466
"C:/Users/jessw/Documents/GitHub/CasualProductionDreamTeam/DreamRunner/Content/VNStuff/Content/SFX/Music/S_wi-photos_menu.ubulk" 1467
"C:/Users/jessw/Documents/GitHub/CasualProductionDreamTeam/DreamRunner/Content/VNStuff/Content/SFX/Music/S_wi-photos_menu.uasset" 1468
"C:/Users/jessw/Documents/GitHub/CasualProductionDreamTeam/DreamRunner/Content/VNStuff/Content/SFX/Music/S_wi-photos_menu.uexp" 1469
"C:/Users/jessw/Documents/GitHub/CasualProductionDreamTeam/DreamRunner/Content/VNStuff/Content/SFX/Music/S_wi-photos__menu_Cue.uasset" 1470
"C:/Users/jessw/Documents/GitHub/CasualProductionDreamTeam/DreamRunner/Content/VNStuff/Content/SFX/Music/S_wi-photos__menu_Cue.uexp" 1471
"C:/Users/jessw/Documents/GitHub/CasualProductionDreamTeam/DreamRunner/Content/VNStuff/Content/SFX/Music/S_gis_sweden__background-music-loop-120bpm-220928.ubulk" 1472
"C:/Users/jessw/Documents/GitHub/CasualProductionDreamTeam/DreamRunner/Content/VNStuff/Content/SFX/Music/S_gis_sweden__background-music-loop-120bpm-220928.uasset" 1473
"C:/Users/jessw/Documents/GitHub/CasualProductionDreamTeam/DreamRunner/Content/VNStuff/Content/SFX/Music/S_gis_sweden__background-music-loop-120bpm-220928.uexp" 1474
"C:/Users/jessw/Documents/GitHub/CasualProductionDreamTeam/DreamRunner/Content/VNStuff/Content/SFX/Music/S_gis_sweden__background-music-loop-120bpm-220928_Cue.uasset" 1475
"C:/Users/jessw/Documents/GitHub/CasualProductionDreamTeam/DreamRunner/Content/VNStuff/Content/SFX/Music/S_gis_sweden__background-music-loop-120bpm-220928_Cue.uexp" 1476
"C:/Users/jessw/Documents/GitHub/CasualProductionDreamTeam/DreamRunner/Content/VNStuff/Content/SFX/Music/S_f-r-a-g-i-l-e__fairy-tale-synth-bells.ubulk" 1477
"C:/Users/jessw/Documents/GitHub/CasualProductionDreamTeam/DreamRunner/Content/VNStuff/Content/SFX/Music/S_f-r-a-g-i-l-e__fairy-tale-synth-bells.uasset" 1478
"C:/Users/jessw/Documents/GitHub/CasualProductionDreamTeam/DreamRunner/Content/VNStuff/Content/SFX/Music/S_f-r-a-g-i-l-e__fairy-tale-synth-bells.uexp" 1479
"C:/Users/jessw/Documents/GitHub/CasualProductionDreamTeam/DreamRunner/Content/VNStuff/Content/SFX/Music/S_f-r-a-g-i-l-e__fairy-tale-synth-bells_Cue.uasset" 1480
"C:/Users/jessw/Documents/GitHub/CasualProductionDreamTeam/DreamRunner/Content/VNStuff/Content/SFX/Music/S_f-r-a-g-i-l-e__fairy-tale-synth-bells_Cue.uexp" 1481
"C:/Users/jessw/Documents/GitHub/CasualProductionDreamTeam/DreamRunner/Content/VNStuff/Content/Blueprints/DT_TestingScript.uasset" 1482
"C:/Users/jessw/Documents/GitHub/CasualProductionDreamTeam/DreamRunner/Content/VNStuff/Content/Blueprints/DT_TestingScript.uexp" 1483
"C:/Users/jessw/Documents/GitHub/CasualProductionDreamTeam/DreamRunner/Content/VNStuff/Content/SFX/Character/S_reitanna__japanese-yay4.ubulk" 1484
"C:/Users/jessw/Documents/GitHub/CasualProductionDreamTeam/DreamRunner/Content/VNStuff/Content/SFX/Character/S_reitanna__japanese-yay4.uasset" 1485
"C:/Users/jessw/Documents/GitHub/CasualProductionDreamTeam/DreamRunner/Content/VNStuff/Content/SFX/Character/S_reitanna__japanese-yay4.uexp" 1486
"C:/Users/jessw/Documents/GitHub/CasualProductionDreamTeam/DreamRunner/Content/VNStuff/Content/SFX/Character/S_reitanna__japanese-yay4_Cue.uasset" 1487
"C:/Users/jessw/Documents/GitHub/CasualProductionDreamTeam/DreamRunner/Content/VNStuff/Content/SFX/Character/S_reitanna__japanese-yay4_Cue.uexp" 1488
"C:/Users/jessw/Documents/GitHub/CasualProductionDreamTeam/DreamRunner/Content/VNStuff/Content/SFX/Character/S_reitanna__japanese-thanks.ubulk" 1489
"C:/Users/jessw/Documents/GitHub/CasualProductionDreamTeam/DreamRunner/Content/VNStuff/Content/SFX/Character/S_reitanna__japanese-thanks.uasset" 1490
"C:/Users/jessw/Documents/GitHub/CasualProductionDreamTeam/DreamRunner/Content/VNStuff/Content/SFX/Character/S_reitanna__japanese-thanks.uexp" 1491
"C:/Users/jessw/Documents/GitHub/CasualProductionDreamTeam/DreamRunner/Content/VNStuff/Content/SFX/Character/S_reitanna__japanese-thanks_Cue.uasset" 1492
"C:/Users/jessw/Documents/GitHub/CasualProductionDreamTeam/DreamRunner/Content/VNStuff/Content/SFX/Character/S_reitanna__japanese-thanks_Cue.uexp" 1493
"C:/Users/jessw/Documents/GitHub/CasualProductionDreamTeam/DreamRunner/Content/VNStuff/Content/SFX/Character/S_reitanna__japanese-good-morning.ubulk" 1494
"C:/Users/jessw/Documents/GitHub/CasualProductionDreamTeam/DreamRunner/Content/VNStuff/Content/SFX/Character/S_reitanna__japanese-good-morning.uasset" 1495
"C:/Users/jessw/Documents/GitHub/CasualProductionDreamTeam/DreamRunner/Content/VNStuff/Content/SFX/Character/S_reitanna__japanese-good-morning.uexp" 1496
"C:/Users/jessw/Documents/GitHub/CasualProductionDreamTeam/DreamRunner/Content/VNStuff/Content/SFX/Character/S_reitanna__japanese-good-morning_Cue.uasset" 1497
"C:/Users/jessw/Documents/GitHub/CasualProductionDreamTeam/DreamRunner/Content/VNStuff/Content/SFX/Character/S_reitanna__japanese-good-morning_Cue.uexp" 1498
"C:/Users/jessw/Documents/GitHub/CasualProductionDreamTeam/DreamRunner/Content/VNStuff/Content/Blueprints/DT_TestingDialog.uasset" 1499
"C:/Users/jessw/Documents/GitHub/CasualProductionDreamTeam/DreamRunner/Content/VNStuff/Content/Blueprints/DT_TestingDialog.uexp" 1500
"C:/Users/jessw/Documents/GitHub/CasualProductionDreamTeam/DreamRunner/Content/VNStuff/Content/Maps/Gameplay.uexp" 1501
"C:/Users/jessw/Documents/GitHub/CasualProductionDreamTeam/DreamRunner/Content/VNStuff/Content/Maps/Gameplay.umap" 1502
