"C:/Users/jessw/Documents/GitHub/CasualProductionDreamTeam/DreamRunner/DreamRunner.uproject" 1
"../../../Engine/Plugins/AudioGameplay/AudioGameplay.uplugin" 2
"../../../Engine/Plugins/BlueprintFileUtils/BlueprintFileUtils.uplugin" 3
"../../../Engine/Plugins/Bridge/Bridge.uplugin" 4
"../../../Engine/Plugins/ChaosCloth/ChaosCloth.uplugin" 5
"../../../Engine/Plugins/ChaosInsights/ChaosInsights.uplugin" 6
"../../../Engine/Plugins/ChaosClothAssetEditor/ChaosClothAssetEditor.uplugin" 7
"../../../Engine/Plugins/Chooser/Chooser.uplugin" 8
"../../../Engine/Plugins/ChaosClothAsset/ChaosClothAsset.uplugin" 9
"../../../Engine/Plugins/ChaosVD/ChaosVD.uplugin" 10
"../../../Engine/Plugins/CmdLinkServer/CmdLinkServer.uplugin" 11
"../../../Engine/Plugins/DiscoveryBeaconReceiver/DiscoveryBeaconReceiver.uplugin" 12
"../../../Engine/Plugins/Fab/Fab.uplugin" 13
"../../../Engine/Plugins/EnhancedInput/EnhancedInput.uplugin" 14
"../../../Engine/Plugins/FastBuildController/FastBuildController.uplugin" 15
"../../../Engine/Plugins/IoStoreInsights/IoStoreInsights.uplugin" 16
"../../../Engine/Plugins/JsonBlueprintUtilities/JsonBlueprintUtilities.uplugin" 17
"../../../Engine/Plugins/LightWeightInstancesEditor/LightWeightInstancesEditor.uplugin" 18
"../../../Engine/Plugins/MassInsights/MassInsights.uplugin" 19
"../../../Engine/Plugins/MemoryUsageQueries/MemoryUsageQueries.uplugin" 20
"../../../Engine/Plugins/MeshPainting/MeshPainting.uplugin" 21
"../../../Engine/Plugins/PCG/PCG.uplugin" 22
"../../../Engine/Plugins/ScriptPlugin/ScriptPlugin.uplugin" 23
"../../../Engine/Plugins/Mutable/Mutable.uplugin" 24
"../../../Engine/Plugins/TextureGraph/TextureGraph.uplugin" 25
"../../../Engine/Plugins/RenderGraphInsights/RenderGraphInsights.uplugin" 26
"../../../Engine/Plugins/TraceUtilities/TraceUtilities.uplugin" 27
"../../../Engine/Plugins/UbaController/UbaController.uplugin" 28
"../../../Engine/Plugins/XGEController/XGEController.uplugin" 29
"../../../Engine/Plugins/AudioInsights/AudioInsights.uplugin" 30
"../../../Engine/Plugins/AudioGameplayVolume/AudioGameplayVolume.uplugin" 31
"../../../Engine/Plugins/Importers/AlembicImporter/AlembicImporter.uplugin" 32
"../../../Engine/Plugins/WorldMetrics/WorldMetrics.uplugin" 33
"../../../Engine/Plugins/Importers/AlembicHairImporter/AlembicHairImporter.uplugin" 34
"../../../Engine/Plugins/Importers/USDImporter/USDImporter.uplugin" 35
"../../../Engine/Plugins/Importers/USDMultiUser/USDMultiUser.uplugin" 36
"../../../Engine/Plugins/Messaging/TcpMessaging/TcpMessaging.uplugin" 37
"../../../Engine/Plugins/Importers/USDImporterMDL/USDImporterMDL.uplugin" 38
"../../../Engine/Plugins/Messaging/MessagingDebugger/MessagingDebugger.uplugin" 39
"../../../Engine/Plugins/Messaging/UdpMessaging/UdpMessaging.uplugin" 40
"../../../Engine/Plugins/MovieScene/ActorSequence/ActorSequence.uplugin" 41
"../../../Engine/Plugins/MovieScene/CustomizableSequencerTracks/CustomizableSequencerTracks.uplugin" 42
"../../../Engine/Plugins/MovieScene/LevelSequenceEditor/LevelSequenceEditor.uplugin" 43
"../../../Engine/Plugins/MovieScene/MoviePipelineMaskRenderPass/MoviePipelineMaskRenderPass.uplugin" 44
"../../../Engine/Plugins/MovieScene/MovieRenderPipeline/MovieRenderPipeline.uplugin" 45
"../../../Engine/Plugins/MovieScene/SequencerScripting/SequencerScripting.uplugin" 46
"../../../Engine/Plugins/MovieScene/ReplayTracks/ReplayTracks.uplugin" 47
"../../../Engine/Plugins/NetcodeUnitTest/NUTUnrealEngine/NUTUnrealEngine.uplugin" 48
"../../../Engine/Plugins/NNE/NNEDenoiser/NNEDenoiser.uplugin" 49
"../../../Engine/Plugins/Online/EOSOverlayInputProvider/EOSOverlayInputProvider.uplugin" 50
"../../../Engine/Plugins/MovieScene/TemplateSequence/TemplateSequence.uplugin" 51
"../../../Engine/Plugins/Online/EOSShared/EOSShared.uplugin" 52
"../../../Engine/Plugins/NetcodeUnitTest/NetcodeUnitTest/NetcodeUnitTest.uplugin" 53
"../../../Engine/Plugins/Online/OnlineServices/OnlineServices.uplugin" 54
"../../../Engine/Plugins/NNE/NNERuntimeORT/NNERuntimeORT.uplugin" 55
"../../../Engine/Plugins/Online/OnlineServicesEOSGS/OnlineServicesEOSGS.uplugin" 56
"../../../Engine/Plugins/Online/OnlineServicesEOS/OnlineServicesEOS.uplugin" 57
"../../../Engine/Plugins/Online/OnlineServicesNull/OnlineServicesNull.uplugin" 58
"../../../Engine/Plugins/Online/OnlineBase/OnlineBase.uplugin" 59
"../../../Engine/Plugins/Online/OnlineSubsystem/OnlineSubsystem.uplugin" 60
"../../../Engine/Plugins/MovieScene/MovieSceneTextTrack/MovieSceneTextTrack.uplugin" 61
"../../../Engine/Plugins/Online/OnlineSubsystemApple/OnlineSubsystemApple.uplugin" 62
"../../../Engine/Plugins/Online/OnlineFramework/OnlineFramework.uplugin" 63
"../../../Engine/Plugins/Online/OnlineSubsystemEOS/OnlineSubsystemEOS.uplugin" 64
"../../../Engine/Plugins/Online/OnlineServicesEpicCommon/OnlineServicesEpicCommon.uplugin" 65
"../../../Engine/Plugins/Online/OnlineSubsystemGoogle/OnlineSubsystemGoogle.uplugin" 66
"../../../Engine/Plugins/Online/OnlineServicesOSSAdapter/OnlineServicesOSSAdapter.uplugin" 67
"../../../Engine/Plugins/Online/OnlineSubsystemSteam/OnlineSubsystemSteam.uplugin" 68
"../../../Engine/Plugins/Online/OnlineSubsystemTencent/OnlineSubsystemTencent.uplugin" 69
"../../../Engine/Plugins/Online/OnlineSubsystemNull/OnlineSubsystemNull.uplugin" 70
"../../../Engine/Plugins/Online/SocketSubsystemEOS/SocketSubsystemEOS.uplugin" 71
"../../../Engine/Plugins/Online/OnlineSubsystemUtils/OnlineSubsystemUtils.uplugin" 72
"../../../Engine/Plugins/Online/SocketSubsystemSteamIP/SocketSubsystemSteamIP.uplugin" 73
"../../../Engine/Plugins/PCGInterops/PCGGeometryScriptInterop/PCGGeometryScriptInterop.uplugin" 74
"../../../Engine/Plugins/Online/WebAuth/WebAuth.uplugin" 75
"../../../Engine/Plugins/Performance/AutomatedPerfTesting/AutomatedPerfTesting.uplugin" 76
"../../../Engine/Plugins/PCGInterops/PCGExternalDataInterop/PCGExternalDataInterop.uplugin" 77
"../../../Engine/Plugins/Performance/PerformanceMonitor/PerformanceMonitor.uplugin" 78
"../../../Engine/Plugins/Slate/SlateInsights/SlateInsights.uplugin" 79
"../../../Engine/Plugins/Protocols/MQTT/MQTT.uplugin" 80
"../../../Engine/Plugins/VirtualProduction/ActorModifierCore/ActorModifierCore.uplugin" 81
"../../../Engine/Plugins/Slate/SlateScripting/SlateScripting.uplugin" 82
"../../../Engine/Plugins/VirtualProduction/Avalanche/Avalanche.uplugin" 83
"../../../Engine/Plugins/VirtualProduction/CameraCalibration/CameraCalibration.uplugin" 84
"../../../Engine/Plugins/VirtualProduction/CameraCalibrationCore/CameraCalibrationCore.uplugin" 85
"../../../Engine/Plugins/Online/OnlineSubsystemFacebook/OnlineSubsystemFacebook.uplugin" 86
"../../../Engine/Plugins/VirtualProduction/CaptureData/CaptureData.uplugin" 87
"../../../Engine/Plugins/VirtualProduction/ActorModifier/ActorModifier.uplugin" 88
"../../../Engine/Plugins/VirtualProduction/ClonerEffector/ClonerEffector.uplugin" 89
"../../../Engine/Plugins/VirtualProduction/CameraCalibrationML/CameraCalibrationML.uplugin" 90
"../../../Engine/Plugins/VirtualProduction/CinematicAssemblyTools/CinematicAssemblyTools.uplugin" 91
"../../../Engine/Plugins/VirtualProduction/CompositePlane/CompositePlane.uplugin" 92
"../../../Engine/Plugins/VirtualProduction/DataCharts/DataCharts.uplugin" 93
"../../../Engine/Plugins/VirtualProduction/DynamicMaterial/DynamicMaterial.uplugin" 94
"../../../Engine/Plugins/VirtualProduction/EpicStageApp/EpicStageApp.uplugin" 95
"../../../Engine/Plugins/VirtualProduction/GeometryMask/GeometryMask.uplugin" 96
"../../../Engine/Plugins/VirtualProduction/ICVFX/ICVFX.uplugin" 97
"../../../Engine/Plugins/VirtualProduction/CustomDetailsView/CustomDetailsView.uplugin" 98
"../../../Engine/Plugins/VirtualProduction/ICVFXTesting/ICVFXTesting.uplugin" 99
"../../../Engine/Plugins/VirtualProduction/LevelSnapshots/LevelSnapshots.uplugin" 100
"../../../Engine/Plugins/VirtualProduction/LiveLinkFreeD/LiveLinkFreeD.uplugin" 101
"../../../Engine/Plugins/VirtualProduction/LiveLinkCamera/LiveLinkCamera.uplugin" 102
"../../../Engine/Plugins/VirtualProduction/LensComponent/LensComponent.uplugin" 103
"../../../Engine/Plugins/VirtualProduction/LiveLinkMasterLockit/LiveLinkMasterLockit.uplugin" 104
"../../../Engine/Plugins/VirtualProduction/LiveLinkLens/LiveLinkLens.uplugin" 105
"../../../Engine/Plugins/VirtualProduction/LiveLinkPrestonMDR/LiveLinkPrestonMDR.uplugin" 106
"../../../Engine/Plugins/VirtualProduction/LiveLinkInputDevice/LiveLinkInputDevice.uplugin" 107
"../../../Engine/Plugins/VirtualProduction/LiveLinkVRPN/LiveLinkVRPN.uplugin" 108
"../../../Engine/Plugins/VirtualProduction/MultiUserTakes/MultiUserTakes.uplugin" 109
"../../../Engine/Plugins/VirtualProduction/PropertyAnimator/PropertyAnimator.uplugin" 110
"../../../Engine/Plugins/VirtualProduction/OperatorStack/OperatorStack.uplugin" 111
"../../../Engine/Plugins/VirtualProduction/LiveLinkOpenTrackIO/LiveLinkOpenTrackIO.uplugin" 112
"../../../Engine/Plugins/VirtualProduction/RemoteControl/RemoteControl.uplugin" 113
"../../../Engine/Plugins/VirtualProduction/RemoteControlInterception/RemoteControlInterception.uplugin" 114
"../../../Engine/Plugins/VirtualProduction/RemoteControlProtocolDMX/RemoteControlProtocolDMX.uplugin" 115
"../../../Engine/Plugins/VirtualProduction/PropertyAnimatorCore/PropertyAnimatorCore.uplugin" 116
"../../../Engine/Plugins/VirtualProduction/RemoteControlProtocolMIDI/RemoteControlProtocolMIDI.uplugin" 117
"../../../Engine/Plugins/VirtualProduction/LiveLinkXR/LiveLinkXR.uplugin" 118
"../../../Engine/Plugins/VirtualProduction/RemoteControlProtocolOSC/RemoteControlProtocolOSC.uplugin" 119
"../../../Engine/Plugins/VirtualProduction/PerformanceCaptureWorkflow/PerformanceCaptureWorkflow.uplugin" 120
"../../../Engine/Plugins/VirtualProduction/RemoteControlWebInterface/RemoteControlWebInterface.uplugin" 121
"../../../Engine/Plugins/VirtualProduction/StageMonitoring/StageMonitoring.uplugin" 122
"../../../Engine/Plugins/VirtualProduction/StormSync/StormSync.uplugin" 123
"../../../Engine/Plugins/VirtualProduction/StormSyncAvalancheBridge/StormSyncAvalancheBridge.uplugin" 124
"../../../Engine/Plugins/VirtualProduction/Switchboard/Switchboard.uplugin" 125
"../../../Engine/Plugins/VirtualProduction/Takes/Takes.uplugin" 126
"../../../Engine/Plugins/VirtualProduction/SequencerPlaylists/SequencerPlaylists.uplugin" 127
"../../../Engine/Plugins/VirtualProduction/TimedDataMonitor/TimedDataMonitor.uplugin" 128
"../../../Engine/Plugins/Online/OnlineSubsystemAmazon/OnlineSubsystemAmazon.uplugin" 129
"../../../Engine/Plugins/VirtualProduction/TextureShare/TextureShare.uplugin" 130
"../../../Engine/Plugins/Tests/AutomationDriverTests/AutomationDriverTests.uplugin" 131
"../../../Engine/Plugins/VirtualProduction/VirtualCamera/VirtualCamera.uplugin" 132
"../../../Engine/Plugins/VirtualProduction/VirtualScouting/VirtualScouting.uplugin" 133
"../../../Engine/Plugins/Tests/EditorTests/EditorTests.uplugin" 134
"../../../Engine/Plugins/Tests/CQTest/CQTest.uplugin" 135
"../../../Engine/Plugins/VirtualProduction/VirtualCameraCore/VirtualCameraCore.uplugin" 136
"../../../Engine/Plugins/Tests/InterchangeTests/InterchangeTests.uplugin" 137
"../../../Engine/Plugins/Tests/RHITests/RHITests.uplugin" 138
"../../../Engine/Plugins/Tests/RuntimeTests/RuntimeTests.uplugin" 139
"../../../Engine/Plugins/Tests/PythonAutomationTest/PythonAutomationTest.uplugin" 140
"../../../Engine/Plugins/Tests/WidgetAutomationTests/WidgetAutomationTests.uplugin" 141
"../../../Engine/Plugins/Tests/FbxAutomationTestBuilder/FbxAutomationTestBuilder.uplugin" 142
"../../../Engine/Plugins/Tests/TestSamples/TestSamples.uplugin" 143
"../../../Engine/Plugins/2D/Paper2D/Paper2D.uplugin" 144
"../../../Engine/Plugins/Tests/TestFramework/TestFramework.uplugin" 145
"../../../Engine/Plugins/Tests/FunctionalTestingEditor/FunctionalTestingEditor.uplugin" 146
"../../../Engine/Plugins/Web/HttpBlueprint/HttpBlueprint.uplugin" 147
"../../../Engine/Plugins/Tests/CQTestEnhancedInput/CQTestEnhancedInput.uplugin" 148
"../../../Engine/Plugins/AI/MassAI/MassAI.uplugin" 149
"../../../Engine/Plugins/AI/EnvironmentQueryEditor/EnvironmentQueryEditor.uplugin" 150
"../../../Engine/Plugins/AI/MassCrowd/MassCrowd.uplugin" 151
"../../../Engine/Plugins/AI/MLAdapter/MLAdapter.uplugin" 152
"../../../Engine/Plugins/Animation/AnimationData/AnimationData.uplugin" 153
"../../../Engine/Plugins/Animation/ACLPlugin/ACLPlugin.uplugin" 154
"../../../Engine/Plugins/Animation/AnimationLocomotionLibrary/AnimationLocomotionLibrary.uplugin" 155
"../../../Engine/Plugins/Animation/AnimationModifierLibrary/AnimationModifierLibrary.uplugin" 156
"../../../Engine/Plugins/AI/HTNPlanner/HTNPlanner.uplugin" 157
"../../../Engine/Plugins/Animation/AnimationWarping/AnimationWarping.uplugin" 158
"../../../Engine/Plugins/Animation/AnimatorKit/AnimatorKit.uplugin" 159
"../../../Engine/Plugins/Animation/ControlRig/ControlRig.uplugin" 160
"../../../Engine/Plugins/Animation/BlendStack/BlendStack.uplugin" 161
"../../../Engine/Plugins/Animation/DNACalib/DNACalib.uplugin" 162
"../../../Engine/Plugins/Animation/BlendSpaceMotionAnalysis/BlendSpaceMotionAnalysis.uplugin" 163
"../../../Engine/Plugins/Animation/DeformerGraph/DeformerGraph.uplugin" 164
"../../../Engine/Plugins/Animation/GameplayInsights/GameplayInsights.uplugin" 165
"../../../Engine/Plugins/Animation/LiveLink/LiveLink.uplugin" 166
"../../../Engine/Plugins/Animation/IKRig/IKRig.uplugin" 167
"../../../Engine/Plugins/Animation/LiveLinkCurveDebugUI/LiveLinkCurveDebugUI.uplugin" 168
"../../../Engine/Plugins/Animation/LiveLinkDevice/LiveLinkDevice.uplugin" 169
"../../../Engine/Plugins/Animation/MotionWarping/MotionWarping.uplugin" 170
"../../../Engine/Plugins/AI/AISupport/AISupport.uplugin" 171
"../../../Engine/Plugins/Animation/PerformanceCaptureCore/PerformanceCaptureCore.uplugin" 172
"../../../Engine/Plugins/Animation/LiveLinkHub/LiveLinkHub.uplugin" 173
"../../../Engine/Plugins/Animation/LiveLinkExampleDevice/LiveLinkExampleDevice.uplugin" 174
"../../../Engine/Plugins/Animation/ControlRigModules/ControlRigModules.uplugin" 175
"../../../Engine/Plugins/Animation/SkeletalMeshModelingTools/SkeletalMeshModelingTools.uplugin" 176
"../../../Engine/Plugins/Animation/RigLogic/RigLogic.uplugin" 177
"../../../Engine/Plugins/Compositing/Composure/Composure.uplugin" 178
"../../../Engine/Plugins/Cameras/EngineCameras/EngineCameras.uplugin" 179
"../../../Engine/Plugins/Cameras/GameplayCameras/GameplayCameras.uplugin" 180
"../../../Engine/Plugins/Animation/TweeningUtils/TweeningUtils.uplugin" 181
"../../../Engine/Plugins/Compositing/OpenColorIO/OpenColorIO.uplugin" 182
"../../../Engine/Plugins/Compositing/LensDistortion/LensDistortion.uplugin" 183
"../../../Engine/Plugins/Animation/PoseSearch/PoseSearch.uplugin" 184
"../../../Engine/Plugins/Compositing/OpenCVLensDistortion/OpenCVLensDistortion.uplugin" 185
"../../../Engine/Plugins/Animation/ControlRigSpline/ControlRigSpline.uplugin" 186
"../../../Engine/Plugins/Developer/AnimationSharing/AnimationSharing.uplugin" 187
"../../../Engine/Plugins/Developer/BlankPlugin/BlankPlugin.uplugin" 188
"../../../Engine/Plugins/Developer/CLionSourceCodeAccess/CLionSourceCodeAccess.uplugin" 189
"../../../Engine/Plugins/Cameras/CameraShakePreviewer/CameraShakePreviewer.uplugin" 190
"../../../Engine/Plugins/Compression/OodleNetwork/OodleNetwork.uplugin" 191
"../../../Engine/Plugins/Developer/CodeLiteSourceCodeAccess/CodeLiteSourceCodeAccess.uplugin" 192
"../../../Engine/Plugins/Developer/DumpGPUServices/DumpGPUServices.uplugin" 193
"../../../Engine/Plugins/Developer/DirectoryPlaceholder/DirectoryPlaceholder.uplugin" 194
"../../../Engine/Plugins/Developer/FieldNotificationTrace/FieldNotificationTrace.uplugin" 195
"../../../Engine/Plugins/Developer/KDevelopSourceCodeAccess/KDevelopSourceCodeAccess.uplugin" 196
"../../../Engine/Plugins/Developer/GitSourceControl/GitSourceControl.uplugin" 197
"../../../Engine/Plugins/Developer/N10XSourceCodeAccess/N10XSourceCodeAccess.uplugin" 198
"../../../Engine/Plugins/Developer/NullSourceCodeAccess/NullSourceCodeAccess.uplugin" 199
"../../../Engine/Plugins/Developer/OneSkyLocalizationService/OneSkyLocalizationService.uplugin" 200
"../../../Engine/Plugins/Developer/NamingTokens/NamingTokens.uplugin" 201
"../../../Engine/Plugins/Developer/PixWinPlugin/PixWinPlugin.uplugin" 202
"../../../Engine/Plugins/Developer/PlasticSourceControl/PlasticSourceControl.uplugin" 203
"../../../Engine/Plugins/Developer/PerforceSourceControl/PerforceSourceControl.uplugin" 204
"../../../Engine/Plugins/Developer/TextureFormatOodle/TextureFormatOodle.uplugin" 205
"../../../Engine/Plugins/Developer/TraceDataFiltering/TraceDataFilters.uplugin" 206
"../../../Engine/Plugins/Developer/PluginUtils/PluginUtils.uplugin" 207
"../../../Engine/Plugins/Developer/UObjectPlugin/UObjectPlugin.uplugin" 208
"../../../Engine/Plugins/Developer/PropertyAccessNode/PropertyAccessNode.uplugin" 209
"../../../Engine/Plugins/Developer/ProjectLauncher/ProjectLauncher.uplugin" 210
"../../../Engine/Plugins/Developer/TraceSourceFiltering/TraceSourceFilters.uplugin" 211
"../../../Engine/Plugins/Animation/GeneSplicer/GeneSplicer.uplugin" 212
"../../../Engine/Plugins/Developer/SubversionSourceControl/SubversionSourceControl.uplugin" 213
"../../../Engine/Plugins/Developer/RenderDocPlugin/RenderDocPlugin.uplugin" 214
"../../../Engine/Plugins/Developer/XcodeGPUDebuggerPlugin/XcodeGPUDebuggerPlugin.uplugin" 215
"../../../Engine/Plugins/Developer/RiderSourceCodeAccess/RiderSourceCodeAccess.uplugin" 216
"../../../Engine/Plugins/Developer/VisualStudioSourceCodeAccess/VisualStudioSourceCodeAccess.uplugin" 217
"../../../Engine/Plugins/Developer/XCodeSourceCodeAccess/XCodeSourceCodeAccess.uplugin" 218
"../../../Engine/Plugins/Developer/VisualStudioCodeSourceCodeAccess/VisualStudioCodeSourceCodeAccess.uplugin" 219
"../../../Engine/Plugins/Editor/AssetManagerEditor/AssetManagerEditor.uplugin" 220
"../../../Engine/Plugins/Editor/AssetReferenceRestrictions/AssetReferenceRestrictions.uplugin" 221
"../../../Engine/Plugins/Editor/AssetRegistryExport/AssetRegistryExport.uplugin" 222
"../../../Engine/Plugins/Editor/BlueprintHeaderView/BlueprintHeaderView.uplugin" 223
"../../../Engine/Plugins/Editor/CryptoKeys/CryptoKeys.uplugin" 224
"../../../Engine/Plugins/Editor/BlueprintMaterialTextureNodes/BlueprintMaterialTextureNodes.uplugin" 225
"../../../Engine/Plugins/Editor/ChangelistReview/ChangelistReview.uplugin" 226
"../../../Engine/Plugins/Editor/AssetSearch/AssetSearch.uplugin" 227
"../../../Engine/Plugins/Editor/ConsoleVariablesEditor/ConsoleVariables.uplugin" 228
"../../../Engine/Plugins/Editor/DataValidation/DataValidation.uplugin" 229
"../../../Engine/Plugins/Editor/CurveEditorTools/CurveEditorTools.uplugin" 230
"../../../Engine/Plugins/Editor/ColorGrading/ColorGrading.uplugin" 231
"../../../Engine/Plugins/Editor/DisplayClusterLaunch/DisplayClusterLaunch.uplugin" 232
"../../../Engine/Plugins/Editor/FacialAnimation/FacialAnimation.uplugin" 233
"../../../Engine/Plugins/Editor/GeometryMode/GeometryMode.uplugin" 234
"../../../Engine/Plugins/Editor/EngineAssetDefinitions/EngineAssetDefinitions.uplugin" 235
"../../../Engine/Plugins/Editor/EditorDebugTools/EditorDebugTools.uplugin" 236
"../../../Engine/Plugins/Editor/EditorSysConfigAssistant/EditorSysConfigAssistant.uplugin" 237
"../../../Engine/Plugins/Editor/GuidedTutorials/GuidedTutorials.uplugin" 238
"../../../Engine/Plugins/Editor/GameplayTagsEditor/GameplayTagsEditor.uplugin" 239
"../../../Engine/Plugins/Editor/MacGraphicsSwitching/MacGraphicsSwitching.uplugin" 240
"../../../Engine/Plugins/Editor/LiveUpdateForSlate/LiveUpdateForSlate.uplugin" 241
"../../../Engine/Plugins/Editor/MeshLODToolset/MeshLODToolset.uplugin" 242
"../../../Engine/Plugins/Editor/SampleToolsEditorMode/SampleToolsEditorMode.uplugin" 243
"../../../Engine/Plugins/Editor/SequencerAnimTools/SequencerAnimTools.uplugin" 244
"../../../Engine/Plugins/Editor/ProxyLODPlugin/ProxyLODPlugin.uplugin" 245
"../../../Engine/Plugins/Editor/MakeCookedEditorAsDLC/MakeCookedEditorAsDLC.uplugin" 246
"../../../Engine/Plugins/Editor/ScriptableToolsEditorMode/ScriptableToolsEditorMode.uplugin" 247
"../../../Engine/Plugins/Editor/MaterialAnalyzer/MaterialAnalyzer.uplugin" 248
"../../../Engine/Plugins/Editor/EditorScriptingUtilities/EditorScriptingUtilities.uplugin" 249
"../../../Engine/Plugins/Editor/StaticMeshEditorModeling/StaticMeshEditorModeling.uplugin" 250
"../../../Engine/Plugins/Editor/SpeedTreeImporter/SpeedTreeImporter.uplugin" 251
"../../../Engine/Plugins/Editor/MobileLauncherProfileWizard/MobileLauncherProfileWizard.uplugin" 252
"../../../Engine/Plugins/Editor/UVEditor/UVEditor.uplugin" 253
"../../../Engine/Plugins/Editor/PluginBrowser/PluginBrowser.uplugin" 254
"../../../Engine/Plugins/Enterprise/DataprepEditor/DataprepEditor.uplugin" 255
"../../../Engine/Plugins/Enterprise/AxFImporter/AxFImporter.uplugin" 256
"../../../Engine/Plugins/Enterprise/DatasmithCADImporter/DatasmithCADImporter.uplugin" 257
"../../../Engine/Plugins/Editor/ModelViewViewModelPreview/ModelViewViewModelPreview.uplugin" 258
"../../../Engine/Plugins/Enterprise/DatasmithContent/DatasmithContent.uplugin" 259
"../../../Engine/Plugins/Enterprise/GLTFExporter/GLTFExporter.uplugin" 260
"../../../Engine/Plugins/Enterprise/DatasmithFBXImporter/DatasmithFBXImporter.uplugin" 261
"../../../Engine/Plugins/Editor/StylusInput/StylusInput.uplugin" 262
"../../../Engine/Plugins/Editor/UMGWidgetPreview/UMGWidgetPreview.uplugin" 263
"../../../Engine/Plugins/Enterprise/LidarPointCloud/LidarPointCloud.uplugin" 264
"../../../Engine/Plugins/Enterprise/DatasmithC4DImporter/DatasmithC4DImporter.uplugin" 265
"../../../Engine/Plugins/Enterprise/MDLImporter/MDLImporter.uplugin" 266
"../../../Engine/Plugins/Editor/WaveformEditor/WaveformEditor.uplugin" 267
"../../../Engine/Plugins/Enterprise/VariantManagerContent/VariantManagerContent.uplugin" 268
"../../../Engine/Plugins/Enterprise/VariantManager/VariantManager.uplugin" 269
"../../../Engine/Plugins/Editor/ModelingToolsEditorMode/ModelingToolsEditorMode.uplugin" 270
"../../../Engine/Plugins/Experimental/AbilitySystemGameFeatureActions/AbilitySystemGameFeatureActions.uplugin" 271
"../../../Engine/Plugins/Experimental/ActorPalette/ActorPalette.uplugin" 272
"../../../Engine/Plugins/Editor/WorldPartitionHLODUtilities/WorldPartitionHLODUtilities.uplugin" 273
"../../../Engine/Plugins/Experimental/AdvancedRenamer/AdvancedRenamer.uplugin" 274
"../../../Engine/Plugins/Experimental/AnimNextChooser/AnimNextChooser.uplugin" 275
"../../../Engine/Plugins/Experimental/AnimNextControlRig/AnimNextControlRig.uplugin" 276
"../../../Engine/Plugins/Experimental/AnimNextStateTree/AnimNextStateTree.uplugin" 277
"../../../Engine/Plugins/Experimental/AnimNextAnimGraph/AnimNextAnimGraph.uplugin" 278
"../../../Engine/Plugins/Experimental/AnimNextPoseSearch/AnimNextPoseSearch.uplugin" 279
"../../../Engine/Plugins/Experimental/AnimNext/AnimNext.uplugin" 280
"../../../Engine/Plugins/Experimental/AsyncMessageSystem/AsyncMessageSystem.uplugin" 281
"../../../Engine/Plugins/Experimental/AnimToTexture/AnimToTexture.uplugin" 282
"../../../Engine/Plugins/Experimental/AnimNextWarping/AnimNextWarping.uplugin" 283
"../../../Engine/Plugins/Experimental/AutomationUtils/AutomationUtils.uplugin" 284
"../../../Engine/Plugins/Experimental/AvalancheDataLink/AvalancheDataLink.uplugin" 285
"../../../Engine/Plugins/Experimental/BackChannel/BackChannel.uplugin" 286
"../../../Engine/Plugins/Experimental/AvalancheSceneState/AvalancheSceneState.uplugin" 287
"../../../Engine/Plugins/Enterprise/DatasmithImporter/DatasmithImporter.uplugin" 288
"../../../Engine/Plugins/Experimental/Buoyancy/Buoyancy.uplugin" 289
"../../../Engine/Plugins/Experimental/CelestialVault/CelestialVault.uplugin" 290
"../../../Engine/Plugins/Experimental/AvalancheSequenceNavigator/AvalancheSequenceNavigator.uplugin" 291
"../../../Engine/Plugins/Experimental/AvalancheDisplayCluster/AvalancheDisplayCluster.uplugin" 292
"../../../Engine/Plugins/Experimental/ChaosCaching/ChaosCaching.uplugin" 293
"../../../Engine/Plugins/Experimental/ChaosFlesh/ChaosFlesh.uplugin" 294
"../../../Engine/Plugins/Experimental/BlueprintStats/BlueprintStats.uplugin" 295
"../../../Engine/Plugins/Experimental/ChaosModularVehicle/ChaosModularVehicle.uplugin" 296
"../../../Engine/Plugins/Experimental/ChaosEditor/ChaosEditor.uplugin" 297
"../../../Engine/Plugins/Experimental/ChaosCachingUSD/ChaosCachingUSD.uplugin" 298
"../../../Engine/Plugins/Experimental/ChaosModularVehicleExamples/ChaosModularVehicleExamples.uplugin" 299
"../../../Engine/Plugins/Experimental/ChaosMover/ChaosMover.uplugin" 300
"../../../Engine/Plugins/Experimental/ChaosNiagara/ChaosNiagara.uplugin" 301
"../../../Engine/Plugins/Experimental/ChaosSolverPlugin/ChaosSolverPlugin.uplugin" 302
"../../../Engine/Plugins/Experimental/ChaosUserDataPT/ChaosUserDataPT.uplugin" 303
"../../../Engine/Plugins/Experimental/ChaosVehiclesPlugin/ChaosVehiclesPlugin.uplugin" 304
"../../../Engine/Plugins/Experimental/ChaosClothEditor/ChaosClothEditor.uplugin" 305
"../../../Engine/Plugins/Experimental/CodeEditor/CodeEditor.uplugin" 306
"../../../Engine/Plugins/Experimental/CharacterAI/CharacterAI.uplugin" 307
"../../../Engine/Plugins/Experimental/CodeView/CodeView.uplugin" 308
"../../../Engine/Plugins/Experimental/CineCameraSceneCapture/CineCameraSceneCapture.uplugin" 309
"../../../Engine/Plugins/Experimental/CineCameraRigs/CineCameraRigs.uplugin" 310
"../../../Engine/Plugins/Experimental/CommonConversation/CommonConversation.uplugin" 311
"../../../Engine/Plugins/Experimental/CinematicPrestreaming/CinematicPrestreaming.uplugin" 312
"../../../Engine/Plugins/Experimental/ControlFlows/ControlFlows.uplugin" 313
"../../../Engine/Plugins/Experimental/AsyncMessageSystemTests/AsyncMessageSystemTests.uplugin" 314
"../../../Engine/Plugins/Experimental/DataLink/DataLink.uplugin" 315
"../../../Engine/Plugins/Experimental/Dataflow/Dataflow.uplugin" 316
"../../../Engine/Plugins/Experimental/DataLinkOAuth/DataLinkOAuth.uplugin" 317
"../../../Engine/Plugins/Experimental/DefaultInstallBundleManager/DefaultInstallBundleManager.uplugin" 318
"../../../Engine/Plugins/Experimental/BlueprintSnapNodes/BlueprintSnapNodes.uplugin" 319
"../../../Engine/Plugins/Experimental/DaySequence/DaySequence.uplugin" 320
"../../../Engine/Plugins/Experimental/EditorDataStorageFeatures/EditorDataStorageFeatures.uplugin" 321
"../../../Engine/Plugins/Experimental/EvaluationNotifies/EvaluationNotifies.uplugin" 322
"../../../Engine/Plugins/Experimental/EditorPerformance/EditorPerformance.uplugin" 323
"../../../Engine/Plugins/Experimental/DynamicMaterialMediaStreamBridge/DynamicMaterialMediaStreamBridge.uplugin" 324
"../../../Engine/Plugins/Experimental/FieldSystemPlugin/FieldSystemPlugin.uplugin" 325
"../../../Engine/Plugins/Experimental/Fracture/Fracture.uplugin" 326
"../../../Engine/Plugins/Experimental/EditorTelemetry/EditorTelemetry.uplugin" 327
"../../../Engine/Plugins/Experimental/GameInputWindows/GameInputWindows.uplugin" 328
"../../../Engine/Plugins/Experimental/FastGeoStreaming/FastGeoStreaming.uplugin" 329
"../../../Engine/Plugins/Experimental/FullBodyIK/FullBodyIK.uplugin" 330
"../../../Engine/Plugins/Experimental/Gauntlet/Gauntlet.uplugin" 331
"../../../Engine/Plugins/Experimental/GameplayGraph/GameplayGraph.uplugin" 332
"../../../Engine/Plugins/Experimental/GameplayBehaviors/GameplayBehaviors.uplugin" 333
"../../../Engine/Plugins/Experimental/GeometryFlow/GeometryFlow.uplugin" 334
"../../../Engine/Plugins/Experimental/GeometryCacheLevelSequenceBaker/GeometryCacheLevelSequenceBaker.uplugin" 335
"../../../Engine/Plugins/Experimental/GameplayTargetingSystem/TargetingSystem.uplugin" 336
"../../../Engine/Plugins/Experimental/GeometryDataflow/GeometryDataflow.uplugin" 337
"../../../Engine/Plugins/Experimental/GPULightmass/GPULightmass.uplugin" 338
"../../../Engine/Plugins/Experimental/GizmoEdMode/GizmoEdMode.uplugin" 339
"../../../Engine/Plugins/Experimental/HairCardGenerator/HairCardGenerator.uplugin" 340
"../../../Engine/Plugins/Experimental/HairModelingToolset/HairModelingToolset.uplugin" 341
"../../../Engine/Plugins/Experimental/GizmoFramework/GizmoFramework.uplugin" 342
"../../../Engine/Plugins/Experimental/HairStrandsMutable/HairStrandsMutable.uplugin" 343
"../../../Engine/Plugins/Experimental/GeometryCollectionPlugin/GeometryCollectionPlugin.uplugin" 344
"../../../Engine/Plugins/Experimental/ImageWidgets/ImageWidgets.uplugin" 345
"../../../Engine/Plugins/Experimental/InstanceDataObjectFixupTool/InstanceDataObjectFixupTool.uplugin" 346
"../../../Engine/Plugins/Experimental/FloatingProperties/FloatingProperties.uplugin" 347
"../../../Engine/Plugins/Experimental/ImpostorBaker/ImpostorBaker.uplugin" 348
"../../../Engine/Plugins/Experimental/ImagePlate/ImagePlate.uplugin" 349
"../../../Engine/Plugins/Experimental/LandscapePatch/LandscapePatch.uplugin" 350
"../../../Engine/Plugins/Experimental/InteractionInterface/InteractionInterface.uplugin" 351
"../../../Engine/Plugins/Experimental/GeometryCacheAbcFile/GeometryCacheAbcFile.uplugin" 352
"../../../Engine/Plugins/Experimental/LevelSequenceNavigatorBridge/LevelSequenceNavigatorBridge.uplugin" 353
"../../../Engine/Plugins/Experimental/ChaosOutfitAsset/ChaosOutfitAsset.uplugin" 354
"../../../Engine/Plugins/Experimental/LiveLinkFaceImporter/LiveLinkFaceImporter.uplugin" 355
"../../../Engine/Plugins/Experimental/ColorCorrectRegions/ColorCorrectRegions.uplugin" 356
"../../../Engine/Plugins/Experimental/LiveLinkOpenVR/LiveLinkOpenVR.uplugin" 357
"../../../Engine/Plugins/Experimental/Iris/Iris.uplugin" 358
"../../../Engine/Plugins/Experimental/LearningAgents/LearningAgents.uplugin" 359
"../../../Engine/Plugins/Experimental/EditorDataStorage/EditorDataStorage.uplugin" 360
"../../../Engine/Plugins/Experimental/MediaStream/MediaStream.uplugin" 361
"../../../Engine/Plugins/Experimental/LowLevelNetTrace/LowLevelNetTrace.uplugin" 362
"../../../Engine/Plugins/Experimental/MeshModelingToolsetExp/MeshModelingToolsetExp.uplugin" 363
"../../../Engine/Plugins/Experimental/InlineMaterialInstance/InlineMaterialInstance.uplugin" 364
"../../../Engine/Plugins/Experimental/LocalizableMessage/LocalizableMessage.uplugin" 365
"../../../Engine/Plugins/Experimental/MLflow/MLflow.uplugin" 366
"../../../Engine/Plugins/Experimental/MotorSimOutputMotoSynth/MotorSimOutputMotoSynth.uplugin" 367
"../../../Engine/Plugins/Experimental/MediaViewer/MediaViewer.uplugin" 368
"../../../Engine/Plugins/Experimental/Mover/Mover.uplugin" 369
"../../../Engine/Plugins/Experimental/MotoSynth/MotoSynth.uplugin" 370
"../../../Engine/Plugins/Experimental/NeuralRendering/NeuralRendering.uplugin" 371
"../../../Engine/Plugins/Experimental/LiveLinkControlRig/LiveLinkControlRig.uplugin" 372
"../../../Engine/Plugins/Experimental/MovieScenePoseSearchTracks/MovieScenePoseSearchTracks.uplugin" 373
"../../../Engine/Plugins/Experimental/NaniteDisplacedMesh/NaniteDisplacedMesh.uplugin" 374
"../../../Engine/Plugins/Experimental/Landmass/Landmass.uplugin" 375
"../../../Engine/Plugins/Experimental/MoverIntegrations/MoverIntegrations.uplugin" 376
"../../../Engine/Plugins/Experimental/MoverExamples/MoverExamples.uplugin" 377
"../../../Engine/Plugins/Experimental/NFORDenoise/NFORDenoise.uplugin" 378
"../../../Engine/Plugins/Experimental/MeshResizing/MeshResizing.uplugin" 379
"../../../Engine/Plugins/Experimental/NNERuntimeRDG/NNERuntimeRDG.uplugin" 380
"../../../Engine/Plugins/Experimental/NNERuntimeIREE/NNERuntimeIREE.uplugin" 381
"../../../Engine/Plugins/Experimental/OpenImageDenoise/OpenImageDenoise.uplugin" 382
"../../../Engine/Plugins/Experimental/NNERuntimeCoreML/NNERuntimeCoreML.uplugin" 383
"../../../Engine/Plugins/Experimental/MutableClothing/MutableClothing.uplugin" 384
"../../../Engine/Plugins/Experimental/MoverAnimNext/MoverAnimNext.uplugin" 385
"../../../Engine/Plugins/Experimental/PCGBiomeCore/PCGBiomeCore.uplugin" 386
"../../../Engine/Plugins/Experimental/PanoramicCapture/PanoramicCapture.uplugin" 387
"../../../Engine/Plugins/Experimental/NNERuntimeBasicCpu/NNERuntimeBasicCpu.uplugin" 388
"../../../Engine/Plugins/Experimental/MovieSceneAnimMixer/MovieSceneAnimMixer.uplugin" 389
"../../../Engine/Plugins/Experimental/PixelStreamingPlayer/PixelStreamingPlayer.uplugin" 390
"../../../Engine/Plugins/Experimental/PhysicsControl/PhysicsControl.uplugin" 391
"../../../Engine/Plugins/Experimental/PCGBiomeSample/PCGBiomeSample.uplugin" 392
"../../../Engine/Plugins/Experimental/PlatformCrypto/PlatformCrypto.uplugin" 393
"../../../Engine/Plugins/Experimental/PlainProps/PlainProps.uplugin" 394
"../../../Engine/Plugins/Experimental/PlanarCutPlugin/PlanarCut.uplugin" 395
"../../../Engine/Plugins/Experimental/MoverTests/MoverTests.uplugin" 396
"../../../Engine/Plugins/Experimental/PluginAudit/PluginAudit.uplugin" 397
"../../../Engine/Plugins/Experimental/PluginTemplateTool/PluginTemplateTool.uplugin" 398
"../../../Engine/Plugins/Experimental/OptiXDenoise/OptiXDenoise.uplugin" 399
"../../../Engine/Plugins/Experimental/PluginReferenceViewer/PluginReferenceViewer.uplugin" 400
"../../../Engine/Plugins/Experimental/MetasoundExperimental/MetasoundExperimental.uplugin" 401
"../../../Engine/Plugins/Experimental/PSDImporterMaterialDesignerBridge/PSDImporterMaterialDesignerBridge.uplugin" 402
"../../../Engine/Plugins/Experimental/PSDImporter/PSDImporter.uplugin" 403
"../../../Engine/Plugins/Experimental/PostProcessMaterialChainGraph/PostProcessMaterialChainGraph.uplugin" 404
"../../../Engine/Plugins/Experimental/RawInput/RawInput.uplugin" 405
"../../../Engine/Plugins/Experimental/RemoteSession/RemoteSession.uplugin" 406
"../../../Engine/Plugins/Experimental/PythonScriptPlugin/PythonScriptPlugin.uplugin" 407
"../../../Engine/Plugins/Experimental/RigLogicMutable/RigLogicMutable.uplugin" 408
"../../../Engine/Plugins/Experimental/PlainPropsUObject/PlainPropsUObject.uplugin" 409
"../../../Engine/Plugins/Experimental/RigLogicAnimNext/RigLogicAnimNext.uplugin" 410
"../../../Engine/Plugins/Experimental/PythonFoundationPackages/PythonFoundationPackages.uplugin" 411
"../../../Engine/Plugins/Experimental/RenderGrid/RenderGrid.uplugin" 412
"../../../Engine/Plugins/Experimental/ScreenReader/ScreenReader.uplugin" 413
"../../../Engine/Plugins/Experimental/MutablePopulation/MutablePopulation.uplugin" 414
"../../../Engine/Plugins/Experimental/SecuritySandbox/SecuritySandbox.uplugin" 415
"../../../Engine/Plugins/Experimental/SequenceNavigator/SequenceNavigator.uplugin" 416
"../../../Engine/Plugins/Experimental/RazerChromaDevices/RazerChromaDevices.uplugin" 417
"../../../Engine/Plugins/Experimental/Shotgrid/Shotgrid.uplugin" 418
"../../../Engine/Plugins/Experimental/SceneState/SceneState.uplugin" 419
"../../../Engine/Plugins/Experimental/RuntimeTelemetry/RuntimeTelemetry.uplugin" 420
"../../../Engine/Plugins/Experimental/SlateIM/SlateIM.uplugin" 421
"../../../Engine/Plugins/Experimental/SlateScreenReader/SlateScreenReader.uplugin" 422
"../../../Engine/Plugins/Experimental/StateGraph/StateGraph.uplugin" 423
"../../../Engine/Plugins/Experimental/SlateModelViewViewModel/SlateModelViewViewModel.uplugin" 424
"../../../Engine/Plugins/Experimental/SubmitToolEditor/SubmitToolEditor.uplugin" 425
"../../../Engine/Plugins/Experimental/SkeletalReduction/SkeletalReduction.uplugin" 426
"../../../Engine/Plugins/Experimental/SpatialReadiness/SpatialReadiness.uplugin" 427
"../../../Engine/Plugins/Experimental/SurfaceEffects/SurfaceEffects.uplugin" 428
"../../../Engine/Plugins/Experimental/Tensorboard/Tensorboard.uplugin" 429
"../../../Engine/Plugins/Experimental/SimpleHMD/SimpleHMD.uplugin" 430
"../../../Engine/Plugins/Experimental/TextToSpeech/TextToSpeech.uplugin" 431
"../../../Engine/Plugins/Experimental/Text3D/Text3D.uplugin" 432
"../../../Engine/Plugins/Experimental/StructUtils/StructUtils.uplugin" 433
"../../../Engine/Plugins/Experimental/SubtitlesAndClosedCaptions/SubtitlesAndClosedCaptions.uplugin" 434
"../../../Engine/Plugins/Experimental/TetMeshing/TetMeshing.uplugin" 435
"../../../Engine/Plugins/Experimental/ToolPresets/ToolPresets.uplugin" 436
"../../../Engine/Plugins/Experimental/TextureMediaPlayer/TextureMediaPlayer.uplugin" 437
"../../../Engine/Plugins/Experimental/UIFramework/UIFramework.uplugin" 438
"../../../Engine/Plugins/Experimental/RemoteControlComponents/RemoteControlComponents.uplugin" 439
"../../../Engine/Plugins/Experimental/UserToolBoxBasicCommand/UserToolBoxBasicCommand.uplugin" 440
"../../../Engine/Plugins/Experimental/VirtualHeightfieldMesh/VirtualHeightfieldMesh.uplugin" 441
"../../../Engine/Plugins/Experimental/VirtualProductionUtilities/VirtualProductionUtilities.uplugin" 442
"../../../Engine/Plugins/Experimental/SVGImporter/SVGImporter.uplugin" 443
"../../../Engine/Plugins/Experimental/Volumetrics/Volumetrics.uplugin" 444
"../../../Engine/Plugins/Experimental/Water/Water.uplugin" 445
"../../../Engine/Plugins/Experimental/WaterAdvanced/WaterAdvanced.uplugin" 446
"../../../Engine/Plugins/Experimental/WaterExtras/WaterExtras.uplugin" 447
"../../../Engine/Plugins/Experimental/WebSocketNetworking/WebSocketNetworking.uplugin" 448
"../../../Engine/Plugins/Experimental/WaveFunctionCollapse/WaveFunctionCollapse.uplugin" 449
"../../../Engine/Plugins/Experimental/WebSocketMessaging/WebSocketMessaging.uplugin" 450
"../../../Engine/Plugins/Experimental/Workspace/Workspace.uplugin" 451
"../../../Engine/Plugins/Experimental/QuicMessaging/QuicMessaging.uplugin" 452
"../../../Engine/Plugins/Experimental/JWT/JWT.uplugin" 453
"../../../Engine/Plugins/FX/ExampleCustomDataInterface/ExampleCustomDataInterface.uplugin" 454
"../../../Engine/Plugins/FX/CascadeToNiagaraConverter/CascadeToNiagaraConverter.uplugin" 455
"../../../Engine/Plugins/FX/Cascade/Cascade.uplugin" 456
"../../../Engine/Plugins/Experimental/XRCreativeFramework/XRCreativeFramework.uplugin" 457
"../../../Engine/Plugins/Interchange/Editor/InterchangeEditor.uplugin" 458
"../../../Engine/Plugins/Experimental/WidgetEditorToolPalette/WidgetEditorToolPalette.uplugin" 459
"../../../Engine/Plugins/FX/NiagaraMRQ/NiagaraMRQ.uplugin" 460
"../../../Engine/Plugins/FX/NiagaraFluids/NiagaraFluids.uplugin" 461
"../../../Engine/Plugins/Interchange/Assets/InterchangeAssets.uplugin" 462
"../../../Engine/Plugins/Interchange/Runtime/Interchange.uplugin" 463
"../../../Engine/Plugins/FX/Niagara/Niagara.uplugin" 464
"../../../Engine/Plugins/FX/NiagaraSimCaching/NiagaraSimCaching.uplugin" 465
"../../../Engine/Plugins/Media/AjaMedia/AjaMedia.uplugin" 466
"../../../Engine/Plugins/Media/AndroidMedia/AndroidMedia.uplugin" 467
"../../../Engine/Plugins/Media/AndroidCamera/AndroidCamera.uplugin" 468
"../../../Engine/Plugins/Media/AvfMedia/AvfMedia.uplugin" 469
"../../../Engine/Plugins/Media/AppleProResDecoderElectra/AppleProResDecoderElectra.uplugin" 470
"../../../Engine/Plugins/Media/BlackmagicMedia/BlackmagicMedia.uplugin" 471
"../../../Engine/Plugins/Media/AvidDNxHDDecoderElectra/AvidDNxHDDecoderElectra.uplugin" 472
"../../../Engine/Plugins/Media/ElectraCDM/ElectraCDM.uplugin" 473
"../../../Engine/Plugins/Media/AppleProResMedia/AppleProResMedia.uplugin" 474
"../../../Engine/Plugins/Media/BinkMedia/BinkMedia.uplugin" 475
"../../../Engine/Plugins/Media/D3D12VideoDecodersElectra/D3D12VideoDecodersElectra.uplugin" 476
"../../../Engine/Plugins/Media/ElectraCodecs/ElectraCodecs.uplugin" 477
"../../../Engine/Plugins/Media/AudioCaptureTimecodeProvider/AudioCaptureTimecodeProvider.uplugin" 478
"../../../Engine/Plugins/Media/ElectraSubtitles/ElectraSubtitles.uplugin" 479
"../../../Engine/Plugins/Media/ElectraPlayer/ElectraPlayer.uplugin" 480
"../../../Engine/Plugins/Media/FlacDecoderElectra/FlacDecoderElectra.uplugin" 481
"../../../Engine/Plugins/Media/AvidDNxMedia/AvidDNxMedia.uplugin" 482
"../../../Engine/Plugins/Media/HAPDecoderElectra/HAPDecoderElectra.uplugin" 483
"../../../Engine/Plugins/Media/HAPMedia/HAPMedia.uplugin" 484
"../../../Engine/Plugins/Media/ImgMedia/ImgMedia.uplugin" 485
"../../../Engine/Plugins/Media/ElectraUtil/ElectraUtil.uplugin" 486
"../../../Engine/Plugins/Media/MediaCompositing/MediaCompositing.uplugin" 487
"../../../Engine/Plugins/Media/LinearTimecode/LinearTimecode.uplugin" 488
"../../../Engine/Plugins/Media/HardwareEncoders/HardwareEncoders.uplugin" 489
"../../../Engine/Plugins/Media/MediaMovieStreamer/MediaMovieStreamer.uplugin" 490
"../../../Engine/Plugins/Media/MediaIOFramework/MediaIOFramework.uplugin" 491
"../../../Engine/Plugins/Media/MediaPlayerEditor/MediaPlayerEditor.uplugin" 492
"../../../Engine/Plugins/Media/NDIMedia/NDIMedia.uplugin" 493
"../../../Engine/Plugins/Media/OpusDecoderElectra/OpusDecoderElectra.uplugin" 494
"../../../Engine/Plugins/Media/MediaFrameworkUtilities/MediaFrameworkUtilities.uplugin" 495
"../../../Engine/Plugins/Media/PixelCapture/PixelCapture.uplugin" 496
"../../../Engine/Plugins/Media/MfMedia/MfMedia.uplugin" 497
"../../../Engine/Plugins/Media/PixelStreaming/PixelStreaming.uplugin" 498
"../../../Engine/Plugins/Media/PixelStreaming2/PixelStreaming2.uplugin" 499
"../../../Engine/Plugins/Media/WebMMedia/WebMMedia.uplugin" 500
"../../../Engine/Plugins/Media/WmfMedia/WmfMedia.uplugin" 501
"../../../Engine/Plugins/MetaHuman/MetaHumanAnimator/MetaHuman.uplugin" 502
"../../../Engine/Plugins/Media/VPxDecoderElectra/VPxDecoderElectra.uplugin" 503
"../../../Engine/Plugins/Media/TimecodeSynchronizer/TimecodeSynchronizer.uplugin" 504
"../../../Engine/Plugins/MetaHuman/MetaHumanCharacter/MetaHumanCharacter.uplugin" 505
"../../../Engine/Plugins/Runtime/AndroidFileServer/AndroidFileServer.uplugin" 506
"../../../Engine/Plugins/Runtime/AndroidPermission/AndroidPermission.uplugin" 507
"../../../Engine/Plugins/Experimental/UserToolBoxCore/UserToolBoxCore.uplugin" 508
"../../../Engine/Plugins/Experimental/SerializationUtils/SerializationUtils.uplugin" 509
"../../../Engine/Plugins/Runtime/ApexDestruction/ApexDestruction.uplugin" 510
"../../../Engine/Plugins/Runtime/AndroidMoviePlayer/AndroidMoviePlayer.uplugin" 511
"../../../Engine/Plugins/Experimental/TechAudioTools/TechAudioTools.uplugin" 512
"../../../Engine/Plugins/Runtime/AudioCapture/AudioCapture.uplugin" 513
"../../../Engine/Plugins/Runtime/AssetTags/AssetTags.uplugin" 514
"../../../Engine/Plugins/Runtime/AppleImageUtils/AppleImageUtils.uplugin" 515
"../../../Engine/Plugins/MetaHuman/MetaHumanSDK/MetaHumanSDK.uplugin" 516
"../../../Engine/Plugins/Runtime/AudioModulation/AudioModulation.uplugin" 517
"../../../Engine/Plugins/Runtime/AnimationBudgetAllocator/AnimationBudgetAllocator.uplugin" 518
"../../../Engine/Plugins/Runtime/AudioMotorSim/AudioMotorSim.uplugin" 519
"../../../Engine/Plugins/Runtime/CableComponent/CableComponent.uplugin" 520
"../../../Engine/Plugins/Runtime/CommonUI/CommonUI.uplugin" 521
"../../../Engine/Plugins/Runtime/ComputeFramework/ComputeFramework.uplugin" 522
"../../../Engine/Plugins/Runtime/AppleMoviePlayer/AppleMoviePlayer.uplugin" 523
"../../../Engine/Plugins/Runtime/AudioWidgets/AudioWidgets.uplugin" 524
"../../../Engine/Plugins/Runtime/CustomMeshComponent/CustomMeshComponent.uplugin" 525
"../../../Engine/Plugins/Runtime/ChunkDownloader/ChunkDownloader.uplugin" 526
"../../../Engine/Plugins/Runtime/DataRegistry/DataRegistry.uplugin" 527
"../../../Engine/Plugins/Runtime/GameplayBehaviorSmartObjects/GameplayBehaviorSmartObjects.uplugin" 528
"../../../Engine/Plugins/Runtime/ExampleDeviceProfileSelector/ExampleDeviceProfileSelector.uplugin" 529
"../../../Engine/Plugins/Runtime/Firebase/Firebase.uplugin" 530
"../../../Engine/Plugins/Runtime/GameplayAbilities/GameplayAbilities.uplugin" 531
"../../../Engine/Plugins/Runtime/GameFeatures/GameFeatures.uplugin" 532
"../../../Engine/Plugins/Runtime/GameplayStateTree/GameplayStateTree.uplugin" 533
"../../../Engine/Plugins/Runtime/GameInput/GameInput.uplugin" 534
"../../../Engine/Plugins/Runtime/GameplayInteractions/GameplayInteractions.uplugin" 535
"../../../Engine/Plugins/Runtime/GeometryScripting/GeometryScripting.uplugin" 536
"../../../Engine/Plugins/Runtime/GeometryCache/GeometryCache.uplugin" 537
"../../../Engine/Plugins/Runtime/GeoReferencing/GeoReferencing.uplugin" 538
"../../../Engine/Plugins/Runtime/GoogleCloudMessaging/GoogleCloudMessaging.uplugin" 539
"../../../Engine/Plugins/Runtime/GooglePAD/GooglePAD.uplugin" 540
"../../../Engine/Plugins/Runtime/GeometryProcessing/GeometryProcessing.uplugin" 541
"../../../Engine/Plugins/Experimental/TargetDeviceServicesScripting/TargetDeviceServicesScripting.uplugin" 542
"../../../Engine/Plugins/Runtime/Harmonix/Harmonix.uplugin" 543
"../../../Engine/Plugins/MetaHuman/MetaHumanCalibrationProcessing/MetaHumanCalibrationProcessing.uplugin" 544
"../../../Engine/Plugins/Runtime/HairStrands/HairStrands.uplugin" 545
"../../../Engine/Plugins/Runtime/IOSDeviceProfileSelector/IOSDeviceProfileSelector.uplugin" 546
"../../../Engine/Plugins/Runtime/HDRIBackdrop/HDRIBackdrop.uplugin" 547
"../../../Engine/Plugins/Runtime/IOSReplayKit/IOSReplayKit.uplugin" 548
"../../../Engine/Plugins/Runtime/HTTPChunkInstaller/HTTPChunkInstaller.uplugin" 549
"../../../Engine/Plugins/Runtime/InstancedActors/InstancedActors.uplugin" 550
"../../../Engine/Plugins/Runtime/InputDebugging/InputDebugging.uplugin" 551
"../../../Engine/Plugins/Runtime/LevelStreamingPersistence/LevelStreamingPersistence.uplugin" 552
"../../../Engine/Plugins/Runtime/LocationServicesIOSImpl/LocationServicesIOSImpl.uplugin" 553
"../../../Engine/Plugins/Runtime/LocationServicesBPLibrary/LocationServicesBPLibrary.uplugin" 554
"../../../Engine/Plugins/Runtime/MassEntity/MassEntity.uplugin" 555
"../../../Engine/Plugins/Runtime/LinuxDeviceProfileSelector/LinuxDeviceProfileSelector.uplugin" 556
"../../../Engine/Plugins/Runtime/MeshModelingToolset/MeshModelingToolset.uplugin" 557
"../../../Engine/Plugins/Runtime/MassGameplay/MassGameplay.uplugin" 558
"../../../Engine/Plugins/Runtime/Metasound/Metasound.uplugin" 559
"../../../Engine/Plugins/Runtime/MixedRealityCaptureFramework/MixedRealityCaptureFramework.uplugin" 560
"../../../Engine/Plugins/Runtime/MicrosoftSpatialAudio/MicroSoftSpatialSound.uplugin" 561
"../../../Engine/Plugins/Runtime/MobilePatchingUtils/MobilePatchingUtils.uplugin" 562
"../../../Engine/Plugins/Runtime/ModelViewViewModel/ModelViewViewModel.uplugin" 563
"../../../Engine/Plugins/Runtime/MobileFSR/MobileFSR.uplugin" 564
"../../../Engine/Plugins/Runtime/MsQuic/MsQuic.uplugin" 565
"../../../Engine/Plugins/Runtime/ModularGameplay/ModularGameplay.uplugin" 566
"../../../Engine/Plugins/Runtime/NavCorridor/NavCorridor.uplugin" 567
"../../../Engine/Plugins/Runtime/nDisplay/nDisplay.uplugin" 568
"../../../Engine/Plugins/Runtime/nDisplayModularFeatures/nDisplayModularFeatures.uplugin" 569
"../../../Engine/Plugins/Runtime/MusicEnvironment/MusicEnvironment.uplugin" 570
"../../../Engine/Plugins/Runtime/NetworkPrediction/NetworkPrediction.uplugin" 571
"../../../Engine/Plugins/Runtime/OpenXR/OpenXR.uplugin" 572
"../../../Engine/Plugins/Runtime/OpenXRHandTracking/OpenXRHandTracking.uplugin" 573
"../../../Engine/Plugins/Runtime/OpenCV/OpenCV.uplugin" 574
"../../../Engine/Plugins/Runtime/NetworkPredictionInsights/NetworkPredictionInsights.uplugin" 575
"../../../Engine/Plugins/Runtime/OpenXRMsftHandInteraction/OpenXRMsftHandInteraction.uplugin" 576
"../../../Engine/Plugins/Runtime/OpenXREyeTracker/OpenXREyeTracker.uplugin" 577
"../../../Engine/Plugins/Runtime/OpenXRViveTracker/OpenXRViveTracker.uplugin" 578
"../../../Engine/Plugins/Runtime/OptionalMobileFeaturesBPLibrary/OptionalMobileFeaturesBPLibrary.uplugin" 579
"../../../Engine/Plugins/Runtime/OSC/OSC.uplugin" 580
"../../../Engine/Plugins/Runtime/LocationServicesAndroidImpl/LocationServicesAndroidImpl.uplugin" 581
"../../../Engine/Plugins/Runtime/ProceduralMeshComponent/ProceduralMeshComponent.uplugin" 582
"../../../Engine/Plugins/Runtime/PreLoadScreenMoviePlayer/PreLoadScreenMoviePlayer.uplugin" 583
"../../../Engine/Plugins/Runtime/RenderTrace/RenderTrace.uplugin" 584
"../../../Engine/Plugins/Runtime/PropertyBindingUtils/PropertyBindingUtils.uplugin" 585
"../../../Engine/Plugins/Runtime/PropertyAccess/PropertyAccessEditor.uplugin" 586
"../../../Engine/Plugins/Runtime/ReplicationSystemTestPlugin/ReplicationSystemTestPlugin.uplugin" 587
"../../../Engine/Plugins/Runtime/RigVM/RigVM.uplugin" 588
"../../../Engine/Plugins/Runtime/SignificanceManager/SignificanceManager.uplugin" 589
"../../../Engine/Plugins/Runtime/SmartObjects/SmartObjects.uplugin" 590
"../../../Engine/Plugins/Runtime/ResonanceAudio/ResonanceAudio.uplugin" 591
"../../../Engine/Plugins/Media/MediaPlate/MediaPlate.uplugin" 592
"../../../Engine/Plugins/Runtime/SkeletalMerging/SkeletalMerging.uplugin" 593
"../../../Engine/Plugins/Runtime/ADM/ADM.uplugin" 594
"../../../Engine/Plugins/Runtime/ReplicationGraph/ReplicationGraph.uplugin" 595
"../../../Engine/Plugins/Runtime/MultiServerReplication/MultiServerReplication.uplugin" 596
"../../../Engine/Plugins/Runtime/SoundFields/SoundFields.uplugin" 597
"../../../Engine/Plugins/Runtime/AndroidDeviceProfileSelector/AndroidDeviceProfileSelector.uplugin" 598
"../../../Engine/Plugins/Runtime/SoundMod/SoundMod.uplugin" 599
"../../../Engine/Plugins/Runtime/StateTree/StateTree.uplugin" 600
"../../../Engine/Plugins/Runtime/ArchVisCharacter/ArchVisCharacter.uplugin" 601
"../../../Engine/Plugins/Runtime/MIDIDevice/MIDIDevice.uplugin" 602
"../../../Engine/Plugins/Runtime/Spatialization/Spatialization.uplugin" 603
"../../../Engine/Plugins/Runtime/ActorLayerUtilities/ActorLayerUtilities.uplugin" 604
"../../../Engine/Plugins/MetaHuman/MetaHumanCoreTechLib/MetaHumanCoreTech.uplugin" 605
"../../../Engine/Plugins/Runtime/WebBrowserWidget/WebBrowserWidget.uplugin" 606
"../../../Engine/Plugins/Runtime/SoundCueTemplates/SoundCueTemplates.uplugin" 607
"../../../Engine/Plugins/Runtime/WarpUtils/WarpUtils.uplugin" 608
"../../../Engine/Plugins/Runtime/Soundscape/Soundscape.uplugin" 609
"../../../Engine/Plugins/Runtime/WebMMoviePlayer/WebMMoviePlayer.uplugin" 610
"../../../Engine/Plugins/Runtime/WindowsMoviePlayer/WindowsMoviePlayer.uplugin" 611
"../../../Engine/Plugins/Runtime/SunPosition/SunPosition.uplugin" 612
"../../../Engine/Plugins/Runtime/WaveTable/WaveTable.uplugin" 613
"../../../Engine/Plugins/Runtime/WorldConditions/WorldConditions.uplugin" 614
"../../../Engine/Plugins/Runtime/ZoneGraph/ZoneGraph.uplugin" 615
"../../../Engine/Plugins/Runtime/WindowsDeviceProfileSelector/WindowsDeviceProfileSelector.uplugin" 616
"../../../Engine/Plugins/Runtime/ScriptableToolsFramework/ScriptableToolsFramework.uplugin" 617
"../../../Engine/Plugins/Runtime/NetworkPredictionExtras/NetworkPredictionExtras.uplugin" 618
"../../../Engine/Plugins/Online/VoiceChat/EOSVoiceChat/EOSVoiceChat.uplugin" 619
"../../../Engine/Plugins/Runtime/Database/ADOSupport/ADOSupport.uplugin" 620
"../../../Engine/Plugins/Runtime/Synthesis/Synthesis.uplugin" 621
"../../../Engine/Plugins/Runtime/Advertising/IOSTapJoy/IOSTapJoy.uplugin" 622
"../../../Engine/Plugins/Runtime/Database/SQLiteCore/SQLiteCore.uplugin" 623
"../../../Engine/Plugins/Runtime/LiveLinkOvernDisplay/LiveLinkOverNDisplay.uplugin" 624
"../../../Engine/Plugins/Interchange/Extensions/OpenUSD/InterchangeOpenUSD.uplugin" 625
"../../../Engine/Plugins/Runtime/WebBrowserNativeProxy/WebBrowserNativeProxy.uplugin" 626
"../../../Engine/Plugins/Runtime/Database/RemoteDatabaseSupport/RemoteDatabaseSupport.uplugin" 627
"../../../Engine/Plugins/VirtualProduction/DMX/DMXEngine/DMXEngine.uplugin" 628
"../../../Engine/Plugins/VirtualProduction/DMX/DMXControlConsole/DMXControlConsole.uplugin" 629
"../../../Engine/Plugins/Runtime/HPMotionController/HPMotionController.uplugin" 630
"../../../Engine/Plugins/Runtime/Database/SQLiteSupport/SQLiteSupport.uplugin" 631
"../../../Engine/Plugins/VirtualProduction/DMX/DMXDisplayCluster/DMXDisplayCluster.uplugin" 632
"../../../Engine/Plugins/VirtualProduction/DMX/DMXModularFeatures/DMXModularFeatures.uplugin" 633
"../../../Engine/Plugins/MetaHuman/MetaHumanLiveLink/MetaHumanLiveLink.uplugin" 634
"../../../Engine/Plugins/VirtualProduction/DMX/DMXFixtures/DMXFixtures.uplugin" 635
"../../../Engine/Plugins/Interchange/Extensions/OpenVDB/InterchangeOpenVDB.uplugin" 636
"../../../Engine/Plugins/Developer/Concert/ConcertMain/ConcertMain.uplugin" 637
"../../../Engine/Plugins/VirtualProduction/DMX/DMXPixelMapping/DMXPixelMapping.uplugin" 638
"../../../Engine/Plugins/Runtime/Analytics/FileLogging/FileLogging.uplugin" 639
"../../../Engine/Plugins/VirtualProduction/DMX/DMXProtocol/DMXProtocol.uplugin" 640
"../../../Engine/Plugins/Editor/Localization/PortableObjectFileDataSource/PortableObjectFileDataSource.uplugin" 641
"../../../Engine/Plugins/Runtime/Analytics/AnalyticsBlueprintLibrary/AnalyticsBlueprintLibrary.uplugin" 642
"../../../Engine/Plugins/Runtime/AndroidBackgroundService/AndroidBackgroundService.uplugin" 643
"../../../Engine/Plugins/VirtualProduction/DMX/DatasmithMVR/DatasmithMVR.uplugin" 644
"../../../Engine/Plugins/Runtime/MeshReconstruction/DummyMeshReconstructor/DummyMeshReconstructor.uplugin" 645
"../../../Engine/Plugins/Runtime/Steam/SteamShared/SteamShared.uplugin" 646
"../../../Engine/Plugins/Runtime/AudioSynesthesia/AudioSynesthesia.uplugin" 647
"../../../Engine/Plugins/Runtime/Steam/SteamSockets/SteamSockets.uplugin" 648
"../../../Engine/Plugins/Runtime/Nvidia/Reflex/Reflex.uplugin" 649
"../../../Engine/Plugins/Runtime/Steam/SteamAudio/SteamAudio.uplugin" 650
"../../../Engine/Plugins/VirtualProduction/DMX/DMXGDTF/DMXGDTF.uplugin" 651
"../../../Engine/Plugins/Experimental/Enterprise/DataprepGeometryOperations/DataprepGeometryOperations.uplugin" 652
"../../../Engine/Plugins/Runtime/Database/DatabaseSupport/DatabaseSupport.uplugin" 653
"../../../Engine/Plugins/Experimental/VirtualProduction/VPRoles/VPRoles.uplugin" 654
"../../../Engine/Plugins/Experimental/Enterprise/DatasmithRuntime/DatasmithRuntime.uplugin" 655
"../../../Engine/Plugins/Experimental/Enterprise/DatasmithInterchange/DatasmithInterchange.uplugin" 656
"../../../Engine/Plugins/Runtime/Analytics/Adjust/Adjust.uplugin" 657
"../../../Engine/Plugins/Experimental/VirtualProduction/VPSettings/VPSettings.uplugin" 658
"../../../Engine/Plugins/Experimental/Web/WebAPI/WebAPI.uplugin" 659
"../../../Engine/Plugins/VirtualProduction/Rivermax/RivermaxMedia/RivermaxMedia.uplugin" 660
"../../../Engine/Plugins/VirtualProduction/Rivermax/RivermaxSync/RivermaxSync.uplugin" 661
"../../../Engine/Plugins/Runtime/SoundUtilities/SoundUtilities.uplugin" 662
"../../../Engine/Plugins/Runtime/ZoneGraphAnnotations/ZoneGraphAnnotations.uplugin" 663
"../../../Engine/Plugins/Runtime/Analytics/AnalyticsMulticast/AnalyticsMulticast.uplugin" 664
"../../../Engine/Plugins/Runtime/Nvidia/GeForceNOWWrapper/GeForceNOWWrapper.uplugin" 665
"../../../Engine/Plugins/Editor/ContentBrowser/ContentBrowserAliasDataSource/ContentBrowserAliasDataSource.uplugin" 666
"../../../Engine/Plugins/Animation/MLDeformer/ChaosFleshGenerator/ChaosFleshGenerator.uplugin" 667
"../../../Engine/Plugins/Editor/ObjectMixer/LightMixer/LightMixer.uplugin" 668
"../../../Engine/Plugins/Animation/MLDeformer/NeuralMorphModel/NeuralMorphModel.uplugin" 669
"../../../Engine/Plugins/Experimental/Animation/ContextualAnimation/ContextualAnimation.uplugin" 670
"../../../Engine/Plugins/Editor/ContentBrowser/ContentBrowserAssetDataSource/ContentBrowserAssetDataSource.uplugin" 671
"../../../Engine/Plugins/Editor/ContentBrowser/ContentBrowserClassDataSource/ContentBrowserClassDataSource.uplugin" 672
"../../../Engine/Plugins/Animation/MLDeformer/MLDeformerFramework/MLDeformerFramework.uplugin" 673
"../../../Engine/Plugins/Experimental/Animation/Locomotor/Locomotor.uplugin" 674
"../../../Engine/Plugins/Animation/MLDeformer/VertexDeltaModel/VertexDeltaModel.uplugin" 675
"../../../Engine/Plugins/Experimental/Animation/HierarchyTableAnimation/HierarchyTableAnimation.uplugin" 676
"../../../Engine/Plugins/Experimental/Animation/MotionTrajectory/MotionTrajectory.uplugin" 677
"../../../Engine/Plugins/Experimental/Animation/RigMapper/RigMapper.uplugin" 678
"../../../Engine/Plugins/Experimental/Animation/HierarchyTable/HierarchyTable.uplugin" 679
"../../../Engine/Plugins/Experimental/Animation/PackedAttributes/PackedAttributes.uplugin" 680
"../../../Engine/Plugins/Experimental/Animation/SkeletonTemplateFramework/SkeletonTemplateFramework.uplugin" 681
"../../../Engine/Plugins/Experimental/Animation/SkeletalMeshMorphTargetEditingTools/SkeletalMeshMorphTargetEditingTools.uplugin" 682
"../../../Engine/Plugins/Experimental/Compositing/CompositeCore/CompositeCore.uplugin" 683
"../../../Engine/Plugins/Experimental/AVCodecs/AMFCodecs/AMFCodecs.uplugin" 684
"../../../Engine/Plugins/Experimental/AVCodecs/AVCodecsCore/AVCodecsCore.uplugin" 685
"../../../Engine/Plugins/Experimental/Animation/TrajectoryTools/TrajectoryTools.uplugin" 686
"../../../Engine/Plugins/Editor/ObjectMixer/ObjectMixer/ObjectMixer.uplugin" 687
"../../../Engine/Plugins/Experimental/AVCodecs/LibVpxCodecs/LibVpxCodecs.uplugin" 688
"../../../Engine/Plugins/Experimental/AVCodecs/WMFCodecs/WMFCodecs.uplugin" 689
"../../../Engine/Plugins/Experimental/PCGInterops/PCGWaterInterop/PCGWaterInterop.uplugin" 690
"../../../Engine/Plugins/Experimental/AVCodecs/VTCodecs/VTCodecs.uplugin" 691
"../../../Engine/Plugins/Experimental/Animation/Optimus/Optimus.uplugin" 692
"../../../Engine/Plugins/Runtime/XRBase/XRBase.uplugin" 693
"../../../Engine/Plugins/Runtime/AR/ARUtilities/ARUtilities.uplugin" 694
"../../../Engine/Plugins/Runtime/Windows/WinDualShock/WinDualShock.uplugin" 695
"../../../Engine/Plugins/Experimental/PCGInterops/PCGNiagaraInterop/PCGNiagaraInterop.uplugin" 696
"../../../Engine/Plugins/Online/VoiceChat/VoiceChat/VoiceChat.uplugin" 697
"../../../Engine/Plugins/Online/Android/AndroidFetchBackgroundDownload/AndroidFetchBackgroundDownload.uplugin" 698
"../../../Engine/Plugins/Experimental/PCGInterops/PCGInstancedActorsInterop/PCGInstancedActorsInterop.uplugin" 699
"../../../Engine/Plugins/Experimental/MetaHuman/MetaHumanRuntime/MetaHumanRuntime.uplugin" 700
"../../../Engine/Plugins/Online/IOS/OnlineSubsystemIOS/OnlineSubsystemIOS.uplugin" 701
"../../../Engine/Plugins/Experimental/VirtualProduction/LedWallCalibration/LedWallCalibration.uplugin" 702
"../../../Engine/Plugins/VirtualProduction/CaptureManager/CaptureManagerApp/CaptureManagerApp.uplugin" 703
"../../../Engine/Plugins/Runtime/PacketHandlers/AESHandlerComponent/AESHandlerComponent.uplugin" 704
"../../../Engine/Plugins/VirtualProduction/CaptureManager/CaptureManagerDevices/CaptureManagerDevices.uplugin" 705
"../../../Engine/Plugins/Runtime/PacketHandlers/AESGCMHandlerComponent/AESGCMHandlerComponent.uplugin" 706
"../../../Engine/Plugins/Online/Android/OnlineSubsystemGooglePlay/OnlineSubsystemGooglePlay.uplugin" 707
"../../../Engine/Plugins/Experimental/CharacterFXEditor/ExampleCharacterFXEditor/ExampleCharacterFXEditor.uplugin" 708
"../../../Engine/Plugins/VirtualProduction/CaptureManager/CaptureManagerEditor/CaptureManagerEditor.uplugin" 709
"../../../Engine/Plugins/Experimental/CharacterFXEditor/BaseCharacterFXEditor/BaseCharacterFXEditor.uplugin" 710
"../../../Engine/Plugins/Runtime/XR/XRVisualization/XRVisualization.uplugin" 711
"../../../Engine/Plugins/Runtime/XR/XRScribe/XRScribe.uplugin" 712
"../../../Engine/Plugins/Developer/Concert/ConcertSync/ConcertSyncClient/ConcertSyncClient.uplugin" 713
"../../../Engine/Plugins/Runtime/PacketHandlers/DTLSHandlerComponent/DTLSHandlerComponent.uplugin" 714
"../../../Engine/Plugins/Portal/LauncherChunkInstaller/LauncherChunkInstaller.uplugin" 715
"../../../Engine/Plugins/Developer/Concert/ConcertSync/ConcertSyncCore/ConcertSyncCore.uplugin" 716
"../../../Engine/Plugins/Developer/Concert/ConcertSync/ConcertSyncServer/ConcertSyncServer.uplugin" 717
"../../../Engine/Plugins/Developer/Concert/ConcertUI/ConcertClientSharedSlate/ConcertClientSharedSlate.uplugin" 718
"../../../Engine/Plugins/Developer/Concert/ConcertSync/ConcertSyncTest/ConcertSyncTest.uplugin" 719
"../../../Engine/Plugins/Runtime/AR/Google/GoogleARCore/GoogleARCore.uplugin" 720
"../../../Engine/Plugins/Developer/Concert/ConcertUI/ConcertSharedSlate/ConcertSharedSlate.uplugin" 721
"../../../Engine/Plugins/Runtime/AR/Google/GoogleARCoreServices/GoogleARCoreServices.uplugin" 722
"../../../Engine/Plugins/Developer/Concert/ConcertInsights/ConcertInsightsVisualizer/ConcertInsightsVisualizer.uplugin" 723
"../../../Engine/Plugins/Developer/Concert/ConcertInsights/ConcertInsightsClient/ConcertInsightsClient.uplugin" 724
"../../../Engine/Plugins/Developer/Concert/ConcertInsights/ConcertInsightsCore/ConcertInsightsCore.uplugin" 725
"../../../Engine/Plugins/Runtime/AR/AppleAR/AppleARKit/AppleARKit.uplugin" 726
"../../../Engine/Plugins/Experimental/Compositing/HoldoutComposite/HoldoutComposite.uplugin" 727
"../../../Engine/Plugins/Developer/Concert/ConcertInsights/ConcertInsightsServer/ConcertInsightsServer.uplugin" 728
"../../../Engine/Plugins/Runtime/AR/AppleAR/AppleARKitFaceSupport/AppleARKitFaceSupport.uplugin" 729
"../../../Engine/Plugins/Animation/MLDeformer/NearestNeighborModel/NearestNeighborModel.uplugin" 730
"../../../Engine/Plugins/Editor/ContentBrowser/ContentBrowserFileDataSource/ContentBrowserFileDataSource.uplugin" 731
"../../../Engine/Plugins/Developer/Concert/ConcertScripting/ConcertReplicationScripting/ConcertReplicationScripting.uplugin" 732
"../../../Engine/Plugins/VirtualProduction/Rivermax/RivermaxCore/RivermaxCore.uplugin" 733
"../../../Engine/Plugins/Experimental/Animation/CurveExpression/CurveExpression.uplugin" 734
"../../../Engine/Plugins/Experimental/AVCodecs/NVCodecs/NVCodecs.uplugin" 735
"../../../Engine/Plugins/Runtime/Steam/SteamController/SteamController.uplugin" 736
"../../../Engine/Plugins/VirtualProduction/CaptureManager/CaptureManagerCore/CaptureManagerCore.uplugin" 737
"../../../Engine/Plugins/Runtime/Windows/XInputDevice/XInputDevice.uplugin" 738
"../../../Engine/Plugins/Developer/Concert/ConcertApp/DisasterRecoveryClient/DisasterRecoveryClient.uplugin" 739
"../../../Engine/Plugins/Developer/Concert/ConcertApp/MultiUserClient/MultiUserClient.uplugin" 740
"../../../Engine/Plugins/Animation/MLDeformer/ChaosClothGenerator/ChaosClothGenerator.uplugin" 741
"../../../Engine/Plugins/Developer/Concert/ConcertApp/MultiUserServer/MultiUserServer.uplugin" 742
"../../../Engine/Plugins/Experimental/Animation/MLDeformer/DetailPoseModel/DetailPoseModel.uplugin" 743
"../../../Engine/Plugins/Runtime/USDCore/USDCore.uplugin" 744
"../../../Engine/Platforms/Android/Plugins/RigLogic/RigLogic_Android.uplugin" 745
"../../../Engine/Platforms/Android/Plugins/Animation/ACLPlugin/ACLPlugin_Android.uplugin" 746
"../../../Engine/Platforms/IOS/Plugins/RigLogic/RigLogic_IOS.uplugin" 747
"../../../Engine/Content/Internationalization/icudt64l/cnvalias.icu" 748
"../../../Engine/Content/Internationalization/icudt64l/res_index.res" 749
"../../../Engine/Content/Internationalization/icudt64l/plurals.res" 750
"../../../Engine/Content/Internationalization/icudt64l/lang/en.res" 751
"../../../Engine/Content/Internationalization/icudt64l/lang/pool.res" 752
"../../../Engine/Content/Internationalization/icudt64l/lang/root.res" 753
"../../../Engine/Content/Internationalization/icudt64l/region/en.res" 754
"../../../Engine/Content/Internationalization/icudt64l/region/pool.res" 755
"../../../Engine/Content/Internationalization/icudt64l/region/root.res" 756
"../../../Engine/Content/Internationalization/icudt64l/windowsZones.res" 757
"../../../Engine/Content/Internationalization/icudt64l/zoneinfo64.res" 758
"../../../Engine/Content/Internationalization/icudt64l/keyTypeData.res" 759
"../../../Engine/Content/Internationalization/icudt64l/timezoneTypes.res" 760
"../../../Engine/Content/Internationalization/icudt64l/likelySubtags.res" 761
"../../../Engine/Content/Internationalization/icudt64l/en_US.res" 762
"../../../Engine/Content/Internationalization/icudt64l/pool.res" 763
"../../../Engine/Content/Internationalization/icudt64l/en.res" 764
"../../../Engine/Content/Internationalization/icudt64l/root.res" 765
"../../../Engine/Content/Internationalization/icudt64l/supplementalData.res" 766
"../../../Engine/Config/ConfigRedirects.ini" 767
"C:/Users/jessw/AppData/Local/UnrealEngine/5.6/Saved/Config/WindowsEditor/Manifest.ini" 768
"../../../Engine/Config/BaseEngine.ini" 769
"../../../Engine/Config/Windows/BaseWindowsEngine.ini" 770
"../../../../../../Users/jessw/Documents/GitHub/CasualProductionDreamTeam/DreamRunner/Config/DefaultEngine.ini" 771
"../../../Engine/Config/BaseGame.ini" 772
"../../../../../../Users/jessw/Documents/GitHub/CasualProductionDreamTeam/DreamRunner/Config/DefaultGame.ini" 773
"../../../Engine/Config/Windows/WindowsGame.ini" 774
"C:/Users/jessw/Documents/GitHub/CasualProductionDreamTeam/DreamRunner/Saved/Config/WindowsEditor/Game.ini" 775
"../../../Engine/Config/BaseInput.ini" 776
"../../../Engine/Config/Windows/BaseWindowsInput.ini" 777
"../../../../../../Users/jessw/Documents/GitHub/CasualProductionDreamTeam/DreamRunner/Config/DefaultInput.ini" 778
"../../../Engine/Config/Windows/WindowsInput.ini" 779
"../../../Engine/Config/BaseDeviceProfiles.ini" 780
"../../../Engine/Config/BaseGameUserSettings.ini" 781
"C:/Users/jessw/Documents/GitHub/CasualProductionDreamTeam/DreamRunner/Saved/Config/WindowsEditor/GameUserSettings.ini" 782
"../../../Engine/Config/BaseScalability.ini" 783
"../../../Engine/Config/BaseRuntimeOptions.ini" 784
"../../../Engine/Config/BaseInstallBundle.ini" 785
"../../../Engine/Config/BaseHardware.ini" 786
"../../../Engine/Config/BaseCompat.ini" 787
"../../../Engine/Config/BaseLightmass.ini" 788
"../../../Engine/Config/BaseEditor.ini" 789
"../../../../../../Users/jessw/Documents/GitHub/CasualProductionDreamTeam/DreamRunner/Config/DefaultEditor.ini" 790
"C:/Users/jessw/Documents/GitHub/CasualProductionDreamTeam/DreamRunner/Saved/Config/WindowsEditor/Editor.ini" 791
"../../../Engine/Config/BaseMaterialExpressions.ini" 792
"../../../Engine/Config/BaseEditorPerProjectUserSettings.ini" 793
"../../../../../../Users/jessw/Documents/GitHub/CasualProductionDreamTeam/DreamRunner/Config/DefaultEditorPerProjectUserSettings.ini" 794
"../../../Engine/Config/Windows/WindowsEditorPerProjectUserSettings.ini" 795
"C:/Users/jessw/Documents/GitHub/CasualProductionDreamTeam/DreamRunner/Saved/Config/WindowsEditor/EditorPerProjectUserSettings.ini" 796
"../../../Engine/Config/BaseEditorSettings.ini" 797
"../../../Engine/Config/Windows/WindowsEditorSettings.ini" 798
"C:/Users/jessw/AppData/Local/UnrealEngine/5.6/Saved/Config/WindowsEditor/EditorSettings.ini" 799
"../../../Engine/Config/BaseEditorKeyBindings.ini" 800
"C:/Users/jessw/AppData/Local/UnrealEngine/5.6/Saved/Config/WindowsEditor/EditorLayout.ini" 801
"../../../../../../Users/jessw/Documents/GitHub/CasualProductionDreamTeam/DreamRunner/Binaries/Win64/DreamRunner-Win64-Shipping.target" 802
"../../../Engine/Config/Mac/BaseMacEngine.ini" 803
"../../../Engine/Config/IOS/BaseIOSEngine.ini" 804
"../../../Engine/Config/Unix/UnixEngine.ini" 805
"../../../Engine/Binaries/Win64/BootstrapPackagedGame-Win64-Shipping.target" 806
"../../../Engine/Binaries/Win64/BuildPatchTool-Win64-Shipping.target" 807
"../../../Engine/Binaries/Win64/CrashReportClient-Win64-Shipping.target" 808
"../../../Engine/Binaries/Win64/CrashReportClientEditor-Win64-Shipping.target" 809
"../../../Engine/Config/Linux/BaseLinuxEngine.ini" 810
"../../../Engine/Binaries/Win64/DatasmithCADWorker.target" 811
"../../../Engine/Binaries/Win64/EpicWebHelper-Win64-Shipping.target" 812
"../../../Engine/Binaries/Win64/InterchangeWorker.target" 813
"../../../Engine/Binaries/Win64/LiveCodingConsole.target" 814
"../../../Engine/Config/Android/BaseAndroidEngine.ini" 815
"../../../Engine/Binaries/Win64/LiveLinkHub.target" 816
"../../../Engine/Config/IOS/BaseIOSGame.ini" 817
"../../../Engine/Platforms/VisionOS/Config/BaseVisionOSEngine.ini" 818
"../../../Engine/Config/Mac/MacGame.ini" 819
"../../../Engine/Config/Android/AndroidEngine.ini" 820
"../../../Engine/Config/IOS/IOSGame.ini" 821
"../../../Engine/Config/TVOS/TVOSEngine.ini" 822
"../../../Engine/Config/Linux/LinuxEngine.ini" 823
"../../../Engine/Platforms/VisionOS/Config/VisionOSEngine.ini" 824
"../../../Engine/Config/Mac/BaseMacInput.ini" 825
"../../../Engine/Config/IOS/BaseIOSInput.ini" 826
"../../../Engine/Config/Android/BaseAndroidGame.ini" 827
"../../../Engine/Config/Linux/LinuxGame.ini" 828
"../../../Engine/Config/Android/BaseAndroidInput.ini" 829
"../../../Engine/Config/IOS/IOSScalability.ini" 830
"../../../Engine/Config/Android/AndroidScalability.ini" 831
"../../../Engine/Config/IOS/BaseIOSInstallBundle.ini" 832
"../../../Engine/Binaries/Win64/ShaderCompileWorker.target" 833
"../../../Engine/Config/Android/BaseAndroidInstallBundle.ini" 834
"../../../Engine/Binaries/Win64/SwitchboardListener.target" 835
"../../../Engine/Binaries/Win64/SwitchboardListenerHelper.target" 836
"../../../Engine/Binaries/Win64/UnrealEditor-Win64-DebugGame.target" 837
"../../../Engine/Binaries/Win64/UnrealEditor.target" 838
"../../../Engine/Config/PluginBase.ini" 839
"../../../Engine/Plugins/ChaosVD/Config/DefaultChaosVD.ini" 840
"../../../Engine/Plugins/EnhancedInput/Config/BaseEnhancedInput.ini" 841
"../../../Engine/Plugins/Fab/Config/BaseFab.ini" 842
"../../../Engine/Plugins/TraceUtilities/Config/BaseTraceUtilities.ini" 843
"../../../Engine/Plugins/VirtualProduction/CameraCalibrationCore/Config/BaseCameraCalibrationCore.ini" 844
"../../../Engine/Plugins/VirtualProduction/Takes/Config/BaseTakes.ini" 845
"../../../Engine/Plugins/2D/Paper2D/Config/BasePaper2D.ini" 846
"../../../Engine/Plugins/Animation/ControlRig/Config/BaseControlRig.ini" 847
"../../../Engine/Plugins/Animation/DeformerGraph/Config/BaseDeformerGraph.ini" 848
"../../../Engine/Plugins/Animation/IKRig/Config/BaseIKRig.ini" 849
"../../../Engine/Plugins/Cameras/GameplayCameras/Config/BaseGameplayCameras.ini" 850
"../../../Engine/Plugins/Editor/EditorScriptingUtilities/Config/BaseEditorScriptingUtilities.ini" 851
"../../../Engine/Plugins/Enterprise/DatasmithContent/Config/BaseDatasmithContent.ini" 852
"../../../Engine/Plugins/Enterprise/GLTFExporter/Config/BaseGLTFExporter.ini" 853
"../../../Engine/Plugins/Enterprise/GLTFExporter/Config/DefaultGLTFExporter.ini" 854
"../../../Engine/Plugins/Enterprise/VariantManagerContent/Config/BaseVariantManagerContent.ini" 855
"../../../Engine/Plugins/Experimental/FullBodyIK/Config/BaseFullBodyIK.ini" 856
"../../../Engine/Plugins/Experimental/ToolPresets/Config/BaseToolPresets.ini" 857
"../../../Engine/Plugins/FX/Niagara/Config/BaseNiagara.ini" 858
"../../../Engine/Plugins/Interchange/Assets/Config/BaseInterchangeAssets.ini" 859
"../../../Engine/Plugins/Interchange/Runtime/Config/BaseInterchange.ini" 860
"../../../Engine/Plugins/MetaHuman/MetaHumanSDK/Config/BaseMetaHumanSDK.ini" 861
"../../../Engine/Plugins/Runtime/GameplayStateTree/Config/BaseGameplayStateTree.ini" 862
"../../../Engine/Plugins/Runtime/HairStrands/Config/BaseHairStrands.ini" 863
"../../../Engine/Plugins/Runtime/Metasound/Config/BaseMetasound.ini" 864
"../../../Engine/Plugins/Runtime/Metasound/Config/DefaultMetasound.ini" 865
"../../../Engine/Plugins/Runtime/PropertyBindingUtils/Config/BasePropertyBindingUtils.ini" 866
"../../../Engine/Plugins/Runtime/RigVM/Config/BaseRigVM.ini" 867
"../../../Engine/Plugins/Runtime/StateTree/Config/BaseStateTree.ini" 868
"../../../Engine/Plugins/Runtime/Synthesis/Config/BaseSynthesis.ini" 869
"../../../Engine/Plugins/Experimental/Compositing/CompositeCore/Config/BaseCompositeCore.ini" 870
"../../../Engine/Plugins/ChaosVD/Config/Engine.ini" 871
"../../../Engine/Plugins/EnhancedInput/Config/Input.ini" 872
"../../../Engine/Plugins/Runtime/InputDebugging/Config/Input.ini" 873
"../../../Engine/Plugins/Runtime/Windows/XInputDevice/Config/Input.ini" 874
"../../../Engine/Plugins/NNE/NNEDenoiser/Config/Game.ini" 875
"../../../Engine/Plugins/Online/OnlineSubsystemUtils/Config/Editor.ini" 876
"../../../Engine/Plugins/Runtime/RigVM/Config/Editor.ini" 877
"../../../Engine/Plugins/Editor/ModelingToolsEditorMode/Binaries/Win64/UnrealEditor.modules" 878
"../../../Engine/Plugins/Runtime/MeshModelingToolset/Binaries/Win64/UnrealEditor.modules" 879
"../../../Engine/Plugins/Experimental/MeshModelingToolsetExp/Binaries/Win64/UnrealEditor.modules" 880
"../../../Engine/Plugins/Editor/MeshLODToolset/Binaries/Win64/UnrealEditor.modules" 881
"../../../Engine/Plugins/Experimental/ToolPresets/Binaries/Win64/UnrealEditor.modules" 882
"../../../Engine/Plugins/Editor/StylusInput/Binaries/Win64/UnrealEditor.modules" 883
"../../../Engine/Plugins/Runtime/GeometryProcessing/Binaries/Win64/UnrealEditor.modules" 884
"../../../Engine/Plugins/Editor/ProxyLODPlugin/Binaries/Win64/UnrealEditor.modules" 885
"../../../Engine/Plugins/Experimental/PlanarCutPlugin/Binaries/Win64/UnrealEditor.modules" 886
"../../../Engine/Plugins/Runtime/GeometryCache/Binaries/Win64/UnrealEditor.modules" 887
"../../../Engine/Plugins/Experimental/GeometryFlow/Binaries/Win64/UnrealEditor.modules" 888
"../../../Engine/Plugins/Editor/EditorScriptingUtilities/Binaries/Win64/UnrealEditor.modules" 889
"../../../Engine/Plugins/FX/Niagara/Binaries/Win64/UnrealEditor.modules" 890
"../../../Engine/Plugins/Experimental/PythonScriptPlugin/Binaries/Win64/UnrealEditor.modules" 891
"../../../Engine/Plugins/Editor/ContentBrowser/ContentBrowserFileDataSource/Binaries/Win64/UnrealEditor.modules" 892
"../../../Engine/Plugins/Runtime/GameplayStateTree/Binaries/Win64/UnrealEditor.modules" 893
"../../../Engine/Plugins/Runtime/StateTree/Binaries/Win64/UnrealEditor.modules" 894
"../../../Engine/Plugins/Animation/GameplayInsights/Binaries/Win64/UnrealEditor.modules" 895
"../../../Engine/Plugins/Runtime/PropertyAccess/Binaries/Win64/UnrealEditor.modules" 896
"../../../Engine/Plugins/Runtime/PropertyBindingUtils/Binaries/Win64/UnrealEditor.modules" 897
"../../../Engine/Plugins/Bridge/Binaries/Win64/UnrealEditor.modules" 898
"../../../Engine/Plugins/MetaHuman/MetaHumanSDK/Binaries/Win64/UnrealEditor.modules" 899
"../../../Engine/Plugins/Animation/ControlRig/Binaries/Win64/UnrealEditor.modules" 900
"../../../Engine/Plugins/Runtime/HairStrands/Binaries/Win64/UnrealEditor.modules" 901
"../../../Engine/Plugins/Animation/RigLogic/Binaries/Win64/UnrealEditor.modules" 902
"../../../Engine/Plugins/Online/EOSShared/Binaries/Win64/UnrealEditor.modules" 903
"../../../Engine/Plugins/Runtime/RigVM/Binaries/Win64/UnrealEditor.modules" 904
"../../../Engine/Plugins/MovieScene/LevelSequenceEditor/Binaries/Win64/UnrealEditor.modules" 905
"../../../Engine/Plugins/MovieScene/SequencerScripting/Binaries/Win64/UnrealEditor.modules" 906
"../../../Engine/Plugins/Animation/TweeningUtils/Binaries/Win64/UnrealEditor.modules" 907
"../../../Engine/Plugins/Animation/DeformerGraph/Binaries/Win64/UnrealEditor.modules" 908
"../../../Engine/Plugins/Experimental/Dataflow/Binaries/Win64/UnrealEditor.modules" 909
"../../../Engine/Plugins/Runtime/ComputeFramework/Binaries/Win64/UnrealEditor.modules" 910
"../../../Engine/Plugins/Experimental/CharacterFXEditor/BaseCharacterFXEditor/Binaries/Win64/UnrealEditor.modules" 911
"../../../Engine/Plugins/Runtime/ProceduralMeshComponent/Binaries/Win64/UnrealEditor.modules" 912
"../../../Engine/Plugins/Experimental/ChaosCaching/Binaries/Win64/UnrealEditor.modules" 913
"../../../Engine/Plugins/Experimental/EditorDataStorage/Binaries/Win64/UnrealEditor.modules" 914
"../../../Engine/Plugins/Experimental/EditorDataStorageFeatures/Binaries/Win64/UnrealEditor.modules" 915
"../../../Engine/Plugins/VirtualProduction/Takes/Binaries/Win64/UnrealEditor.modules" 916
"../../../Engine/Plugins/Runtime/AudioCapture/Binaries/Win64/UnrealEditor.modules" 917
"../../../Engine/Plugins/Developer/NamingTokens/Binaries/Win64/UnrealEditor.modules" 918
"../../../Engine/Plugins/Editor/EngineAssetDefinitions/Binaries/Win64/UnrealEditor.modules" 919
"../../../Engine/Plugins/ChaosCloth/Binaries/Win64/UnrealEditor.modules" 920
"../../../Engine/Plugins/ChaosInsights/Binaries/Win64/UnrealEditor.modules" 921
"../../../Engine/Plugins/ChaosVD/Binaries/Win64/UnrealEditor.modules" 922
"../../../Engine/Plugins/CmdLinkServer/Binaries/Win64/UnrealEditor.modules" 923
"../../../Engine/Plugins/EnhancedInput/Binaries/Win64/UnrealEditor.modules" 924
"../../../Engine/Plugins/Editor/DataValidation/Binaries/Win64/UnrealEditor.modules" 925
"../../../Engine/Plugins/Fab/Binaries/Win64/UnrealEditor.modules" 926
"../../../Engine/Plugins/Interchange/Runtime/Binaries/Win64/UnrealEditor.modules" 927
"../../../Engine/Plugins/Enterprise/VariantManagerContent/Binaries/Win64/UnrealEditor.modules" 928
"../../../Engine/Plugins/Enterprise/VariantManager/Binaries/Win64/UnrealEditor.modules" 929
"../../../Engine/Plugins/Interchange/Assets/Binaries/Win64/UnrealEditor.modules" 930
"../../../Engine/Plugins/FastBuildController/Binaries/Win64/UnrealEditor.modules" 931
"../../../Engine/Plugins/IoStoreInsights/Binaries/Win64/UnrealEditor.modules" 932
"../../../Engine/Plugins/MassInsights/Binaries/Win64/UnrealEditor.modules" 933
"../../../Engine/Plugins/MeshPainting/Binaries/Win64/UnrealEditor.modules" 934
"../../../Engine/Plugins/Interchange/Editor/Binaries/Win64/UnrealEditor.modules" 935
"../../../Engine/Plugins/RenderGraphInsights/Binaries/Win64/UnrealEditor.modules" 936
"../../../Engine/Plugins/TraceUtilities/Binaries/Win64/UnrealEditor.modules" 937
"../../../Engine/Plugins/UbaController/Binaries/Win64/UnrealEditor.modules" 938
"../../../Engine/Plugins/WorldMetrics/Binaries/Win64/UnrealEditor.modules" 939
"../../../Engine/Plugins/XGEController/Binaries/Win64/UnrealEditor.modules" 940
"../../../Engine/Plugins/Importers/AlembicImporter/Binaries/Win64/UnrealEditor.modules" 941
"../../../Engine/Plugins/Messaging/TcpMessaging/Binaries/Win64/UnrealEditor.modules" 942
"../../../Engine/Plugins/Messaging/UdpMessaging/Binaries/Win64/UnrealEditor.modules" 943
"../../../Engine/Plugins/MovieScene/ActorSequence/Binaries/Win64/UnrealEditor.modules" 944
"../../../Engine/Plugins/NNE/NNEDenoiser/Binaries/Win64/UnrealEditor.modules" 945
"../../../Engine/Plugins/NNE/NNERuntimeORT/Binaries/Win64/UnrealEditor.modules" 946
"../../../Engine/Plugins/Online/OnlineBase/Binaries/Win64/UnrealEditor.modules" 947
"../../../Engine/Plugins/Online/OnlineSubsystem/Binaries/Win64/UnrealEditor.modules" 948
"../../../Engine/Plugins/Online/OnlineSubsystemNull/Binaries/Win64/UnrealEditor.modules" 949
"../../../Engine/Plugins/Online/OnlineSubsystemUtils/Binaries/Win64/UnrealEditor.modules" 950
"../../../Engine/Plugins/Online/OnlineServices/Binaries/Win64/UnrealEditor.modules" 951
"../../../Engine/Plugins/Tests/InterchangeTests/Binaries/Win64/UnrealEditor.modules" 952
"../../../Engine/Plugins/2D/Paper2D/Binaries/Win64/UnrealEditor.modules" 953
"../../../Engine/Plugins/AI/EnvironmentQueryEditor/Binaries/Win64/UnrealEditor.modules" 954
"../../../Engine/Plugins/AI/AISupport/Binaries/Win64/UnrealEditor.modules" 955
"../../../Engine/Plugins/Animation/ACLPlugin/Binaries/Win64/UnrealEditor.modules" 956
"../../../Engine/Plugins/Animation/AnimationData/Binaries/Win64/UnrealEditor.modules" 957
"../../../Engine/Plugins/Animation/AnimationModifierLibrary/Binaries/Win64/UnrealEditor.modules" 958
"../../../Engine/Plugins/Animation/ControlRigSpline/Binaries/Win64/UnrealEditor.modules" 959
"../../../Engine/Plugins/Animation/BlendSpaceMotionAnalysis/Binaries/Win64/UnrealEditor.modules" 960
"../../../Engine/Plugins/Animation/IKRig/Binaries/Win64/UnrealEditor.modules" 961
"../../../Engine/Plugins/Experimental/FullBodyIK/Binaries/Win64/UnrealEditor.modules" 962
"../../../Engine/Plugins/Animation/SkeletalMeshModelingTools/Binaries/Win64/UnrealEditor.modules" 963
"../../../Engine/Plugins/Cameras/EngineCameras/Binaries/Win64/UnrealEditor.modules" 964
"../../../Engine/Plugins/MovieScene/TemplateSequence/Binaries/Win64/UnrealEditor.modules" 965
"../../../Engine/Plugins/Cameras/GameplayCameras/Binaries/Win64/UnrealEditor.modules" 966
"../../../Engine/Plugins/VirtualProduction/CameraCalibrationCore/Binaries/Win64/UnrealEditor.modules" 967
"../../../Engine/Plugins/Developer/AnimationSharing/Binaries/Win64/UnrealEditor.modules" 968
"../../../Engine/Plugins/Runtime/SignificanceManager/Binaries/Win64/UnrealEditor.modules" 969
"../../../Engine/Plugins/Cameras/CameraShakePreviewer/Binaries/Win64/UnrealEditor.modules" 970
"../../../Engine/Plugins/Developer/CLionSourceCodeAccess/Binaries/Win64/UnrealEditor.modules" 971
"../../../Engine/Plugins/Compression/OodleNetwork/Binaries/Win64/UnrealEditor.modules" 972
"../../../Engine/Plugins/Developer/DumpGPUServices/Binaries/Win64/UnrealEditor.modules" 973
"../../../Engine/Plugins/Developer/GitSourceControl/Binaries/Win64/UnrealEditor.modules" 974
"../../../Engine/Plugins/Developer/N10XSourceCodeAccess/Binaries/Win64/UnrealEditor.modules" 975
"../../../Engine/Plugins/Developer/PixWinPlugin/Binaries/Win64/UnrealEditor.modules" 976
"../../../Engine/Plugins/Developer/PlasticSourceControl/Binaries/Win64/UnrealEditor.modules" 977
"../../../Engine/Plugins/Developer/PluginUtils/Binaries/Win64/UnrealEditor.modules" 978
"../../../Engine/Plugins/Developer/PerforceSourceControl/Binaries/Win64/UnrealEditor.modules" 979
"../../../Engine/Plugins/Developer/PropertyAccessNode/Binaries/Win64/UnrealEditor.modules" 980
"../../../Engine/Plugins/Developer/RenderDocPlugin/Binaries/Win64/UnrealEditor.modules" 981
"../../../Engine/Plugins/Developer/ProjectLauncher/Binaries/Win64/UnrealEditor.modules" 982
"../../../Engine/Plugins/Developer/RiderSourceCodeAccess/Binaries/Win64/UnrealEditor.modules" 983
"../../../Engine/Plugins/Developer/TextureFormatOodle/Binaries/Win64/UnrealEditor.modules" 984
"../../../Engine/Plugins/Developer/SubversionSourceControl/Binaries/Win64/UnrealEditor.modules" 985
"../../../Engine/Plugins/Developer/UObjectPlugin/Binaries/Win64/UnrealEditor.modules" 986
"../../../Engine/Plugins/Developer/VisualStudioCodeSourceCodeAccess/Binaries/Win64/UnrealEditor.modules" 987
"../../../Engine/Plugins/Editor/AssetManagerEditor/Binaries/Win64/UnrealEditor.modules" 988
"../../../Engine/Plugins/Editor/ContentBrowser/ContentBrowserAssetDataSource/Binaries/Win64/UnrealEditor.modules" 989
"../../../Engine/Plugins/Developer/VisualStudioSourceCodeAccess/Binaries/Win64/UnrealEditor.modules" 990
"../../../Engine/Plugins/Editor/BlueprintHeaderView/Binaries/Win64/UnrealEditor.modules" 991
"../../../Engine/Plugins/Editor/CryptoKeys/Binaries/Win64/UnrealEditor.modules" 992
"../../../Engine/Plugins/Editor/ChangelistReview/Binaries/Win64/UnrealEditor.modules" 993
"../../../Engine/Plugins/Editor/ColorGrading/Binaries/Win64/UnrealEditor.modules" 994
"../../../Engine/Plugins/Editor/ObjectMixer/ObjectMixer/Binaries/Win64/UnrealEditor.modules" 995
"../../../Engine/Plugins/Editor/CurveEditorTools/Binaries/Win64/UnrealEditor.modules" 996
"../../../Engine/Plugins/Editor/EditorDebugTools/Binaries/Win64/UnrealEditor.modules" 997
"../../../Engine/Plugins/Editor/FacialAnimation/Binaries/Win64/UnrealEditor.modules" 998
"../../../Engine/Plugins/Editor/GeometryMode/Binaries/Win64/UnrealEditor.modules" 999
"../../../Engine/Plugins/Editor/GameplayTagsEditor/Binaries/Win64/UnrealEditor.modules" 1000
"../../../Engine/Plugins/Editor/MaterialAnalyzer/Binaries/Win64/UnrealEditor.modules" 1001
"../../../Engine/Plugins/Editor/MobileLauncherProfileWizard/Binaries/Win64/UnrealEditor.modules" 1002
"../../../Engine/Plugins/Editor/PluginBrowser/Binaries/Win64/UnrealEditor.modules" 1003
"../../../Engine/Plugins/Editor/SequencerAnimTools/Binaries/Win64/UnrealEditor.modules" 1004
"../../../Engine/Plugins/Editor/SpeedTreeImporter/Binaries/Win64/UnrealEditor.modules" 1005
"../../../Engine/Plugins/Editor/WorldPartitionHLODUtilities/Binaries/Win64/UnrealEditor.modules" 1006
"../../../Engine/Plugins/Editor/UMGWidgetPreview/Binaries/Win64/UnrealEditor.modules" 1007
"../../../Engine/Plugins/Editor/UVEditor/Binaries/Win64/UnrealEditor.modules" 1008
"../../../Engine/Plugins/Enterprise/DatasmithContent/Binaries/Win64/UnrealEditor.modules" 1009
"../../../Engine/Plugins/Enterprise/GLTFExporter/Binaries/Win64/UnrealEditor.modules" 1010
"../../../Engine/Plugins/Experimental/AdvancedRenamer/Binaries/Win64/UnrealEditor.modules" 1011
"../../../Engine/Plugins/Experimental/AutomationUtils/Binaries/Win64/UnrealEditor.modules" 1012
"../../../Engine/Plugins/Experimental/BackChannel/Binaries/Win64/UnrealEditor.modules" 1013
"../../../Engine/Plugins/Experimental/ChaosEditor/Binaries/Win64/UnrealEditor.modules" 1014
"../../../Engine/Plugins/Experimental/GeometryCollectionPlugin/Binaries/Win64/UnrealEditor.modules" 1015
"../../../Engine/Plugins/Experimental/Fracture/Binaries/Win64/UnrealEditor.modules" 1016
"../../../Engine/Plugins/Experimental/ChaosSolverPlugin/Binaries/Win64/UnrealEditor.modules" 1017
"../../../Engine/Plugins/Experimental/GeometryDataflow/Binaries/Win64/UnrealEditor.modules" 1018
"../../../Engine/Plugins/Experimental/ChaosNiagara/Binaries/Win64/UnrealEditor.modules" 1019
"../../../Engine/Plugins/Experimental/ChaosUserDataPT/Binaries/Win64/UnrealEditor.modules" 1020
"../../../Engine/Plugins/Experimental/CharacterAI/Binaries/Win64/UnrealEditor.modules" 1021
"../../../Engine/Plugins/Experimental/EditorPerformance/Binaries/Win64/UnrealEditor.modules" 1022
"../../../Engine/Plugins/Experimental/EditorTelemetry/Binaries/Win64/UnrealEditor.modules" 1023
"../../../Engine/Plugins/Experimental/LevelSequenceNavigatorBridge/Binaries/Win64/UnrealEditor.modules" 1024
"../../../Engine/Plugins/Experimental/SequenceNavigator/Binaries/Win64/UnrealEditor.modules" 1025
"../../../Engine/Plugins/Experimental/LocalizableMessage/Binaries/Win64/UnrealEditor.modules" 1026
"../../../Engine/Plugins/Experimental/NFORDenoise/Binaries/Win64/UnrealEditor.modules" 1027
"../../../Engine/Plugins/Experimental/PlatformCrypto/Binaries/Win64/UnrealEditor.modules" 1028
"../../../Engine/Plugins/Experimental/RuntimeTelemetry/Binaries/Win64/UnrealEditor.modules" 1029
"../../../Engine/Plugins/Experimental/SkeletalReduction/Binaries/Win64/UnrealEditor.modules" 1030
"../../../Engine/Plugins/FX/Cascade/Binaries/Win64/UnrealEditor.modules" 1031
"../../../Engine/Plugins/FX/NiagaraSimCaching/Binaries/Win64/UnrealEditor.modules" 1032
"../../../Engine/Plugins/Media/AndroidMedia/Binaries/Win64/UnrealEditor.modules" 1033
"../../../Engine/Plugins/Media/AvfMedia/Binaries/Win64/UnrealEditor.modules" 1034
"../../../Engine/Plugins/Media/ImgMedia/Binaries/Win64/UnrealEditor.modules" 1035
"../../../Engine/Plugins/Media/MediaPlayerEditor/Binaries/Win64/UnrealEditor.modules" 1036
"../../../Engine/Plugins/Media/MediaCompositing/Binaries/Win64/UnrealEditor.modules" 1037
"../../../Engine/Plugins/Media/MediaPlate/Binaries/Win64/UnrealEditor.modules" 1038
"../../../Engine/Plugins/Experimental/Compositing/CompositeCore/Binaries/Win64/UnrealEditor.modules" 1039
"../../../Engine/Plugins/Media/WmfMedia/Binaries/Win64/UnrealEditor.modules" 1040
"../../../Engine/Plugins/Portal/LauncherChunkInstaller/Binaries/Win64/UnrealEditor.modules" 1041
"../../../Engine/Plugins/Runtime/ActorLayerUtilities/Binaries/Win64/UnrealEditor.modules" 1042
"../../../Engine/Plugins/Runtime/AndroidDeviceProfileSelector/Binaries/Win64/UnrealEditor.modules" 1043
"../../../Engine/Plugins/Runtime/AndroidFileServer/Binaries/Win64/UnrealEditor.modules" 1044
"../../../Engine/Plugins/Runtime/AndroidPermission/Binaries/Win64/UnrealEditor.modules" 1045
"../../../Engine/Plugins/Runtime/ArchVisCharacter/Binaries/Win64/UnrealEditor.modules" 1046
"../../../Engine/Plugins/Runtime/AppleImageUtils/Binaries/Win64/UnrealEditor.modules" 1047
"../../../Engine/Plugins/Runtime/AssetTags/Binaries/Win64/UnrealEditor.modules" 1048
"../../../Engine/Plugins/Runtime/CableComponent/Binaries/Win64/UnrealEditor.modules" 1049
"../../../Engine/Plugins/Runtime/CustomMeshComponent/Binaries/Win64/UnrealEditor.modules" 1050
"../../../Engine/Plugins/Runtime/ChunkDownloader/Binaries/Win64/UnrealEditor.modules" 1051
"../../../Engine/Plugins/Runtime/ExampleDeviceProfileSelector/Binaries/Win64/UnrealEditor.modules" 1052
"../../../Engine/Plugins/Runtime/GooglePAD/Binaries/Win64/UnrealEditor.modules" 1053
"../../../Engine/Plugins/Runtime/InputDebugging/Binaries/Win64/UnrealEditor.modules" 1054
"../../../Engine/Plugins/Runtime/LocationServicesBPLibrary/Binaries/Win64/UnrealEditor.modules" 1055
"../../../Engine/Plugins/Runtime/Metasound/Binaries/Win64/UnrealEditor.modules" 1056
"../../../Engine/Plugins/Runtime/AudioWidgets/Binaries/Win64/UnrealEditor.modules" 1057
"../../../Engine/Plugins/Runtime/AudioSynesthesia/Binaries/Win64/UnrealEditor.modules" 1058
"../../../Engine/Plugins/Runtime/WaveTable/Binaries/Win64/UnrealEditor.modules" 1059
"../../../Engine/Plugins/Runtime/MobilePatchingUtils/Binaries/Win64/UnrealEditor.modules" 1060
"../../../Engine/Plugins/Runtime/MsQuic/Binaries/Win64/UnrealEditor.modules" 1061
"../../../Engine/Plugins/Runtime/ResonanceAudio/Binaries/Win64/UnrealEditor.modules" 1062
"../../../Engine/Plugins/Runtime/SoundFields/Binaries/Win64/UnrealEditor.modules" 1063
"../../../Engine/Plugins/Runtime/WebMMoviePlayer/Binaries/Win64/UnrealEditor.modules" 1064
"../../../Engine/Plugins/Media/WebMMedia/Binaries/Win64/UnrealEditor.modules" 1065
"../../../Engine/Plugins/Runtime/WindowsDeviceProfileSelector/Binaries/Win64/UnrealEditor.modules" 1066
"../../../Engine/Plugins/Runtime/WindowsMoviePlayer/Binaries/Win64/UnrealEditor.modules" 1067
"../../../Engine/Plugins/Runtime/Synthesis/Binaries/Win64/UnrealEditor.modules" 1068
"../../../Engine/Plugins/Editor/Localization/PortableObjectFileDataSource/Binaries/Win64/UnrealEditor.modules" 1069
"../../../Engine/Plugins/Editor/ObjectMixer/LightMixer/Binaries/Win64/UnrealEditor.modules" 1070
"../../../Engine/Plugins/Editor/ContentBrowser/ContentBrowserClassDataSource/Binaries/Win64/UnrealEditor.modules" 1071
"../../../Engine/Plugins/Runtime/Windows/XInputDevice/Binaries/Win64/UnrealEditor.modules" 1072
"../../../Engine/Config/BaseSourceControlSettings.ini" 1073
"../../../Engine/Content/Internationalization/icudt64l/coll/ucadata.icu" 1074
"../../../Engine/Content/Internationalization/icudt64l/coll/en_US.res" 1075
"../../../Engine/Content/Internationalization/icudt64l/coll/en.res" 1076
"../../../Engine/Content/Internationalization/icudt64l/coll/root.res" 1077
"../../../Engine/Content/Certificates/ThirdParty/cacert.pem" 1078
"../../../Engine/Config/ConsoleVariables.ini" 1079
"../../../Engine/Binaries/Win64/Android/UnrealEditor.modules" 1080
"../../../Engine/Binaries/Win64/IOS/UnrealEditor.modules" 1081
"../../../Engine/Binaries/Win64/Linux/UnrealEditor.modules" 1082
"../../../Engine/Content/Localization/Editor/en/Editor.locres" 1083
"../../../Engine/Content/Localization/EditorTutorials/en/EditorTutorials.locres" 1084
"../../../Engine/Content/Localization/Keywords/en/Keywords.locres" 1085
"../../../Engine/Content/Localization/Category/en/Category.locres" 1086
"../../../Engine/Content/Localization/ToolTips/en/ToolTips.locres" 1087
"../../../Engine/Content/Localization/PropertyNames/en/PropertyNames.locres" 1088
"../../../Engine/Content/Localization/Engine/en/Engine.locres" 1089
"../../../Engine/Plugins/Online/OnlineSubsystem/Content/Localization/OnlineSubsystem/en/OnlineSubsystem.locres" 1090
"../../../Engine/Plugins/Online/OnlineSubsystemUtils/Content/Localization/OnlineSubsystemUtils/en/OnlineSubsystemUtils.locres" 1091
"../../../Engine/Plugins/MetaHuman/MetaHumanSDK/Content/Localization/MetaHumanSDK/en/MetaHumanSDK.locres" 1092
"../../../Engine/Plugins/Online/IOS/OnlineSubsystemIOS/Content/Localization/OnlineSubsystemIOS/en/OnlineSubsystemIOS.locres" 1093
"../../../Engine/Plugins/Online/Android/OnlineSubsystemGooglePlay/Content/Localization/OnlineSubsystemGooglePlay/en/OnlineSubsystemGooglePlay.locres" 1094
"../../../Engine/Content/Internationalization/icudt64l/numberingSystems.res" 1095
"../../../Engine/Content/Internationalization/icudt64l/curr/supplementalData.res" 1096
"../../../Engine/Content/Internationalization/icudt64l/curr/en.res" 1097
"../../../Engine/Content/Internationalization/icudt64l/curr/pool.res" 1098
"../../../Engine/Content/Internationalization/icudt64l/curr/root.res" 1099
"../../../Engine/Content/Internationalization/icudt64l/lang/af.res" 1100
"../../../Engine/Content/Internationalization/icudt64l/region/af.res" 1101
"../../../Engine/Content/Internationalization/icudt64l/lang/agq.res" 1102
"../../../Engine/Content/Internationalization/icudt64l/region/agq.res" 1103
"../../../Engine/Content/Internationalization/icudt64l/lang/ak.res" 1104
"../../../Engine/Content/Internationalization/icudt64l/region/ak.res" 1105
"../../../Engine/Content/Internationalization/icudt64l/lang/am.res" 1106
"../../../Engine/Content/Internationalization/icudt64l/region/am.res" 1107
"../../../Engine/Content/Internationalization/icudt64l/lang/ar.res" 1108
"../../../Engine/Content/Internationalization/icudt64l/region/ar.res" 1109
"../../../Engine/Content/Internationalization/icudt64l/region/ar_AE.res" 1110
"../../../Engine/Content/Internationalization/icudt64l/lang/ar_EG.res" 1111
"../../../Engine/Content/Internationalization/icudt64l/lang/ar_LY.res" 1112
"../../../Engine/Content/Internationalization/icudt64l/region/ar_LY.res" 1113
"../../../Engine/Content/Internationalization/icudt64l/lang/ar_SA.res" 1114
"../../../Engine/Content/Internationalization/icudt64l/region/ar_SA.res" 1115
"../../../Engine/Content/Internationalization/icudt64l/lang/as.res" 1116
"../../../Engine/Content/Internationalization/icudt64l/region/as.res" 1117
"../../../Engine/Content/Internationalization/icudt64l/lang/asa.res" 1118
"../../../Engine/Content/Internationalization/icudt64l/region/asa.res" 1119
"../../../Engine/Content/Internationalization/icudt64l/lang/ast.res" 1120
"../../../Engine/Content/Internationalization/icudt64l/region/ast.res" 1121
"../../../Engine/Content/Internationalization/icudt64l/lang/az.res" 1122
"../../../Engine/Content/Internationalization/icudt64l/lang/az_Cyrl.res" 1123
"../../../Engine/Content/Internationalization/icudt64l/lang/az_AZ.res" 1124
"../../../Engine/Content/Internationalization/icudt64l/lang/az_Latn_AZ.res" 1125
"../../../Engine/Content/Internationalization/icudt64l/lang/az_Latn.res" 1126
"../../../Engine/Content/Internationalization/icudt64l/region/az_AZ.res" 1127
"../../../Engine/Content/Internationalization/icudt64l/region/az_Latn_AZ.res" 1128
"../../../Engine/Content/Internationalization/icudt64l/region/az_Latn.res" 1129
"../../../Engine/Content/Internationalization/icudt64l/region/az.res" 1130
"../../../Engine/Content/Internationalization/icudt64l/region/az_Cyrl.res" 1131
"../../../Engine/Content/Internationalization/icudt64l/lang/bas.res" 1132
"../../../Engine/Content/Internationalization/icudt64l/region/bas.res" 1133
"../../../Engine/Content/Internationalization/icudt64l/lang/be.res" 1134
"../../../Engine/Content/Internationalization/icudt64l/region/be.res" 1135
"../../../Engine/Content/Internationalization/icudt64l/lang/bem.res" 1136
"../../../Engine/Content/Internationalization/icudt64l/region/bem.res" 1137
"../../../Engine/Content/Internationalization/icudt64l/lang/bez.res" 1138
"../../../Engine/Content/Internationalization/icudt64l/region/bez.res" 1139
"../../../Engine/Content/Internationalization/icudt64l/lang/bg.res" 1140
"../../../Engine/Content/Internationalization/icudt64l/region/bg.res" 1141
"../../../Engine/Content/Internationalization/icudt64l/lang/bm.res" 1142
"../../../Engine/Content/Internationalization/icudt64l/region/bm.res" 1143
"../../../Engine/Content/Internationalization/icudt64l/lang/bn.res" 1144
"../../../Engine/Content/Internationalization/icudt64l/region/bn.res" 1145
"../../../Engine/Content/Internationalization/icudt64l/lang/bn_IN.res" 1146
"../../../Engine/Content/Internationalization/icudt64l/region/bn_IN.res" 1147
"../../../Engine/Content/Internationalization/icudt64l/lang/bo.res" 1148
"../../../Engine/Content/Internationalization/icudt64l/region/bo.res" 1149
"../../../Engine/Content/Internationalization/icudt64l/region/bo_IN.res" 1150
"../../../Engine/Content/Internationalization/icudt64l/lang/br.res" 1151
"../../../Engine/Content/Internationalization/icudt64l/region/br.res" 1152
"../../../Engine/Content/Internationalization/icudt64l/lang/brx.res" 1153
"../../../Engine/Content/Internationalization/icudt64l/region/brx.res" 1154
"../../../Engine/Content/Internationalization/icudt64l/lang/bs.res" 1155
"../../../Engine/Content/Internationalization/icudt64l/lang/bs_Cyrl.res" 1156
"../../../Engine/Content/Internationalization/icudt64l/lang/bs_BA.res" 1157
"../../../Engine/Content/Internationalization/icudt64l/lang/bs_Latn_BA.res" 1158
"../../../Engine/Content/Internationalization/icudt64l/lang/bs_Latn.res" 1159
"../../../Engine/Content/Internationalization/icudt64l/region/bs_BA.res" 1160
"../../../Engine/Content/Internationalization/icudt64l/region/bs_Latn_BA.res" 1161
"../../../Engine/Content/Internationalization/icudt64l/region/bs_Latn.res" 1162
"../../../Engine/Content/Internationalization/icudt64l/region/bs.res" 1163
"../../../Engine/Content/Internationalization/icudt64l/region/bs_Cyrl.res" 1164
"../../../Engine/Content/Internationalization/icudt64l/lang/ca.res" 1165
"../../../Engine/Content/Internationalization/icudt64l/region/ca.res" 1166
"../../../Engine/Content/Internationalization/icudt64l/lang/ccp.res" 1167
"../../../Engine/Content/Internationalization/icudt64l/region/ccp.res" 1168
"../../../Engine/Content/Internationalization/icudt64l/lang/ce.res" 1169
"../../../Engine/Content/Internationalization/icudt64l/region/ce.res" 1170
"../../../Engine/Content/Internationalization/icudt64l/lang/ceb.res" 1171
"../../../Engine/Content/Internationalization/icudt64l/region/ceb.res" 1172
"../../../Engine/Content/Internationalization/icudt64l/lang/cgg.res" 1173
"../../../Engine/Content/Internationalization/icudt64l/region/cgg.res" 1174
"../../../Engine/Content/Internationalization/icudt64l/lang/chr.res" 1175
"../../../Engine/Content/Internationalization/icudt64l/region/chr.res" 1176
"../../../Engine/Content/Internationalization/icudt64l/lang/ckb.res" 1177
"../../../Engine/Content/Internationalization/icudt64l/region/ckb.res" 1178
"../../../Engine/Content/Internationalization/icudt64l/lang/cs.res" 1179
"../../../Engine/Content/Internationalization/icudt64l/region/cs.res" 1180
"../../../Engine/Content/Internationalization/icudt64l/lang/cy.res" 1181
"../../../Engine/Content/Internationalization/icudt64l/region/cy.res" 1182
"../../../Engine/Content/Internationalization/icudt64l/lang/da.res" 1183
"../../../Engine/Content/Internationalization/icudt64l/region/da.res" 1184
"../../../Engine/Content/Internationalization/icudt64l/lang/dav.res" 1185
"../../../Engine/Content/Internationalization/icudt64l/region/dav.res" 1186
"../../../Engine/Content/Internationalization/icudt64l/lang/de.res" 1187
"../../../Engine/Content/Internationalization/icudt64l/lang/de_AT.res" 1188
"../../../Engine/Content/Internationalization/icudt64l/region/de_AT.res" 1189
"../../../Engine/Content/Internationalization/icudt64l/region/de.res" 1190
"../../../Engine/Content/Internationalization/icudt64l/lang/de_CH.res" 1191
"../../../Engine/Content/Internationalization/icudt64l/region/de_CH.res" 1192
"../../../Engine/Content/Internationalization/icudt64l/lang/de_LU.res" 1193
"../../../Engine/Content/Internationalization/icudt64l/lang/dje.res" 1194
"../../../Engine/Content/Internationalization/icudt64l/region/dje.res" 1195
"../../../Engine/Content/Internationalization/icudt64l/lang/dsb.res" 1196
"../../../Engine/Content/Internationalization/icudt64l/region/dsb.res" 1197
"../../../Engine/Content/Internationalization/icudt64l/lang/dua.res" 1198
"../../../Engine/Content/Internationalization/icudt64l/region/dua.res" 1199
"../../../Engine/Content/Internationalization/icudt64l/lang/dyo.res" 1200
"../../../Engine/Content/Internationalization/icudt64l/region/dyo.res" 1201
"../../../Engine/Content/Internationalization/icudt64l/lang/dz.res" 1202
"../../../Engine/Content/Internationalization/icudt64l/region/dz.res" 1203
"../../../Engine/Content/Internationalization/icudt64l/lang/ebu.res" 1204
"../../../Engine/Content/Internationalization/icudt64l/region/ebu.res" 1205
"../../../Engine/Content/Internationalization/icudt64l/lang/ee.res" 1206
"../../../Engine/Content/Internationalization/icudt64l/region/ee.res" 1207
"../../../Engine/Content/Internationalization/icudt64l/lang/el.res" 1208
"../../../Engine/Content/Internationalization/icudt64l/region/el.res" 1209
"../../../Engine/Content/Internationalization/icudt64l/lang/en_001.res" 1210
"../../../Engine/Content/Internationalization/icudt64l/lang/en_150.res" 1211
"../../../Engine/Content/Internationalization/icudt64l/region/en_150.res" 1212
"../../../Engine/Content/Internationalization/icudt64l/lang/en_AG.res" 1213
"../../../Engine/Content/Internationalization/icudt64l/region/en_AG.res" 1214
"../../../Engine/Content/Internationalization/icudt64l/lang/en_AI.res" 1215
"../../../Engine/Content/Internationalization/icudt64l/region/en_AI.res" 1216
"../../../Engine/Content/Internationalization/icudt64l/lang/en_AT.res" 1217
"../../../Engine/Content/Internationalization/icudt64l/region/en_AT.res" 1218
"../../../Engine/Content/Internationalization/icudt64l/lang/en_AU.res" 1219
"../../../Engine/Content/Internationalization/icudt64l/region/en_AU.res" 1220
"../../../Engine/Content/Internationalization/icudt64l/lang/en_BB.res" 1221
"../../../Engine/Content/Internationalization/icudt64l/region/en_BB.res" 1222
"../../../Engine/Content/Internationalization/icudt64l/lang/en_BE.res" 1223
"../../../Engine/Content/Internationalization/icudt64l/region/en_BE.res" 1224
"../../../Engine/Content/Internationalization/icudt64l/lang/en_BM.res" 1225
"../../../Engine/Content/Internationalization/icudt64l/region/en_BM.res" 1226
"../../../Engine/Content/Internationalization/icudt64l/lang/en_BS.res" 1227
"../../../Engine/Content/Internationalization/icudt64l/region/en_BS.res" 1228
"../../../Engine/Content/Internationalization/icudt64l/lang/en_BW.res" 1229
"../../../Engine/Content/Internationalization/icudt64l/region/en_BW.res" 1230
"../../../Engine/Content/Internationalization/icudt64l/lang/en_BZ.res" 1231
"../../../Engine/Content/Internationalization/icudt64l/region/en_BZ.res" 1232
"../../../Engine/Content/Internationalization/icudt64l/lang/en_CA.res" 1233
"../../../Engine/Content/Internationalization/icudt64l/region/en_CA.res" 1234
"../../../Engine/Content/Internationalization/icudt64l/lang/en_CC.res" 1235
"../../../Engine/Content/Internationalization/icudt64l/region/en_CC.res" 1236
"../../../Engine/Content/Internationalization/icudt64l/lang/en_CH.res" 1237
"../../../Engine/Content/Internationalization/icudt64l/region/en_CH.res" 1238
"../../../Engine/Content/Internationalization/icudt64l/lang/en_CK.res" 1239
"../../../Engine/Content/Internationalization/icudt64l/region/en_CK.res" 1240
"../../../Engine/Content/Internationalization/icudt64l/lang/en_CM.res" 1241
"../../../Engine/Content/Internationalization/icudt64l/region/en_CM.res" 1242
"../../../Engine/Content/Internationalization/icudt64l/lang/en_CX.res" 1243
"../../../Engine/Content/Internationalization/icudt64l/region/en_CX.res" 1244
"../../../Engine/Content/Internationalization/icudt64l/lang/en_CY.res" 1245
"../../../Engine/Content/Internationalization/icudt64l/region/en_CY.res" 1246
"../../../Engine/Content/Internationalization/icudt64l/lang/en_DE.res" 1247
"../../../Engine/Content/Internationalization/icudt64l/region/en_DE.res" 1248
"../../../Engine/Content/Internationalization/icudt64l/lang/en_DG.res" 1249
"../../../Engine/Content/Internationalization/icudt64l/region/en_DG.res" 1250
"../../../Engine/Content/Internationalization/icudt64l/lang/en_DK.res" 1251
"../../../Engine/Content/Internationalization/icudt64l/region/en_DK.res" 1252
"../../../Engine/Content/Internationalization/icudt64l/lang/en_DM.res" 1253
"../../../Engine/Content/Internationalization/icudt64l/region/en_DM.res" 1254
"../../../Engine/Content/Internationalization/icudt64l/lang/en_ER.res" 1255
"../../../Engine/Content/Internationalization/icudt64l/region/en_ER.res" 1256
"../../../Engine/Content/Internationalization/icudt64l/lang/en_FI.res" 1257
"../../../Engine/Content/Internationalization/icudt64l/region/en_FI.res" 1258
"../../../Engine/Content/Internationalization/icudt64l/lang/en_FJ.res" 1259
"../../../Engine/Content/Internationalization/icudt64l/region/en_FJ.res" 1260
"../../../Engine/Content/Internationalization/icudt64l/lang/en_FK.res" 1261
"../../../Engine/Content/Internationalization/icudt64l/region/en_FK.res" 1262
"../../../Engine/Content/Internationalization/icudt64l/lang/en_FM.res" 1263
"../../../Engine/Content/Internationalization/icudt64l/region/en_FM.res" 1264
"../../../Engine/Content/Internationalization/icudt64l/lang/en_GB.res" 1265
"../../../Engine/Content/Internationalization/icudt64l/region/en_GB.res" 1266
"../../../Engine/Content/Internationalization/icudt64l/lang/en_GD.res" 1267
"../../../Engine/Content/Internationalization/icudt64l/region/en_GD.res" 1268
"../../../Engine/Content/Internationalization/icudt64l/lang/en_GG.res" 1269
"../../../Engine/Content/Internationalization/icudt64l/region/en_GG.res" 1270
"../../../Engine/Content/Internationalization/icudt64l/lang/en_GH.res" 1271
"../../../Engine/Content/Internationalization/icudt64l/region/en_GH.res" 1272
"../../../Engine/Content/Internationalization/icudt64l/lang/en_GI.res" 1273
"../../../Engine/Content/Internationalization/icudt64l/region/en_GI.res" 1274
"../../../Engine/Content/Internationalization/icudt64l/lang/en_GM.res" 1275
"../../../Engine/Content/Internationalization/icudt64l/region/en_GM.res" 1276
"../../../Engine/Content/Internationalization/icudt64l/lang/en_GY.res" 1277
"../../../Engine/Content/Internationalization/icudt64l/region/en_GY.res" 1278
"../../../Engine/Content/Internationalization/icudt64l/lang/en_HK.res" 1279
"../../../Engine/Content/Internationalization/icudt64l/region/en_HK.res" 1280
"../../../Engine/Content/Internationalization/icudt64l/lang/en_IE.res" 1281
"../../../Engine/Content/Internationalization/icudt64l/region/en_IE.res" 1282
"../../../Engine/Content/Internationalization/icudt64l/lang/en_IL.res" 1283
"../../../Engine/Content/Internationalization/icudt64l/region/en_IL.res" 1284
"../../../Engine/Content/Internationalization/icudt64l/lang/en_IM.res" 1285
"../../../Engine/Content/Internationalization/icudt64l/region/en_IM.res" 1286
"../../../Engine/Content/Internationalization/icudt64l/lang/en_IN.res" 1287
"../../../Engine/Content/Internationalization/icudt64l/region/en_IN.res" 1288
"../../../Engine/Content/Internationalization/icudt64l/lang/en_IO.res" 1289
"../../../Engine/Content/Internationalization/icudt64l/region/en_IO.res" 1290
"../../../Engine/Content/Internationalization/icudt64l/lang/en_JE.res" 1291
"../../../Engine/Content/Internationalization/icudt64l/region/en_JE.res" 1292
"../../../Engine/Content/Internationalization/icudt64l/lang/en_JM.res" 1293
"../../../Engine/Content/Internationalization/icudt64l/region/en_JM.res" 1294
"../../../Engine/Content/Internationalization/icudt64l/lang/en_KE.res" 1295
"../../../Engine/Content/Internationalization/icudt64l/region/en_KE.res" 1296
"../../../Engine/Content/Internationalization/icudt64l/lang/en_KI.res" 1297
"../../../Engine/Content/Internationalization/icudt64l/region/en_KI.res" 1298
"../../../Engine/Content/Internationalization/icudt64l/lang/en_KN.res" 1299
"../../../Engine/Content/Internationalization/icudt64l/region/en_KN.res" 1300
"../../../Engine/Content/Internationalization/icudt64l/lang/en_KY.res" 1301
"../../../Engine/Content/Internationalization/icudt64l/region/en_KY.res" 1302
"../../../Engine/Content/Internationalization/icudt64l/lang/en_LC.res" 1303
"../../../Engine/Content/Internationalization/icudt64l/region/en_LC.res" 1304
"../../../Engine/Content/Internationalization/icudt64l/lang/en_LR.res" 1305
"../../../Engine/Content/Internationalization/icudt64l/region/en_LR.res" 1306
"../../../Engine/Content/Internationalization/icudt64l/lang/en_LS.res" 1307
"../../../Engine/Content/Internationalization/icudt64l/region/en_LS.res" 1308
"../../../Engine/Content/Internationalization/icudt64l/lang/en_MG.res" 1309
"../../../Engine/Content/Internationalization/icudt64l/region/en_MG.res" 1310
"../../../Engine/Content/Internationalization/icudt64l/lang/en_MO.res" 1311
"../../../Engine/Content/Internationalization/icudt64l/region/en_MO.res" 1312
"../../../Engine/Content/Internationalization/icudt64l/lang/en_MS.res" 1313
"../../../Engine/Content/Internationalization/icudt64l/region/en_MS.res" 1314
"../../../Engine/Content/Internationalization/icudt64l/lang/en_MT.res" 1315
"../../../Engine/Content/Internationalization/icudt64l/region/en_MT.res" 1316
"../../../Engine/Content/Internationalization/icudt64l/lang/en_MU.res" 1317
"../../../Engine/Content/Internationalization/icudt64l/region/en_MU.res" 1318
"../../../Engine/Content/Internationalization/icudt64l/lang/en_MW.res" 1319
"../../../Engine/Content/Internationalization/icudt64l/region/en_MW.res" 1320
"../../../Engine/Content/Internationalization/icudt64l/lang/en_MY.res" 1321
"../../../Engine/Content/Internationalization/icudt64l/region/en_MY.res" 1322
"../../../Engine/Content/Internationalization/icudt64l/lang/en_NA.res" 1323
"../../../Engine/Content/Internationalization/icudt64l/region/en_NA.res" 1324
"../../../Engine/Content/Internationalization/icudt64l/lang/en_NF.res" 1325
"../../../Engine/Content/Internationalization/icudt64l/region/en_NF.res" 1326
"../../../Engine/Content/Internationalization/icudt64l/lang/en_NG.res" 1327
"../../../Engine/Content/Internationalization/icudt64l/region/en_NG.res" 1328
"../../../Engine/Content/Internationalization/icudt64l/lang/en_NL.res" 1329
"../../../Engine/Content/Internationalization/icudt64l/region/en_NL.res" 1330
"../../../Engine/Content/Internationalization/icudt64l/lang/en_NR.res" 1331
"../../../Engine/Content/Internationalization/icudt64l/region/en_NR.res" 1332
"../../../Engine/Content/Internationalization/icudt64l/lang/en_NU.res" 1333
"../../../Engine/Content/Internationalization/icudt64l/region/en_NU.res" 1334
"../../../Engine/Content/Internationalization/icudt64l/lang/en_NZ.res" 1335
"../../../Engine/Content/Internationalization/icudt64l/region/en_NZ.res" 1336
"../../../Engine/Content/Internationalization/icudt64l/lang/en_PG.res" 1337
"../../../Engine/Content/Internationalization/icudt64l/region/en_PG.res" 1338
"../../../Engine/Content/Internationalization/icudt64l/lang/en_PH.res" 1339
"../../../Engine/Content/Internationalization/icudt64l/region/en_PH.res" 1340
"../../../Engine/Content/Internationalization/icudt64l/lang/en_PK.res" 1341
"../../../Engine/Content/Internationalization/icudt64l/region/en_PK.res" 1342
"../../../Engine/Content/Internationalization/icudt64l/lang/en_PN.res" 1343
"../../../Engine/Content/Internationalization/icudt64l/region/en_PN.res" 1344
"../../../Engine/Content/Internationalization/icudt64l/lang/en_PW.res" 1345
"../../../Engine/Content/Internationalization/icudt64l/region/en_PW.res" 1346
"../../../Engine/Content/Internationalization/icudt64l/lang/en_RW.res" 1347
"../../../Engine/Content/Internationalization/icudt64l/region/en_RW.res" 1348
"../../../Engine/Content/Internationalization/icudt64l/lang/en_SB.res" 1349
"../../../Engine/Content/Internationalization/icudt64l/region/en_SB.res" 1350
"../../../Engine/Content/Internationalization/icudt64l/lang/en_SC.res" 1351
"../../../Engine/Content/Internationalization/icudt64l/region/en_SC.res" 1352
"../../../Engine/Content/Internationalization/icudt64l/lang/en_SD.res" 1353
"../../../Engine/Content/Internationalization/icudt64l/region/en_SD.res" 1354
"../../../Engine/Content/Internationalization/icudt64l/lang/en_SE.res" 1355
"../../../Engine/Content/Internationalization/icudt64l/region/en_SE.res" 1356
"../../../Engine/Content/Internationalization/icudt64l/lang/en_SG.res" 1357
"../../../Engine/Content/Internationalization/icudt64l/region/en_SG.res" 1358
"../../../Engine/Content/Internationalization/icudt64l/lang/en_SH.res" 1359
"../../../Engine/Content/Internationalization/icudt64l/region/en_SH.res" 1360
"../../../Engine/Content/Internationalization/icudt64l/lang/en_SI.res" 1361
"../../../Engine/Content/Internationalization/icudt64l/region/en_SI.res" 1362
"../../../Engine/Content/Internationalization/icudt64l/lang/en_SL.res" 1363
"../../../Engine/Content/Internationalization/icudt64l/region/en_SL.res" 1364
"../../../Engine/Content/Internationalization/icudt64l/lang/en_SS.res" 1365
"../../../Engine/Content/Internationalization/icudt64l/region/en_SS.res" 1366
"../../../Engine/Content/Internationalization/icudt64l/lang/en_SX.res" 1367
"../../../Engine/Content/Internationalization/icudt64l/region/en_SX.res" 1368
"../../../Engine/Content/Internationalization/icudt64l/lang/en_SZ.res" 1369
"../../../Engine/Content/Internationalization/icudt64l/region/en_SZ.res" 1370
"../../../Engine/Content/Internationalization/icudt64l/lang/en_TC.res" 1371
"../../../Engine/Content/Internationalization/icudt64l/region/en_TC.res" 1372
"../../../Engine/Content/Internationalization/icudt64l/lang/en_TK.res" 1373
"../../../Engine/Content/Internationalization/icudt64l/region/en_TK.res" 1374
"../../../Engine/Content/Internationalization/icudt64l/lang/en_TO.res" 1375
"../../../Engine/Content/Internationalization/icudt64l/region/en_TO.res" 1376
"../../../Engine/Content/Internationalization/icudt64l/lang/en_TT.res" 1377
"../../../Engine/Content/Internationalization/icudt64l/region/en_TT.res" 1378
"../../../Engine/Content/Internationalization/icudt64l/lang/en_TV.res" 1379
"../../../Engine/Content/Internationalization/icudt64l/region/en_TV.res" 1380
"../../../Engine/Content/Internationalization/icudt64l/lang/en_TZ.res" 1381
"../../../Engine/Content/Internationalization/icudt64l/region/en_TZ.res" 1382
"../../../Engine/Content/Internationalization/icudt64l/lang/en_UG.res" 1383
"../../../Engine/Content/Internationalization/icudt64l/region/en_UG.res" 1384
"../../../Engine/Content/Internationalization/icudt64l/lang/en_VC.res" 1385
"../../../Engine/Content/Internationalization/icudt64l/region/en_VC.res" 1386
"../../../Engine/Content/Internationalization/icudt64l/lang/en_VG.res" 1387
"../../../Engine/Content/Internationalization/icudt64l/region/en_VG.res" 1388
"../../../Engine/Content/Internationalization/icudt64l/lang/en_VU.res" 1389
"../../../Engine/Content/Internationalization/icudt64l/region/en_VU.res" 1390
"../../../Engine/Content/Internationalization/icudt64l/lang/en_WS.res" 1391
"../../../Engine/Content/Internationalization/icudt64l/region/en_WS.res" 1392
"../../../Engine/Content/Internationalization/icudt64l/lang/en_ZA.res" 1393
"../../../Engine/Content/Internationalization/icudt64l/region/en_ZA.res" 1394
"../../../Engine/Content/Internationalization/icudt64l/lang/en_ZM.res" 1395
"../../../Engine/Content/Internationalization/icudt64l/region/en_ZM.res" 1396
"../../../Engine/Content/Internationalization/icudt64l/lang/en_ZW.res" 1397
"../../../Engine/Content/Internationalization/icudt64l/region/en_ZW.res" 1398
"../../../Engine/Content/Internationalization/icudt64l/lang/eo.res" 1399
"../../../Engine/Content/Internationalization/icudt64l/region/eo.res" 1400
"../../../Engine/Content/Internationalization/icudt64l/lang/es.res" 1401
"../../../Engine/Content/Internationalization/icudt64l/lang/es_419.res" 1402
"../../../Engine/Content/Internationalization/icudt64l/region/es_419.res" 1403
"../../../Engine/Content/Internationalization/icudt64l/region/es.res" 1404
"../../../Engine/Content/Internationalization/icudt64l/lang/es_AR.res" 1405
"../../../Engine/Content/Internationalization/icudt64l/region/es_AR.res" 1406
"../../../Engine/Content/Internationalization/icudt64l/lang/es_BO.res" 1407
"../../../Engine/Content/Internationalization/icudt64l/region/es_BO.res" 1408
"../../../Engine/Content/Internationalization/icudt64l/lang/es_BR.res" 1409
"../../../Engine/Content/Internationalization/icudt64l/region/es_BR.res" 1410
"../../../Engine/Content/Internationalization/icudt64l/lang/es_BZ.res" 1411
"../../../Engine/Content/Internationalization/icudt64l/region/es_BZ.res" 1412
"../../../Engine/Content/Internationalization/icudt64l/lang/es_CL.res" 1413
"../../../Engine/Content/Internationalization/icudt64l/region/es_CL.res" 1414
"../../../Engine/Content/Internationalization/icudt64l/lang/es_CO.res" 1415
"../../../Engine/Content/Internationalization/icudt64l/region/es_CO.res" 1416
"../../../Engine/Content/Internationalization/icudt64l/lang/es_CR.res" 1417
"../../../Engine/Content/Internationalization/icudt64l/region/es_CR.res" 1418
"../../../Engine/Content/Internationalization/icudt64l/lang/es_CU.res" 1419
"../../../Engine/Content/Internationalization/icudt64l/region/es_CU.res" 1420
"../../../Engine/Content/Internationalization/icudt64l/lang/es_DO.res" 1421
"../../../Engine/Content/Internationalization/icudt64l/region/es_DO.res" 1422
"../../../Engine/Content/Internationalization/icudt64l/lang/es_EC.res" 1423
"../../../Engine/Content/Internationalization/icudt64l/region/es_EC.res" 1424
"../../../Engine/Content/Internationalization/icudt64l/lang/es_GT.res" 1425
"../../../Engine/Content/Internationalization/icudt64l/region/es_GT.res" 1426
"../../../Engine/Content/Internationalization/icudt64l/lang/es_HN.res" 1427
"../../../Engine/Content/Internationalization/icudt64l/region/es_HN.res" 1428
"../../../Engine/Content/Internationalization/icudt64l/lang/es_MX.res" 1429
"../../../Engine/Content/Internationalization/icudt64l/region/es_MX.res" 1430
"../../../Engine/Content/Internationalization/icudt64l/lang/es_NI.res" 1431
"../../../Engine/Content/Internationalization/icudt64l/region/es_NI.res" 1432
"../../../Engine/Content/Internationalization/icudt64l/lang/es_PA.res" 1433
"../../../Engine/Content/Internationalization/icudt64l/region/es_PA.res" 1434
"../../../Engine/Content/Internationalization/icudt64l/lang/es_PE.res" 1435
"../../../Engine/Content/Internationalization/icudt64l/region/es_PE.res" 1436
"../../../Engine/Content/Internationalization/icudt64l/lang/es_PR.res" 1437
"../../../Engine/Content/Internationalization/icudt64l/region/es_PR.res" 1438
"../../../Engine/Content/Internationalization/icudt64l/lang/es_PY.res" 1439
"../../../Engine/Content/Internationalization/icudt64l/region/es_PY.res" 1440
"../../../Engine/Content/Internationalization/icudt64l/lang/es_SV.res" 1441
"../../../Engine/Content/Internationalization/icudt64l/region/es_SV.res" 1442
"../../../Engine/Content/Internationalization/icudt64l/lang/es_US.res" 1443
"../../../Engine/Content/Internationalization/icudt64l/region/es_US.res" 1444
"../../../Engine/Content/Internationalization/icudt64l/lang/es_UY.res" 1445
"../../../Engine/Content/Internationalization/icudt64l/region/es_UY.res" 1446
"../../../Engine/Content/Internationalization/icudt64l/lang/es_VE.res" 1447
"../../../Engine/Content/Internationalization/icudt64l/region/es_VE.res" 1448
"../../../Engine/Content/Internationalization/icudt64l/lang/et.res" 1449
"../../../Engine/Content/Internationalization/icudt64l/region/et.res" 1450
"../../../Engine/Content/Internationalization/icudt64l/lang/eu.res" 1451
"../../../Engine/Content/Internationalization/icudt64l/region/eu.res" 1452
"../../../Engine/Content/Internationalization/icudt64l/lang/ewo.res" 1453
"../../../Engine/Content/Internationalization/icudt64l/region/ewo.res" 1454
"../../../Engine/Content/Internationalization/icudt64l/lang/fa.res" 1455
"../../../Engine/Content/Internationalization/icudt64l/lang/fa_AF.res" 1456
"../../../Engine/Content/Internationalization/icudt64l/region/fa_AF.res" 1457
"../../../Engine/Content/Internationalization/icudt64l/region/fa.res" 1458
"../../../Engine/Content/Internationalization/icudt64l/lang/ff.res" 1459
"../../../Engine/Content/Internationalization/icudt64l/lang/ff_Latn.res" 1460
"../../../Engine/Content/Internationalization/icudt64l/region/ff.res" 1461
"../../../Engine/Content/Internationalization/icudt64l/region/ff_Latn.res" 1462
"../../../Engine/Content/Internationalization/icudt64l/lang/ff_CM.res" 1463
"../../../Engine/Content/Internationalization/icudt64l/lang/ff_Latn_CM.res" 1464
"../../../Engine/Content/Internationalization/icudt64l/region/ff_CM.res" 1465
"../../../Engine/Content/Internationalization/icudt64l/region/ff_Latn_CM.res" 1466
"../../../Engine/Content/Internationalization/icudt64l/lang/ff_GN.res" 1467
"../../../Engine/Content/Internationalization/icudt64l/lang/ff_Latn_GN.res" 1468
"../../../Engine/Content/Internationalization/icudt64l/region/ff_GN.res" 1469
"../../../Engine/Content/Internationalization/icudt64l/region/ff_Latn_GN.res" 1470
"../../../Engine/Content/Internationalization/icudt64l/lang/ff_MR.res" 1471
"../../../Engine/Content/Internationalization/icudt64l/lang/ff_Latn_MR.res" 1472
"../../../Engine/Content/Internationalization/icudt64l/region/ff_MR.res" 1473
"../../../Engine/Content/Internationalization/icudt64l/region/ff_Latn_MR.res" 1474
"../../../Engine/Content/Internationalization/icudt64l/lang/ff_SN.res" 1475
"../../../Engine/Content/Internationalization/icudt64l/lang/ff_Latn_SN.res" 1476
"../../../Engine/Content/Internationalization/icudt64l/region/ff_SN.res" 1477
"../../../Engine/Content/Internationalization/icudt64l/region/ff_Latn_SN.res" 1478
"../../../Engine/Content/Internationalization/icudt64l/lang/fi.res" 1479
"../../../Engine/Content/Internationalization/icudt64l/region/fi.res" 1480
"../../../Engine/Content/Internationalization/icudt64l/lang/fil.res" 1481
"../../../Engine/Content/Internationalization/icudt64l/lang/fil_PH.res" 1482
"../../../Engine/Content/Internationalization/icudt64l/region/fil_PH.res" 1483
"../../../Engine/Content/Internationalization/icudt64l/region/fil.res" 1484
"../../../Engine/Content/Internationalization/icudt64l/lang/fo.res" 1485
"../../../Engine/Content/Internationalization/icudt64l/region/fo.res" 1486
"../../../Engine/Content/Internationalization/icudt64l/lang/fr.res" 1487
"../../../Engine/Content/Internationalization/icudt64l/lang/fr_BE.res" 1488
"../../../Engine/Content/Internationalization/icudt64l/region/fr_BE.res" 1489
"../../../Engine/Content/Internationalization/icudt64l/region/fr.res" 1490
"../../../Engine/Content/Internationalization/icudt64l/lang/fr_CA.res" 1491
"../../../Engine/Content/Internationalization/icudt64l/region/fr_CA.res" 1492
"../../../Engine/Content/Internationalization/icudt64l/lang/fr_CH.res" 1493
"../../../Engine/Content/Internationalization/icudt64l/lang/fur.res" 1494
"../../../Engine/Content/Internationalization/icudt64l/region/fur.res" 1495
"../../../Engine/Content/Internationalization/icudt64l/lang/fy.res" 1496
"../../../Engine/Content/Internationalization/icudt64l/region/fy.res" 1497
"../../../Engine/Content/Internationalization/icudt64l/lang/ga.res" 1498
"../../../Engine/Content/Internationalization/icudt64l/region/ga.res" 1499
"../../../Engine/Content/Internationalization/icudt64l/lang/gd.res" 1500
"../../../Engine/Content/Internationalization/icudt64l/region/gd.res" 1501
"../../../Engine/Content/Internationalization/icudt64l/lang/gl.res" 1502
"../../../Engine/Content/Internationalization/icudt64l/region/gl.res" 1503
"../../../Engine/Content/Internationalization/icudt64l/lang/gsw.res" 1504
"../../../Engine/Content/Internationalization/icudt64l/region/gsw.res" 1505
"../../../Engine/Content/Internationalization/icudt64l/lang/gu.res" 1506
"../../../Engine/Content/Internationalization/icudt64l/region/gu.res" 1507
"../../../Engine/Content/Internationalization/icudt64l/lang/guz.res" 1508
"../../../Engine/Content/Internationalization/icudt64l/region/guz.res" 1509
"../../../Engine/Content/Internationalization/icudt64l/lang/gv.res" 1510
"../../../Engine/Content/Internationalization/icudt64l/region/gv.res" 1511
"../../../Engine/Content/Internationalization/icudt64l/lang/ha.res" 1512
"../../../Engine/Content/Internationalization/icudt64l/region/ha.res" 1513
"../../../Engine/Content/Internationalization/icudt64l/lang/ha_NE.res" 1514
"../../../Engine/Content/Internationalization/icudt64l/region/ha_NE.res" 1515
"../../../Engine/Content/Internationalization/icudt64l/lang/haw.res" 1516
"../../../Engine/Content/Internationalization/icudt64l/region/haw.res" 1517
"../../../Engine/Content/Internationalization/icudt64l/lang/he.res" 1518
"../../../Engine/Content/Internationalization/icudt64l/lang/he_IL.res" 1519
"../../../Engine/Content/Internationalization/icudt64l/region/he_IL.res" 1520
"../../../Engine/Content/Internationalization/icudt64l/region/he.res" 1521
"../../../Engine/Content/Internationalization/icudt64l/lang/hi.res" 1522
"../../../Engine/Content/Internationalization/icudt64l/region/hi.res" 1523
"../../../Engine/Content/Internationalization/icudt64l/lang/hr.res" 1524
"../../../Engine/Content/Internationalization/icudt64l/region/hr.res" 1525
"../../../Engine/Content/Internationalization/icudt64l/lang/hsb.res" 1526
"../../../Engine/Content/Internationalization/icudt64l/region/hsb.res" 1527
"../../../Engine/Content/Internationalization/icudt64l/lang/hu.res" 1528
"../../../Engine/Content/Internationalization/icudt64l/region/hu.res" 1529
"../../../Engine/Content/Internationalization/icudt64l/lang/hy.res" 1530
"../../../Engine/Content/Internationalization/icudt64l/region/hy.res" 1531
"../../../Engine/Content/Internationalization/icudt64l/lang/ia.res" 1532
"../../../Engine/Content/Internationalization/icudt64l/region/ia.res" 1533
"../../../Engine/Content/Internationalization/icudt64l/lang/id.res" 1534
"../../../Engine/Content/Internationalization/icudt64l/lang/id_ID.res" 1535
"../../../Engine/Content/Internationalization/icudt64l/region/id_ID.res" 1536
"../../../Engine/Content/Internationalization/icudt64l/region/id.res" 1537
"../../../Engine/Content/Internationalization/icudt64l/lang/ig.res" 1538
"../../../Engine/Content/Internationalization/icudt64l/region/ig.res" 1539
"../../../Engine/Content/Internationalization/icudt64l/lang/ii.res" 1540
"../../../Engine/Content/Internationalization/icudt64l/region/ii.res" 1541
"../../../Engine/Content/Internationalization/icudt64l/lang/is.res" 1542
"../../../Engine/Content/Internationalization/icudt64l/region/is.res" 1543
"../../../Engine/Content/Internationalization/icudt64l/lang/it.res" 1544
"../../../Engine/Content/Internationalization/icudt64l/region/it.res" 1545
"../../../Engine/Content/Internationalization/icudt64l/lang/ja.res" 1546
"../../../Engine/Content/Internationalization/icudt64l/lang/ja_JP.res" 1547
"../../../Engine/Content/Internationalization/icudt64l/region/ja_JP.res" 1548
"../../../Engine/Content/Internationalization/icudt64l/region/ja.res" 1549
"../../../Engine/Content/Internationalization/icudt64l/lang/jgo.res" 1550
"../../../Engine/Content/Internationalization/icudt64l/region/jgo.res" 1551
"../../../Engine/Content/Internationalization/icudt64l/lang/jmc.res" 1552
"../../../Engine/Content/Internationalization/icudt64l/region/jmc.res" 1553
"../../../Engine/Content/Internationalization/icudt64l/lang/jv.res" 1554
"../../../Engine/Content/Internationalization/icudt64l/region/jv.res" 1555
"../../../Engine/Content/Internationalization/icudt64l/lang/ka.res" 1556
"../../../Engine/Content/Internationalization/icudt64l/region/ka.res" 1557
"../../../Engine/Content/Internationalization/icudt64l/lang/kab.res" 1558
"../../../Engine/Content/Internationalization/icudt64l/region/kab.res" 1559
"../../../Engine/Content/Internationalization/icudt64l/lang/kam.res" 1560
"../../../Engine/Content/Internationalization/icudt64l/region/kam.res" 1561
"../../../Engine/Content/Internationalization/icudt64l/lang/kde.res" 1562
"../../../Engine/Content/Internationalization/icudt64l/region/kde.res" 1563
"../../../Engine/Content/Internationalization/icudt64l/lang/kea.res" 1564
"../../../Engine/Content/Internationalization/icudt64l/region/kea.res" 1565
"../../../Engine/Content/Internationalization/icudt64l/lang/khq.res" 1566
"../../../Engine/Content/Internationalization/icudt64l/region/khq.res" 1567
"../../../Engine/Content/Internationalization/icudt64l/lang/ki.res" 1568
"../../../Engine/Content/Internationalization/icudt64l/region/ki.res" 1569
"../../../Engine/Content/Internationalization/icudt64l/lang/kk.res" 1570
"../../../Engine/Content/Internationalization/icudt64l/region/kk.res" 1571
"../../../Engine/Content/Internationalization/icudt64l/lang/kkj.res" 1572
"../../../Engine/Content/Internationalization/icudt64l/region/kkj.res" 1573
"../../../Engine/Content/Internationalization/icudt64l/lang/kl.res" 1574
"../../../Engine/Content/Internationalization/icudt64l/region/kl.res" 1575
"../../../Engine/Content/Internationalization/icudt64l/lang/kln.res" 1576
"../../../Engine/Content/Internationalization/icudt64l/region/kln.res" 1577
"../../../Engine/Content/Internationalization/icudt64l/lang/km.res" 1578
"../../../Engine/Content/Internationalization/icudt64l/region/km.res" 1579
"../../../Engine/Content/Internationalization/icudt64l/lang/kn.res" 1580
"../../../Engine/Content/Internationalization/icudt64l/region/kn.res" 1581
"../../../Engine/Content/Internationalization/icudt64l/lang/ko.res" 1582
"../../../Engine/Content/Internationalization/icudt64l/region/ko_KP.res" 1583
"../../../Engine/Content/Internationalization/icudt64l/region/ko.res" 1584
"../../../Engine/Content/Internationalization/icudt64l/lang/kok.res" 1585
"../../../Engine/Content/Internationalization/icudt64l/region/kok.res" 1586
"../../../Engine/Content/Internationalization/icudt64l/lang/ks.res" 1587
"../../../Engine/Content/Internationalization/icudt64l/region/ks.res" 1588
"../../../Engine/Content/Internationalization/icudt64l/lang/ksb.res" 1589
"../../../Engine/Content/Internationalization/icudt64l/region/ksb.res" 1590
"../../../Engine/Content/Internationalization/icudt64l/lang/ksf.res" 1591
"../../../Engine/Content/Internationalization/icudt64l/region/ksf.res" 1592
"../../../Engine/Content/Internationalization/icudt64l/lang/ksh.res" 1593
"../../../Engine/Content/Internationalization/icudt64l/region/ksh.res" 1594
"../../../Engine/Content/Internationalization/icudt64l/lang/ku.res" 1595
"../../../Engine/Content/Internationalization/icudt64l/region/ku.res" 1596
"../../../Engine/Content/Internationalization/icudt64l/lang/kw.res" 1597
"../../../Engine/Content/Internationalization/icudt64l/region/kw.res" 1598
"../../../Engine/Content/Internationalization/icudt64l/lang/ky.res" 1599
"../../../Engine/Content/Internationalization/icudt64l/region/ky.res" 1600
"../../../Engine/Content/Internationalization/icudt64l/lang/lag.res" 1601
"../../../Engine/Content/Internationalization/icudt64l/region/lag.res" 1602
"../../../Engine/Content/Internationalization/icudt64l/lang/lb.res" 1603
"../../../Engine/Content/Internationalization/icudt64l/region/lb.res" 1604
"../../../Engine/Content/Internationalization/icudt64l/lang/lg.res" 1605
"../../../Engine/Content/Internationalization/icudt64l/region/lg.res" 1606
"../../../Engine/Content/Internationalization/icudt64l/lang/lkt.res" 1607
"../../../Engine/Content/Internationalization/icudt64l/region/lkt.res" 1608
"../../../Engine/Content/Internationalization/icudt64l/lang/ln.res" 1609
"../../../Engine/Content/Internationalization/icudt64l/region/ln.res" 1610
"../../../Engine/Content/Internationalization/icudt64l/lang/lo.res" 1611
"../../../Engine/Content/Internationalization/icudt64l/region/lo.res" 1612
"../../../Engine/Content/Internationalization/icudt64l/lang/lrc.res" 1613
"../../../Engine/Content/Internationalization/icudt64l/region/lrc.res" 1614
"../../../Engine/Content/Internationalization/icudt64l/lang/lt.res" 1615
"../../../Engine/Content/Internationalization/icudt64l/region/lt.res" 1616
"../../../Engine/Content/Internationalization/icudt64l/lang/lu.res" 1617
"../../../Engine/Content/Internationalization/icudt64l/region/lu.res" 1618
"../../../Engine/Content/Internationalization/icudt64l/lang/luo.res" 1619
"../../../Engine/Content/Internationalization/icudt64l/region/luo.res" 1620
"../../../Engine/Content/Internationalization/icudt64l/lang/luy.res" 1621
"../../../Engine/Content/Internationalization/icudt64l/region/luy.res" 1622
"../../../Engine/Content/Internationalization/icudt64l/lang/lv.res" 1623
"../../../Engine/Content/Internationalization/icudt64l/region/lv.res" 1624
"../../../Engine/Content/Internationalization/icudt64l/lang/mas.res" 1625
"../../../Engine/Content/Internationalization/icudt64l/region/mas.res" 1626
"../../../Engine/Content/Internationalization/icudt64l/lang/mer.res" 1627
"../../../Engine/Content/Internationalization/icudt64l/region/mer.res" 1628
"../../../Engine/Content/Internationalization/icudt64l/lang/mfe.res" 1629
"../../../Engine/Content/Internationalization/icudt64l/region/mfe.res" 1630
"../../../Engine/Content/Internationalization/icudt64l/lang/mg.res" 1631
"../../../Engine/Content/Internationalization/icudt64l/region/mg.res" 1632
"../../../Engine/Content/Internationalization/icudt64l/lang/mgh.res" 1633
"../../../Engine/Content/Internationalization/icudt64l/region/mgh.res" 1634
"../../../Engine/Content/Internationalization/icudt64l/lang/mgo.res" 1635
"../../../Engine/Content/Internationalization/icudt64l/region/mgo.res" 1636
"../../../Engine/Content/Internationalization/icudt64l/lang/mi.res" 1637
"../../../Engine/Content/Internationalization/icudt64l/region/mi.res" 1638
"../../../Engine/Content/Internationalization/icudt64l/lang/mk.res" 1639
"../../../Engine/Content/Internationalization/icudt64l/region/mk.res" 1640
"../../../Engine/Content/Internationalization/icudt64l/lang/ml.res" 1641
"../../../Engine/Content/Internationalization/icudt64l/region/ml.res" 1642
"../../../Engine/Content/Internationalization/icudt64l/lang/mn.res" 1643
"../../../Engine/Content/Internationalization/icudt64l/region/mn.res" 1644
"../../../Engine/Content/Internationalization/icudt64l/lang/mr.res" 1645
"../../../Engine/Content/Internationalization/icudt64l/region/mr.res" 1646
"../../../Engine/Content/Internationalization/icudt64l/lang/ms.res" 1647
"../../../Engine/Content/Internationalization/icudt64l/region/ms.res" 1648
"../../../Engine/Content/Internationalization/icudt64l/lang/mt.res" 1649
"../../../Engine/Content/Internationalization/icudt64l/region/mt.res" 1650
"../../../Engine/Content/Internationalization/icudt64l/lang/mua.res" 1651
"../../../Engine/Content/Internationalization/icudt64l/region/mua.res" 1652
"../../../Engine/Content/Internationalization/icudt64l/lang/my.res" 1653
"../../../Engine/Content/Internationalization/icudt64l/region/my.res" 1654
"../../../Engine/Content/Internationalization/icudt64l/lang/mzn.res" 1655
"../../../Engine/Content/Internationalization/icudt64l/region/mzn.res" 1656
"../../../Engine/Content/Internationalization/icudt64l/lang/naq.res" 1657
"../../../Engine/Content/Internationalization/icudt64l/region/naq.res" 1658
"../../../Engine/Content/Internationalization/icudt64l/lang/nb.res" 1659
"../../../Engine/Content/Internationalization/icudt64l/lang/nb_NO.res" 1660
"../../../Engine/Content/Internationalization/icudt64l/region/nb_NO.res" 1661
"../../../Engine/Content/Internationalization/icudt64l/region/nb.res" 1662
"../../../Engine/Content/Internationalization/icudt64l/lang/nd.res" 1663
"../../../Engine/Content/Internationalization/icudt64l/region/nd.res" 1664
"../../../Engine/Content/Internationalization/icudt64l/lang/nds.res" 1665
"../../../Engine/Content/Internationalization/icudt64l/region/nds.res" 1666
"../../../Engine/Content/Internationalization/icudt64l/lang/ne.res" 1667
"../../../Engine/Content/Internationalization/icudt64l/region/ne.res" 1668
"../../../Engine/Content/Internationalization/icudt64l/lang/nl.res" 1669
"../../../Engine/Content/Internationalization/icudt64l/region/nl.res" 1670
"../../../Engine/Content/Internationalization/icudt64l/lang/nmg.res" 1671
"../../../Engine/Content/Internationalization/icudt64l/region/nmg.res" 1672
"../../../Engine/Content/Internationalization/icudt64l/lang/nn.res" 1673
"../../../Engine/Content/Internationalization/icudt64l/lang/nn_NO.res" 1674
"../../../Engine/Content/Internationalization/icudt64l/region/nn_NO.res" 1675
"../../../Engine/Content/Internationalization/icudt64l/region/nn.res" 1676
"../../../Engine/Content/Internationalization/icudt64l/lang/nnh.res" 1677
"../../../Engine/Content/Internationalization/icudt64l/region/nnh.res" 1678
"../../../Engine/Content/Internationalization/icudt64l/lang/nus.res" 1679
"../../../Engine/Content/Internationalization/icudt64l/region/nus.res" 1680
"../../../Engine/Content/Internationalization/icudt64l/lang/nyn.res" 1681
"../../../Engine/Content/Internationalization/icudt64l/region/nyn.res" 1682
"../../../Engine/Content/Internationalization/icudt64l/lang/om.res" 1683
"../../../Engine/Content/Internationalization/icudt64l/region/om.res" 1684
"../../../Engine/Content/Internationalization/icudt64l/lang/or.res" 1685
"../../../Engine/Content/Internationalization/icudt64l/region/or.res" 1686
"../../../Engine/Content/Internationalization/icudt64l/lang/os.res" 1687
"../../../Engine/Content/Internationalization/icudt64l/region/os.res" 1688
"../../../Engine/Content/Internationalization/icudt64l/lang/pa.res" 1689
"../../../Engine/Content/Internationalization/icudt64l/lang/pa_Arab.res" 1690
"../../../Engine/Content/Internationalization/icudt64l/lang/pa_PK.res" 1691
"../../../Engine/Content/Internationalization/icudt64l/lang/pa_Arab_PK.res" 1692
"../../../Engine/Content/Internationalization/icudt64l/region/pa_PK.res" 1693
"../../../Engine/Content/Internationalization/icudt64l/region/pa_Arab_PK.res" 1694
"../../../Engine/Content/Internationalization/icudt64l/region/pa_Arab.res" 1695
"../../../Engine/Content/Internationalization/icudt64l/lang/pa_Guru.res" 1696
"../../../Engine/Content/Internationalization/icudt64l/lang/pa_IN.res" 1697
"../../../Engine/Content/Internationalization/icudt64l/lang/pa_Guru_IN.res" 1698
"../../../Engine/Content/Internationalization/icudt64l/region/pa_IN.res" 1699
"../../../Engine/Content/Internationalization/icudt64l/region/pa_Guru_IN.res" 1700
"../../../Engine/Content/Internationalization/icudt64l/region/pa_Guru.res" 1701
"../../../Engine/Content/Internationalization/icudt64l/region/pa.res" 1702
"../../../Engine/Content/Internationalization/icudt64l/lang/pl.res" 1703
"../../../Engine/Content/Internationalization/icudt64l/region/pl.res" 1704
"../../../Engine/Content/Internationalization/icudt64l/lang/ps.res" 1705
"../../../Engine/Content/Internationalization/icudt64l/region/ps.res" 1706
"../../../Engine/Content/Internationalization/icudt64l/lang/ps_PK.res" 1707
"../../../Engine/Content/Internationalization/icudt64l/region/ps_PK.res" 1708
"../../../Engine/Content/Internationalization/icudt64l/lang/pt.res" 1709
"../../../Engine/Content/Internationalization/icudt64l/lang/pt_AO.res" 1710
"../../../Engine/Content/Internationalization/icudt64l/lang/pt_PT.res" 1711
"../../../Engine/Content/Internationalization/icudt64l/region/pt_AO.res" 1712
"../../../Engine/Content/Internationalization/icudt64l/region/pt_PT.res" 1713
"../../../Engine/Content/Internationalization/icudt64l/region/pt.res" 1714
"../../../Engine/Content/Internationalization/icudt64l/lang/pt_CH.res" 1715
"../../../Engine/Content/Internationalization/icudt64l/region/pt_CH.res" 1716
"../../../Engine/Content/Internationalization/icudt64l/lang/pt_CV.res" 1717
"../../../Engine/Content/Internationalization/icudt64l/region/pt_CV.res" 1718
"../../../Engine/Content/Internationalization/icudt64l/lang/pt_GQ.res" 1719
"../../../Engine/Content/Internationalization/icudt64l/region/pt_GQ.res" 1720
"../../../Engine/Content/Internationalization/icudt64l/lang/pt_GW.res" 1721
"../../../Engine/Content/Internationalization/icudt64l/region/pt_GW.res" 1722
"../../../Engine/Content/Internationalization/icudt64l/lang/pt_LU.res" 1723
"../../../Engine/Content/Internationalization/icudt64l/region/pt_LU.res" 1724
"../../../Engine/Content/Internationalization/icudt64l/lang/pt_MO.res" 1725
"../../../Engine/Content/Internationalization/icudt64l/region/pt_MO.res" 1726
"../../../Engine/Content/Internationalization/icudt64l/lang/pt_MZ.res" 1727
"../../../Engine/Content/Internationalization/icudt64l/region/pt_MZ.res" 1728
"../../../Engine/Content/Internationalization/icudt64l/lang/pt_ST.res" 1729
"../../../Engine/Content/Internationalization/icudt64l/region/pt_ST.res" 1730
"../../../Engine/Content/Internationalization/icudt64l/lang/pt_TL.res" 1731
"../../../Engine/Content/Internationalization/icudt64l/region/pt_TL.res" 1732
"../../../Engine/Content/Internationalization/icudt64l/lang/qu.res" 1733
"../../../Engine/Content/Internationalization/icudt64l/region/qu.res" 1734
"../../../Engine/Content/Internationalization/icudt64l/lang/rm.res" 1735
"../../../Engine/Content/Internationalization/icudt64l/region/rm.res" 1736
"../../../Engine/Content/Internationalization/icudt64l/lang/rn.res" 1737
"../../../Engine/Content/Internationalization/icudt64l/region/rn.res" 1738
"../../../Engine/Content/Internationalization/icudt64l/lang/ro.res" 1739
"../../../Engine/Content/Internationalization/icudt64l/lang/ro_MD.res" 1740
"../../../Engine/Content/Internationalization/icudt64l/region/ro_MD.res" 1741
"../../../Engine/Content/Internationalization/icudt64l/region/ro.res" 1742
"../../../Engine/Content/Internationalization/icudt64l/lang/rof.res" 1743
"../../../Engine/Content/Internationalization/icudt64l/region/rof.res" 1744
"../../../Engine/Content/Internationalization/icudt64l/lang/ru.res" 1745
"../../../Engine/Content/Internationalization/icudt64l/region/ru.res" 1746
"../../../Engine/Content/Internationalization/icudt64l/region/ru_UA.res" 1747
"../../../Engine/Content/Internationalization/icudt64l/lang/rw.res" 1748
"../../../Engine/Content/Internationalization/icudt64l/region/rw.res" 1749
"../../../Engine/Content/Internationalization/icudt64l/lang/rwk.res" 1750
"../../../Engine/Content/Internationalization/icudt64l/region/rwk.res" 1751
"../../../Engine/Content/Internationalization/icudt64l/lang/sah.res" 1752
"../../../Engine/Content/Internationalization/icudt64l/region/sah.res" 1753
"../../../Engine/Content/Internationalization/icudt64l/lang/saq.res" 1754
"../../../Engine/Content/Internationalization/icudt64l/region/saq.res" 1755
"../../../Engine/Content/Internationalization/icudt64l/lang/sbp.res" 1756
"../../../Engine/Content/Internationalization/icudt64l/region/sbp.res" 1757
"../../../Engine/Content/Internationalization/icudt64l/lang/sd.res" 1758
"../../../Engine/Content/Internationalization/icudt64l/region/sd.res" 1759
"../../../Engine/Content/Internationalization/icudt64l/lang/se.res" 1760
"../../../Engine/Content/Internationalization/icudt64l/lang/se_FI.res" 1761
"../../../Engine/Content/Internationalization/icudt64l/region/se_FI.res" 1762
"../../../Engine/Content/Internationalization/icudt64l/region/se.res" 1763
"../../../Engine/Content/Internationalization/icudt64l/lang/seh.res" 1764
"../../../Engine/Content/Internationalization/icudt64l/region/seh.res" 1765
"../../../Engine/Content/Internationalization/icudt64l/lang/ses.res" 1766
"../../../Engine/Content/Internationalization/icudt64l/region/ses.res" 1767
"../../../Engine/Content/Internationalization/icudt64l/lang/sg.res" 1768
"../../../Engine/Content/Internationalization/icudt64l/region/sg.res" 1769
"../../../Engine/Content/Internationalization/icudt64l/lang/shi.res" 1770
"../../../Engine/Content/Internationalization/icudt64l/lang/shi_Latn.res" 1771
"../../../Engine/Content/Internationalization/icudt64l/lang/shi_MA.res" 1772
"../../../Engine/Content/Internationalization/icudt64l/lang/shi_Tfng_MA.res" 1773
"../../../Engine/Content/Internationalization/icudt64l/lang/shi_Tfng.res" 1774
"../../../Engine/Content/Internationalization/icudt64l/region/shi_MA.res" 1775
"../../../Engine/Content/Internationalization/icudt64l/region/shi_Tfng_MA.res" 1776
"../../../Engine/Content/Internationalization/icudt64l/region/shi_Tfng.res" 1777
"../../../Engine/Content/Internationalization/icudt64l/region/shi.res" 1778
"../../../Engine/Content/Internationalization/icudt64l/region/shi_Latn.res" 1779
"../../../Engine/Content/Internationalization/icudt64l/lang/si.res" 1780
"../../../Engine/Content/Internationalization/icudt64l/region/si.res" 1781
"../../../Engine/Content/Internationalization/icudt64l/lang/sk.res" 1782
"../../../Engine/Content/Internationalization/icudt64l/region/sk.res" 1783
"../../../Engine/Content/Internationalization/icudt64l/lang/sl.res" 1784
"../../../Engine/Content/Internationalization/icudt64l/region/sl.res" 1785
"../../../Engine/Content/Internationalization/icudt64l/lang/smn.res" 1786
"../../../Engine/Content/Internationalization/icudt64l/region/smn.res" 1787
"../../../Engine/Content/Internationalization/icudt64l/lang/sn.res" 1788
"../../../Engine/Content/Internationalization/icudt64l/region/sn.res" 1789
"../../../Engine/Content/Internationalization/icudt64l/lang/so.res" 1790
"../../../Engine/Content/Internationalization/icudt64l/region/so.res" 1791
"../../../Engine/Content/Internationalization/icudt64l/lang/sq.res" 1792
"../../../Engine/Content/Internationalization/icudt64l/region/sq.res" 1793
"../../../Engine/Content/Internationalization/icudt64l/lang/sr.res" 1794
"../../../Engine/Content/Internationalization/icudt64l/lang/sr_Cyrl.res" 1795
"../../../Engine/Content/Internationalization/icudt64l/lang/sr_BA.res" 1796
"../../../Engine/Content/Internationalization/icudt64l/lang/sr_Cyrl_BA.res" 1797
"../../../Engine/Content/Internationalization/icudt64l/region/sr_BA.res" 1798
"../../../Engine/Content/Internationalization/icudt64l/region/sr_Cyrl_BA.res" 1799
"../../../Engine/Content/Internationalization/icudt64l/region/sr_Cyrl.res" 1800
"../../../Engine/Content/Internationalization/icudt64l/region/sr.res" 1801
"../../../Engine/Content/Internationalization/icudt64l/lang/sr_ME.res" 1802
"../../../Engine/Content/Internationalization/icudt64l/lang/sr_Latn_ME.res" 1803
"../../../Engine/Content/Internationalization/icudt64l/lang/sr_Latn.res" 1804
"../../../Engine/Content/Internationalization/icudt64l/region/sr_ME.res" 1805
"../../../Engine/Content/Internationalization/icudt64l/region/sr_Latn_ME.res" 1806
"../../../Engine/Content/Internationalization/icudt64l/region/sr_Latn.res" 1807
"../../../Engine/Content/Internationalization/icudt64l/lang/sr_Cyrl_ME.res" 1808
"../../../Engine/Content/Internationalization/icudt64l/region/sr_Cyrl_ME.res" 1809
"../../../Engine/Content/Internationalization/icudt64l/lang/sr_RS.res" 1810
"../../../Engine/Content/Internationalization/icudt64l/lang/sr_Cyrl_RS.res" 1811
"../../../Engine/Content/Internationalization/icudt64l/region/sr_RS.res" 1812
"../../../Engine/Content/Internationalization/icudt64l/region/sr_Cyrl_RS.res" 1813
"../../../Engine/Content/Internationalization/icudt64l/lang/sr_XK.res" 1814
"../../../Engine/Content/Internationalization/icudt64l/lang/sr_Cyrl_XK.res" 1815
"../../../Engine/Content/Internationalization/icudt64l/region/sr_XK.res" 1816
"../../../Engine/Content/Internationalization/icudt64l/region/sr_Cyrl_XK.res" 1817
"../../../Engine/Content/Internationalization/icudt64l/lang/sr_Latn_BA.res" 1818
"../../../Engine/Content/Internationalization/icudt64l/region/sr_Latn_BA.res" 1819
"../../../Engine/Content/Internationalization/icudt64l/lang/sr_Latn_RS.res" 1820
"../../../Engine/Content/Internationalization/icudt64l/region/sr_Latn_RS.res" 1821
"../../../Engine/Content/Internationalization/icudt64l/lang/sr_Latn_XK.res" 1822
"../../../Engine/Content/Internationalization/icudt64l/region/sr_Latn_XK.res" 1823
"../../../Engine/Content/Internationalization/icudt64l/lang/sv.res" 1824
"../../../Engine/Content/Internationalization/icudt64l/region/sv.res" 1825
"../../../Engine/Content/Internationalization/icudt64l/lang/sv_FI.res" 1826
"../../../Engine/Content/Internationalization/icudt64l/lang/sw.res" 1827
"../../../Engine/Content/Internationalization/icudt64l/lang/sw_CD.res" 1828
"../../../Engine/Content/Internationalization/icudt64l/region/sw_CD.res" 1829
"../../../Engine/Content/Internationalization/icudt64l/region/sw.res" 1830
"../../../Engine/Content/Internationalization/icudt64l/lang/sw_KE.res" 1831
"../../../Engine/Content/Internationalization/icudt64l/region/sw_KE.res" 1832
"../../../Engine/Content/Internationalization/icudt64l/lang/ta.res" 1833
"../../../Engine/Content/Internationalization/icudt64l/region/ta.res" 1834
"../../../Engine/Content/Internationalization/icudt64l/lang/te.res" 1835
"../../../Engine/Content/Internationalization/icudt64l/region/te.res" 1836
"../../../Engine/Content/Internationalization/icudt64l/lang/teo.res" 1837
"../../../Engine/Content/Internationalization/icudt64l/region/teo.res" 1838
"../../../Engine/Content/Internationalization/icudt64l/lang/tg.res" 1839
"../../../Engine/Content/Internationalization/icudt64l/region/tg.res" 1840
"../../../Engine/Content/Internationalization/icudt64l/lang/th.res" 1841
"../../../Engine/Content/Internationalization/icudt64l/lang/th_TH.res" 1842
"../../../Engine/Content/Internationalization/icudt64l/region/th_TH.res" 1843
"../../../Engine/Content/Internationalization/icudt64l/region/th.res" 1844
"../../../Engine/Content/Internationalization/icudt64l/lang/ti.res" 1845
"../../../Engine/Content/Internationalization/icudt64l/region/ti.res" 1846
"../../../Engine/Content/Internationalization/icudt64l/lang/tk.res" 1847
"../../../Engine/Content/Internationalization/icudt64l/region/tk.res" 1848
"../../../Engine/Content/Internationalization/icudt64l/lang/to.res" 1849
"../../../Engine/Content/Internationalization/icudt64l/region/to.res" 1850
"../../../Engine/Content/Internationalization/icudt64l/lang/tr.res" 1851
"../../../Engine/Content/Internationalization/icudt64l/region/tr.res" 1852
"../../../Engine/Content/Internationalization/icudt64l/lang/tt.res" 1853
"../../../Engine/Content/Internationalization/icudt64l/region/tt.res" 1854
"../../../Engine/Content/Internationalization/icudt64l/lang/twq.res" 1855
"../../../Engine/Content/Internationalization/icudt64l/region/twq.res" 1856
"../../../Engine/Content/Internationalization/icudt64l/lang/tzm.res" 1857
"../../../Engine/Content/Internationalization/icudt64l/region/tzm.res" 1858
"../../../Engine/Content/Internationalization/icudt64l/lang/ug.res" 1859
"../../../Engine/Content/Internationalization/icudt64l/region/ug.res" 1860
"../../../Engine/Content/Internationalization/icudt64l/lang/uk.res" 1861
"../../../Engine/Content/Internationalization/icudt64l/region/uk.res" 1862
"../../../Engine/Content/Internationalization/icudt64l/lang/ur.res" 1863
"../../../Engine/Content/Internationalization/icudt64l/lang/ur_IN.res" 1864
"../../../Engine/Content/Internationalization/icudt64l/region/ur_IN.res" 1865
"../../../Engine/Content/Internationalization/icudt64l/region/ur.res" 1866
"../../../Engine/Content/Internationalization/icudt64l/lang/uz.res" 1867
"../../../Engine/Content/Internationalization/icudt64l/lang/uz_Arab.res" 1868
"../../../Engine/Content/Internationalization/icudt64l/lang/uz_AF.res" 1869
"../../../Engine/Content/Internationalization/icudt64l/lang/uz_Arab_AF.res" 1870
"../../../Engine/Content/Internationalization/icudt64l/region/uz_AF.res" 1871
"../../../Engine/Content/Internationalization/icudt64l/region/uz_Arab_AF.res" 1872
"../../../Engine/Content/Internationalization/icudt64l/region/uz_Arab.res" 1873
"../../../Engine/Content/Internationalization/icudt64l/lang/uz_Cyrl.res" 1874
"../../../Engine/Content/Internationalization/icudt64l/lang/uz_UZ.res" 1875
"../../../Engine/Content/Internationalization/icudt64l/lang/uz_Latn_UZ.res" 1876
"../../../Engine/Content/Internationalization/icudt64l/lang/uz_Latn.res" 1877
"../../../Engine/Content/Internationalization/icudt64l/region/uz_UZ.res" 1878
"../../../Engine/Content/Internationalization/icudt64l/region/uz_Latn_UZ.res" 1879
"../../../Engine/Content/Internationalization/icudt64l/region/uz_Latn.res" 1880
"../../../Engine/Content/Internationalization/icudt64l/region/uz.res" 1881
"../../../Engine/Content/Internationalization/icudt64l/region/uz_Cyrl.res" 1882
"../../../Engine/Content/Internationalization/icudt64l/lang/vai.res" 1883
"../../../Engine/Content/Internationalization/icudt64l/lang/vai_Latn.res" 1884
"../../../Engine/Content/Internationalization/icudt64l/lang/vai_LR.res" 1885
"../../../Engine/Content/Internationalization/icudt64l/lang/vai_Vaii_LR.res" 1886
"../../../Engine/Content/Internationalization/icudt64l/lang/vai_Vaii.res" 1887
"../../../Engine/Content/Internationalization/icudt64l/region/vai_LR.res" 1888
"../../../Engine/Content/Internationalization/icudt64l/region/vai_Vaii_LR.res" 1889
"../../../Engine/Content/Internationalization/icudt64l/region/vai_Vaii.res" 1890
"../../../Engine/Content/Internationalization/icudt64l/region/vai.res" 1891
"../../../Engine/Content/Internationalization/icudt64l/region/vai_Latn.res" 1892
"../../../Engine/Content/Internationalization/icudt64l/lang/vi.res" 1893
"../../../Engine/Content/Internationalization/icudt64l/region/vi.res" 1894
"../../../Engine/Content/Internationalization/icudt64l/lang/vun.res" 1895
"../../../Engine/Content/Internationalization/icudt64l/region/vun.res" 1896
"../../../Engine/Content/Internationalization/icudt64l/lang/wae.res" 1897
"../../../Engine/Content/Internationalization/icudt64l/region/wae.res" 1898
"../../../Engine/Content/Internationalization/icudt64l/lang/wo.res" 1899
"../../../Engine/Content/Internationalization/icudt64l/region/wo.res" 1900
"../../../Engine/Content/Internationalization/icudt64l/lang/xh.res" 1901
"../../../Engine/Content/Internationalization/icudt64l/region/xh.res" 1902
"../../../Engine/Content/Internationalization/icudt64l/lang/xog.res" 1903
"../../../Engine/Content/Internationalization/icudt64l/region/xog.res" 1904
"../../../Engine/Content/Internationalization/icudt64l/lang/yav.res" 1905
"../../../Engine/Content/Internationalization/icudt64l/region/yav.res" 1906
"../../../Engine/Content/Internationalization/icudt64l/lang/yi.res" 1907
"../../../Engine/Content/Internationalization/icudt64l/region/yi.res" 1908
"../../../Engine/Content/Internationalization/icudt64l/lang/yo.res" 1909
"../../../Engine/Content/Internationalization/icudt64l/lang/yo_BJ.res" 1910
"../../../Engine/Content/Internationalization/icudt64l/region/yo_BJ.res" 1911
"../../../Engine/Content/Internationalization/icudt64l/region/yo.res" 1912
"../../../Engine/Content/Internationalization/icudt64l/lang/yue.res" 1913
"../../../Engine/Content/Internationalization/icudt64l/lang/yue_Hans.res" 1914
"../../../Engine/Content/Internationalization/icudt64l/lang/yue_CN.res" 1915
"../../../Engine/Content/Internationalization/icudt64l/lang/yue_Hans_CN.res" 1916
"../../../Engine/Content/Internationalization/icudt64l/region/yue_CN.res" 1917
"../../../Engine/Content/Internationalization/icudt64l/region/yue_Hans_CN.res" 1918
"../../../Engine/Content/Internationalization/icudt64l/region/yue_Hans.res" 1919
"../../../Engine/Content/Internationalization/icudt64l/lang/yue_Hant.res" 1920
"../../../Engine/Content/Internationalization/icudt64l/lang/yue_HK.res" 1921
"../../../Engine/Content/Internationalization/icudt64l/lang/yue_Hant_HK.res" 1922
"../../../Engine/Content/Internationalization/icudt64l/region/yue_HK.res" 1923
"../../../Engine/Content/Internationalization/icudt64l/region/yue_Hant_HK.res" 1924
"../../../Engine/Content/Internationalization/icudt64l/region/yue_Hant.res" 1925
"../../../Engine/Content/Internationalization/icudt64l/region/yue.res" 1926
"../../../Engine/Content/Internationalization/icudt64l/lang/zgh.res" 1927
"../../../Engine/Content/Internationalization/icudt64l/region/zgh.res" 1928
"../../../Engine/Content/Internationalization/icudt64l/lang/zh.res" 1929
"../../../Engine/Content/Internationalization/icudt64l/lang/zh_Hans.res" 1930
"../../../Engine/Content/Internationalization/icudt64l/lang/zh_CN.res" 1931
"../../../Engine/Content/Internationalization/icudt64l/lang/zh_Hans_CN.res" 1932
"../../../Engine/Content/Internationalization/icudt64l/region/zh_CN.res" 1933
"../../../Engine/Content/Internationalization/icudt64l/region/zh_Hans_CN.res" 1934
"../../../Engine/Content/Internationalization/icudt64l/region/zh_Hans.res" 1935
"../../../Engine/Content/Internationalization/icudt64l/region/zh.res" 1936
"../../../Engine/Content/Internationalization/icudt64l/lang/zh_HK.res" 1937
"../../../Engine/Content/Internationalization/icudt64l/lang/zh_Hant_HK.res" 1938
"../../../Engine/Content/Internationalization/icudt64l/lang/zh_Hant.res" 1939
"../../../Engine/Content/Internationalization/icudt64l/region/zh_HK.res" 1940
"../../../Engine/Content/Internationalization/icudt64l/region/zh_Hant_HK.res" 1941
"../../../Engine/Content/Internationalization/icudt64l/region/zh_Hant.res" 1942
"../../../Engine/Content/Internationalization/icudt64l/lang/zh_MO.res" 1943
"../../../Engine/Content/Internationalization/icudt64l/lang/zh_Hant_MO.res" 1944
"../../../Engine/Content/Internationalization/icudt64l/region/zh_MO.res" 1945
"../../../Engine/Content/Internationalization/icudt64l/region/zh_Hant_MO.res" 1946
"../../../Engine/Content/Internationalization/icudt64l/lang/zh_SG.res" 1947
"../../../Engine/Content/Internationalization/icudt64l/lang/zh_Hans_SG.res" 1948
"../../../Engine/Content/Internationalization/icudt64l/region/zh_SG.res" 1949
"../../../Engine/Content/Internationalization/icudt64l/region/zh_Hans_SG.res" 1950
"../../../Engine/Content/Internationalization/icudt64l/lang/zh_TW.res" 1951
"../../../Engine/Content/Internationalization/icudt64l/lang/zh_Hant_TW.res" 1952
"../../../Engine/Content/Internationalization/icudt64l/region/zh_TW.res" 1953
"../../../Engine/Content/Internationalization/icudt64l/region/zh_Hant_TW.res" 1954
"../../../Engine/Content/Internationalization/icudt64l/lang/zu.res" 1955
"../../../Engine/Content/Internationalization/icudt64l/region/zu.res" 1956
"../../../Engine/Content/Internationalization/icudt64l/lang/no.res" 1957
"../../../Engine/Content/Internationalization/icudt64l/lang/tl.res" 1958
"../../../Engine/Config/Android/DataDrivenPlatformInfo.ini" 1959
"../../../Engine/Config/IOS/DataDrivenPlatformInfo.ini" 1960
"../../../Engine/Config/Linux/DataDrivenPlatformInfo.ini" 1961
"../../../Engine/Config/Mac/DataDrivenPlatformInfo.ini" 1962
"../../../Engine/Config/TVOS/DataDrivenPlatformInfo.ini" 1963
"../../../Engine/Config/Unix/DataDrivenPlatformInfo.ini" 1964
"../../../Engine/Config/VulkanPC/DataDrivenPlatformInfo.ini" 1965
"../../../Engine/Config/Windows/DataDrivenPlatformInfo.ini" 1966
"../../../Engine/Platforms/VisionOS/Config/DataDrivenPlatformInfo.ini" 1967
"../../../Engine/Content/Renderer/TessellationTable.bin" 1968
"../../../Engine/DerivedDataCache/Compressed.ddp" 1969
"C:/Users/jessw/AppData/Local/UnrealEngine/5.6/Saved/Zen/zen.version" 1970
"C:/Users/jessw/AppData/Local/UnrealEngine/Common/Zen/Install/zen.version" 1971
"C:/Users/jessw/AppData/Local/UnrealEngine/Common/Zen/Install/zenserver.runcontext" 1972
"C:/Users/jessw/AppData/Local/UnrealEngine/Common/DerivedDataCache/TestData/0/TestData_4kb.dat" 1973
"C:/Users/jessw/AppData/Local/UnrealEngine/Common/DerivedDataCache/TestData/1/TestData_4kb.dat" 1974
"C:/Users/jessw/AppData/Local/UnrealEngine/Common/DerivedDataCache/TestData/0/TestData_8kb.dat" 1975
"C:/Users/jessw/AppData/Local/UnrealEngine/Common/DerivedDataCache/TestData/1/TestData_8kb.dat" 1976
"C:/Users/jessw/AppData/Local/UnrealEngine/Common/DerivedDataCache/TestData/0/TestData_16kb.dat" 1977
"C:/Users/jessw/AppData/Local/UnrealEngine/Common/DerivedDataCache/TestData/1/TestData_16kb.dat" 1978
"C:/Users/jessw/AppData/Local/UnrealEngine/Common/DerivedDataCache/TestData/0/TestData_64kb.dat" 1979
"C:/Users/jessw/AppData/Local/UnrealEngine/Common/DerivedDataCache/TestData/1/TestData_64kb.dat" 1980
"C:/Users/jessw/AppData/Local/UnrealEngine/Common/DerivedDataCache/TestData/0/TestData_128kb.dat" 1981
"C:/Users/jessw/AppData/Local/UnrealEngine/Common/DerivedDataCache/TestData/1/TestData_128kb.dat" 1982
"C:/Users/jessw/AppData/Local/UnrealEngine/Common/DerivedDataCache/TestData/0/TestData_256kb.dat" 1983
"C:/Users/jessw/AppData/Local/UnrealEngine/Common/DerivedDataCache/TestData/1/TestData_256kb.dat" 1984
"C:/Users/jessw/AppData/Roaming/Unreal Engine/UnrealBuildTool/BuildConfiguration.xml" 1985
"../../../../../../Users/jessw/Documents/GitHub/CasualProductionDreamTeam/DreamRunner/Intermediate/ShaderAutogen/PCD3D_SM6/AutogenShaderHeaders.ush" 1986
"../../../Engine/Shaders/Private/HairStrands/HairStrandsVertexFactory.ush" 1987
"../../../Engine/Shaders/Private/VertexFactoryCommon.ush" 1988
"../../../Engine/Shaders/Private/Common.ush" 1989
"../../../Engine/Shaders/Public/Platform.ush" 1990
"../../../Engine/Shaders/Public/FP16Math.ush" 1991
"../../../Engine/Shaders/Public/Platform/D3D/D3DCommon.ush" 1992
"../../../Engine/Shaders/Shared/HLSLReservedSpaces.h" 1993
"../../../Engine/Shaders/Public/BindlessResources.ush" 1994
"../../../Engine/Shaders/Public/Platform/D3D/PlatformBindlessResources.ush" 1995
"../../../Engine/Shaders/Shared/RayTracingBuiltInResources.h" 1996
"../../../Engine/Shaders/Shared/RayTracingDefinitions.h" 1997
"../../../Engine/Shaders/Public/OverloadMacros.ush" 1998
"../../../Engine/Shaders/Public/ShaderVersion.ush" 1999
"../../../Engine/Shaders/Shared/ThirdParty/NVIDIA/nvHLSLExtns.h" 2000
"../../../Engine/Shaders/Shared/ThirdParty/NVIDIA/nvHLSLExtnsInternal.h" 2001
"../../../Engine/Shaders/Shared/ThirdParty/NVIDIA/nvShaderExtnEnums.h" 2002
"../../../Engine/Shaders/Private/PackUnpack.ush" 2003
"../../../Engine/Shaders/Private/GeneratedUniformBufferTypes.ush" 2004
"../../../Engine/Shaders/Private/Nanite/NanitePackedNaniteView.ush" 2005
"../../../Engine/Shaders/Private/HairStrands/HairStrandsVisibilityCommonStruct.ush" 2006
"../../../Engine/Shaders/Private/HairStrands/HairStrandsVoxelPageCommonStruct.ush" 2007
"../../../Engine/Shaders/Private/HairStrands/HairStrandsDeepShadowCommonStruct.ush" 2008
"../../../Engine/Shaders/Shared/LightSceneData.h" 2009
"../../../Engine/Shaders/Shared/HLSLTypeAliases.h" 2010
"../../../Engine/Shaders/Private/LargeWorldCoordinates.ush" 2011
"../../../Engine/Shaders/Private/DoubleFloat.ush" 2012
"../../../Engine/Shaders/Private/RandomPCG.ush" 2013
"../../../Engine/Shaders/Private/DoubleFloatOperations.ush" 2014
"../../../Engine/Shaders/Private/DoubleFloatVectorDefinition.ush" 2015
"../../../Engine/Shaders/Private/LWCOperations.ush" 2016
"../../../Engine/Shaders/Shared/LightViewData.h" 2017
"../../../Engine/Shaders/Shared/RayTracingTypes.h" 2018
"../../../Engine/Shaders/Shared/HLSLStaticAssert.h" 2019
"../../../Engine/Shaders/Private/CommonViewUniformBuffer.ush" 2020
"../../../Engine/Shaders/Private/InstancedStereo.ush" 2021
"../../../Engine/Shaders/Private/Definitions.usf" 2022
"../../../Engine/Shaders/Private/AssertionMacros.ush" 2023
"../../../Engine/Shaders/Private/FastMath.ush" 2024
"../../../Engine/Shaders/Private/FastMathThirdParty.ush" 2025
"../../../Engine/Shaders/Private/Random.ush" 2026
"../../../Engine/Shaders/Private/RandomInterleavedGradientNoise.ush" 2027
"../../../Engine/Shaders/Private/SceneData.ush" 2028
"../../../Engine/Shaders/Private/OctahedralCommon.ush" 2029
"../../../Engine/Shaders/Private/WaveOpUtil.ush" 2030
"../../../Engine/Shaders/Private/ByteBuffer.ush" 2031
"../../../Engine/Shaders/Shared/SceneDefinitions.h" 2032
"../../../Engine/Shaders/Private/SceneDataMobileLoader.ush" 2033
"../../../Engine/Shaders/Private/LocalVertexFactoryCommon.ush" 2034
"../../../Engine/Shaders/Private/HairStrands/HairStrandsVisibilityCommon.ush" 2035
"../../../Engine/Shaders/Shared/HairStrandsDefinitions.h" 2036
"../../../Engine/Shaders/Private/HairStrands/HairStrandsVertexFactoryCommon.ush" 2037
"../../../Engine/Shaders/Private/HairStrands/HairStrandsPack.ush" 2038
"../../../Engine/Shaders/Private/HairStrands/HairStrandsAttributeCommon.ush" 2039
"../../../Engine/Shaders/Private/HairStrands/HairStrandsAttributeTemplate.ush" 2040
"../../../Engine/Shaders/Private/VertexFactoryDefaultInterface.ush" 2041
"../../../Engine/Shaders/Private/HairStrands/HairCardsVertexFactory.ush" 2042
"../../../Engine/Shaders/Private/HairStrands/HairCardsAttributeCommon.ush" 2043
"../../../Engine/Shaders/Private/RayTracing/RayTracingCommon.ush" 2044
"../../../Engine/Shaders/Private/ShadingCommon.ush" 2045
"../../../Engine/Shaders/Shared/RayTracingPayloadType.h" 2046
"../../../Engine/Shaders/Private/RayTracing/RayTracingRayCone.ush" 2047
"../../../Engine/Shaders/Private/Substrate/Substrate.ush" 2048
"../../../Engine/Shaders/Private/ShadingEnergyConservation.ush" 2049
"../../../Engine/Shaders/Private/ShadingEnergyConservationTemplate.ush" 2050
"../../../Engine/Shaders/Private/BRDF.ush" 2051
"../../../Engine/Shaders/Private/ColorSpace.ush" 2052
"../../../Engine/Shaders/Private/DeferredShadingCommon.ush" 2053
"../../../Engine/Shaders/Private/LightAccumulator.ush" 2054
"../../../Engine/Shaders/Private/SceneTexturesCommon.ush" 2055
"../../../Engine/Shaders/Private/MonteCarlo.ush" 2056
"../../../Engine/Shaders/Private/GBufferHelpers.ush" 2057
"../../../Engine/Shaders/Private/SceneTextureParameters.ush" 2058
"C:/Users/jessw/Documents/GitHub/CasualProductionDreamTeam/DreamRunner/Intermediate/ShaderAutogen/PCD3D_SM6/AutogenShaderHeaders.ush" 2059
"../../../Engine/Shaders/Private/ParticipatingMediaCommon.ush" 2060
"../../../Engine/Shaders/Private/ThinFilmBSDF.ush" 2061
"../../../Engine/Shaders/Private/MortonCode.ush" 2062
"../../../Engine/Shaders/Private/SubsurfaceProfileCommon.ush" 2063
"../../../Engine/Shaders/Private/BurleyNormalizedSSSCommon.ush" 2064
"../../../Engine/Shaders/Private/GammaCorrectionCommon.ush" 2065
"../../../Engine/Shaders/Shared/SubstrateDefinitions.h" 2066
"../../../Engine/Shaders/Private/Substrate/SubstrateStatisticalOperators.ush" 2067
"../../../Engine/Shaders/Private/Substrate/SubstrateSubsurface.ush" 2068
"../../../Engine/Shaders/Private/TransmissionCommon.ush" 2069
"../../../Engine/Shaders/Private/Substrate/SubstrateExportCommon.ush" 2070
"../../../Engine/Shaders/Private/SpecularProfileCommon.ush" 2071
"../../../Engine/Shaders/Private/RayTracing/RayTracingCommonMetal.ush" 2072
"../../../Engine/Shaders/Private/PositionReconstructionCommon.ush" 2073
"../../../Engine/Shaders/Private/RayTracing/TraceRayInline.ush" 2074
"../../../Engine/Shaders/Private/RayTracing/TraceRayInlineCommon.ush" 2075
"../../../Engine/Shaders/Private/RayTracing/TraceRayInlineVulkan.ush" 2076
"../../../Engine/Shaders/Private/RayTracing/TraceRayInlineMetal.ush" 2077
"../../../Engine/Shaders/Private/RayTracing/TraceRayInlineD3D12.ush" 2078
"../../../Engine/Shaders/Private/RayTracing/RayTracingHitGroupCommon.ush" 2079
"../../../Engine/Shaders/Private/Nanite/NaniteRayTrace.ush" 2080
"../../../Engine/Shaders/Private/Nanite/NaniteDataDecode.ush" 2081
"../../../Engine/Shaders/Private/BitPacking.ush" 2082
"../../../Engine/Shaders/Private/BitStreamReaderImplementation.ush" 2083
"../../../Engine/Shaders/Private/BoneTransform.ush" 2084
"../../../Engine/Shaders/Private/Quaternion.ush" 2085
"../../../Engine/Shaders/Shared/NaniteDefinitions.h" 2086
"../../../Engine/Shaders/Shared/SkinningDefinitions.h" 2087
"../../../Engine/Shaders/Private/Nanite/NaniteAttributeDecode.ush" 2088
"../../../Engine/Shaders/Private/Barycentrics.ush" 2089
"../../../Engine/Shaders/Private/DualNumber.ush" 2090
"../../../Engine/Shaders/Shared/ThirdParty/RayTriangleIntersection.h" 2091
"../../../Engine/Shaders/Private/Nanite/NaniteVertexFetch.ush" 2092
"../../../Engine/Shaders/Private/Nanite/NaniteSceneCommon.ush" 2093
"../../../Engine/Plugins/FX/Niagara/Shaders/Private/NiagaraSpriteVertexFactory.ush" 2094
"../../../Engine/Shaders/Private/ParticleVertexFactoryCommon.ush" 2095
"../../../Engine/Plugins/FX/Niagara/Shaders/Private/NiagaraVFCommon.usf" 2096
"../../../Engine/Plugins/FX/Niagara/Shaders/Private/NiagaraVFParticleAccess.usf" 2097
"../../../Engine/Plugins/FX/Niagara/Shaders/Private/NiagaraParticleAccess.ush" 2098
"../../../Engine/Plugins/FX/Niagara/Shaders/Private/NiagaraRibbonVertexFactory.ush" 2099
"../../../Engine/Plugins/FX/Niagara/Shaders/Private/NiagaraMeshVertexFactory.ush" 2100
"../../../Engine/Plugins/FX/Niagara/Shaders/Private/NiagaraCommon.ush" 2101
"../../../Engine/Plugins/FX/Niagara/Shaders/Private/NiagaraMeshParticleUtils.ush" 2102
"../../../Engine/Shaders/Private/VectorFieldVisualizationVertexFactory.ush" 2103
"../../../Engine/Shaders/Private/Nanite/NaniteVertexFactory.ush" 2104
"../../../Engine/Shaders/Private/LightmapData.ush" 2105
"../../../Engine/Shaders/Private/SplineMeshCommon.ush" 2106
"../../../Engine/Shaders/Shared/SplineMeshShaderParams.h" 2107
"../../../Engine/Shaders/Private/ShaderPrint.ush" 2108
"../../../Engine/Shaders/Private/ShaderPrintCommon.ush" 2109
"../../../Engine/Shaders/Private/MiniFontCommon.ush" 2110
"../../../Engine/Shaders/Private/MaterialCache/MaterialCacheCommon.ush" 2111
"../../../Engine/Shaders/Shared/MaterialCacheDefinitions.h" 2112
"../../../Engine/Shaders/Private/Nanite/NaniteVertexDeformation.ush" 2113
"../../../Engine/Shaders/Private/ViewData.ush" 2114
"../../../Engine/Shaders/Shared/ViewDefinitions.h" 2115
"../../../Engine/Shaders/Private/Matrices.ush" 2116
"../../../Engine/Shaders/Private/ParticleSpriteVertexFactory.ush" 2117
"../../../Engine/Shaders/Private/ParticleGPUSpriteVertexFactory.ush" 2118
"../../../Engine/Shaders/Private/ParticleSimulationCommon.ush" 2119
"../../../Engine/Shaders/Private/ParticleBeamTrailVertexFactory.ush" 2120
"../../../Engine/Shaders/Private/MeshParticleVertexFactory.ush" 2121
"../../../Engine/Shaders/Private/LocalVertexFactory.ush" 2122
"../../../Engine/Shaders/Private/GpuSkinCommon.ush" 2123
"../../../Engine/Shaders/Private/GpuSkinVertexFactory.ush" 2124
"../../../Engine/Shaders/Private/GeometryCollectionVertexFactory.ush" 2125
"../../../Engine/Shaders/Private/GeometryCacheVertexFactory.ush" 2126
"../../../Engine/Shaders/Private/LandscapeVertexFactory.ush" 2127
"../../../Engine/Plugins/Experimental/Compositing/CompositeCore/Shaders/Private/CompositeCoreMerge.usf" 2128
"../../../Engine/Shaders/Private/ScreenPass.ush" 2129
"../../../Engine/Shaders/Private/LensDistortion.ush" 2130
"../../../Engine/Plugins/Experimental/Compositing/CompositeCore/Shaders/Private/CompositeCoreDisplayTransform.usf" 2131
"../../../Engine/Plugins/Experimental/Compositing/CompositeCore/Shaders/Private/CompositeCoreDilate.usf" 2132
"../../../Engine/Plugins/Runtime/HairStrands/Shaders/Private/NiagaraCopyVelocityGrid.usf" 2133
"../../../Engine/Plugins/Runtime/HairStrands/Shaders/Private/NiagaraClearVelocityGrid.usf" 2134
"../../../Engine/Plugins/Runtime/HairStrands/Shaders/Private/NiagaraClearPressureGrid.usf" 2135
"../../../Engine/Plugins/Runtime/HairStrands/Shaders/Private/NiagaraInterpolateGroomGuides.usf" 2136
"../../../Engine/Plugins/Runtime/HairStrands/Shaders/Private/NiagaraGroomInterpolationUtils.ush" 2137
"../../../Engine/Plugins/FX/Niagara/Shaders/Private/NiagaraQuaternionUtils.ush" 2138
"../../../Engine/Shaders/Private/HairStrands/HairStrandsMesh.usf" 2139
"../../../Engine/Shaders/Private/HairStrands/HairStrandsBindingCommon.ush" 2140
"../../../Engine/Shaders/Private/HairStrands/HairStrandsFollicleMask.usf" 2141
"../../../Engine/Shaders/Private/HairStrands/HairStrandsSkinUpdate.usf" 2142
"../../../Engine/Shaders/Private/HairStrands/HairStrandsClusterCulling.usf" 2143
"../../../Engine/Shaders/Private/ColorMap.ush" 2144
"../../../Engine/Shaders/Private/HairStrands/HairStrandsAABBCommon.ush" 2145
"../../../Engine/Shaders/Private/HairStrands/HairStrandsClusterCommon.ush" 2146
"../../../Engine/Shaders/Private/ThreadGroupPrefixSum.ush" 2147
"../../../Engine/Shaders/Private/HairStrands/HairStrandsRaytracingGeometry.usf" 2148
"../../../Engine/Shaders/Private/HairStrands/HairStrandsTangent.usf" 2149
"../../../Engine/Shaders/Private/HairStrands/HairCardsDeformation.usf" 2150
"../../../Engine/Shaders/Private/HairStrands/HairStrandsInterpolation.usf" 2151
"../../../Engine/Shaders/Private/HairStrands/HairStrandsGuideDeform.usf" 2152
"../../../Engine/Shaders/Private/HairStrands/HairStrandsTexturesGeneration.usf" 2153
"../../../Engine/Shaders/Private/HairStrands/HairCardsTextureCommon.ush" 2154
"../../../Engine/Shaders/Private/HairStrands/HairStrandsTranscode.usf" 2155
"../../../Engine/Shaders/Private/HairStrands/HairStrandsDebug.usf" 2156
"../../../Engine/Shaders/Private/HairShadingCommon.ush" 2157
"../../../Engine/Shaders/Private/PostProcessCommon.ush" 2158
"../../../Engine/Shaders/Private/ShadingModels.ush" 2159
"../../../Engine/Shaders/Private/CapsuleLight.ush" 2160
"../../../Engine/Shaders/Private/RectLight.ush" 2161
"../../../Engine/Shaders/Private/LightData.ush" 2162
"../../../Engine/Shaders/Shared/LightDefinitions.h" 2163
"../../../Engine/Shaders/Private/AreaLightCommon.ush" 2164
"../../../Engine/Shaders/Private/HairBsdf.ush" 2165
"../../../Engine/Shaders/Private/MobileGGX.ush" 2166
"../../../Engine/Shaders/Private/HairStrands/HairStrandsCommon.ush" 2167
"../../../Engine/Shaders/Private/HairStrands/HairStrandsEnvironmentLightingCommon.ush" 2168
"../../../Engine/Shaders/Private/HairStrands/HairStrandsDeepTransmittanceCommon.ush" 2169
"../../../Engine/Shaders/Private/HairStrands/HairStrandsDeepTransmittanceDualScattering.ush" 2170
"../../../Engine/Shaders/Private/HairStrands/HairStrandsDeepShadowCommon.ush" 2171
"../../../Engine/Shaders/Private/HairStrands/HairStrandsDebugCommonStruct.ush" 2172
"../../../Engine/Plugins/Media/WmfMedia/Shaders/Private/MediaHardwareVideoDecoding.usf" 2173
"../../../Engine/Shaders/Private/ColorUtils.ush" 2174
"../../../Engine/Plugins/Media/ImgMedia/Shaders/Private/ExrSwizzler.usf" 2175
"../../../Engine/Plugins/Experimental/NFORDenoise/Shaders/NFORDenoise.usf" 2176
"../../../Engine/Plugins/Experimental/NFORDenoise/Shaders/NFORRegressionCommon.ush" 2177
"../../../Engine/Plugins/Experimental/NFORDenoise/Shaders/NFORRegression.ush" 2178
"../../../Engine/Plugins/Enterprise/GLTFExporter/Shaders/Private/SimpleTexture2DPS.usf" 2179
"../../../Engine/Shaders/Private/SimpleElementNormalMapPixelShader.usf" 2180
"../../../Engine/Plugins/FX/Niagara/Shaders/Private/NiagaraVertexFactoryExport.usf" 2181
"../../../Engine/Shaders/Private/ComputeShaderUtils.ush" 2182
"../../../Engine/Shaders/Private/MaterialTemplate.ush" 2183
"../../../Engine/Shaders/Private/WorldSpaceMath.ush" 2184
"../../../Engine/Shaders/Private/EyeAdaptationCommon.ush" 2185
"../../../Engine/Shaders/Private/SobolRandom.ush" 2186
"../../../Engine/Shaders/Private/DepthOfFieldCommon.ush" 2187
"../../../Engine/Shaders/Private/CircleDOFCommon.ush" 2188
"../../../Engine/Shaders/Private/DistanceField/GlobalDistanceFieldShared.ush" 2189
"../../../Engine/Shaders/Private/PhysicsFieldSampler.ush" 2190
"../../../Engine/Shaders/Private/PhysicsFieldShared.ush" 2191
"../../../Engine/Shaders/Private/SparseVolumeTexture/SparseVolumeTextureCommon.ush" 2192
"../../../Engine/Shaders/Shared/EnvironmentComponentsFlags.h" 2193
"../../../Engine/Shaders/Private/MeshPaintTextureCommon.ush" 2194
"../../../Engine/Shaders/Private/VirtualTextureMaterial.ush" 2195
"../../../Engine/Shaders/Private/MaterialCache/MaterialCacheMaterialCommon.ush" 2196
"../../../Engine/Shaders/Private/MaterialCache/MaterialCacheABuffer.ush" 2197
"../../../Engine/Shaders/Private/SpeedTreeCommon.ush" 2198
"../../../Engine/Shaders/Private/VirtualTextureCommon.ush" 2199
"../../../Engine/Shaders/Private/MaterialTexture.ush" 2200
"../../../Engine/Shaders/Private/MinMaterialTexCoords.ush" 2201
"../../../Engine/Shaders/Private/SkyAtmosphereCommon.ush" 2202
"../../../Engine/Shaders/Private/SingleLayerWaterCommon.ush" 2203
"../../../Engine/Shaders/Private/TextureSampling.ush" 2204
"../../../Engine/Shaders/Private/PaniniProjection.ush" 2205
"../../../Engine/Shaders/Private/DBufferNormalReprojection.ush" 2206
"../../../Engine/Shaders/Public/SubstratePublic.ush" 2207
"../../../Engine/Shaders/Private/Substrate/SubstrateTree.ush" 2208
"../../../Engine/Shaders/Private/Substrate/SubstrateEvaluation.ush" 2209
"../../../Engine/Shaders/Private/Substrate/Glint/GlintThirdParty.ush" 2210
"../../../Engine/Shaders/Private/BlueNoise.ush" 2211
"../../../Engine/Shaders/Private/SHCommon.ush" 2212
"../../../Engine/Shaders/Private/ShadingModelsSampling.ush" 2213
"../../../Engine/Shaders/Private/HairStrands/HairBsdfSample.ush" 2214
"../../../Engine/Shaders/Private/Substrate/SubstrateLegacyConversion.ush" 2215
"../../../Engine/Shaders/Private/DBufferDecalShared.ush" 2216
"../../../Engine/Plugins/FX/Niagara/Shaders/Private/NiagaraSortKeyGen.usf" 2217
"../../../Engine/Plugins/FX/Niagara/Shaders/Private/NiagaraGPURayTracingTransforms.usf" 2218
"../../../Engine/Plugins/FX/Niagara/Shaders/Private/NiagaraDrawIndirectArgsGen.usf" 2219
"../../../Engine/Plugins/FX/Niagara/Shaders/Private/NiagaraDispatchIndirectArgsGen.usf" 2220
"../../../Engine/Plugins/FX/Niagara/Shaders/Private/Stateless/NiagaraStatelessSimulationDefault.usf" 2221
"../../../Engine/Plugins/FX/Niagara/Shaders/Private/Stateless/NiagaraStatelessSimulationTemplate.ush" 2222
"../../../Engine/Plugins/FX/Niagara/Shaders/Private/Stateless/NiagaraStatelessCommon.ush" 2223
"../../../Engine/Plugins/FX/Niagara/Shaders/Shared/NiagaraStatelessDefinitions.h" 2224
"../../../Engine/Plugins/FX/Niagara/Shaders/Shared/NiagaraStatelessBuiltDistribution.h" 2225
"../../../Engine/Plugins/FX/Niagara/Shaders/Private/Stateless/NiagaraStatelessDistribution.ush" 2226
"../../../Engine/Plugins/FX/Niagara/Shaders/Private/Stateless/Modules/NiagaraStatelessModule_CalculateAccurateVelocity.ush" 2227
"../../../Engine/Plugins/FX/Niagara/Shaders/Private/Stateless/Modules/NiagaraStatelessModule_CameraOffset.ush" 2228
"../../../Engine/Plugins/FX/Niagara/Shaders/Private/Stateless/Modules/NiagaraStatelessModule_DynamicMaterialParameters.ush" 2229
"../../../Engine/Plugins/FX/Niagara/Shaders/Private/Stateless/Modules/NiagaraStatelessModule_InitializeParticle.ush" 2230
"../../../Engine/Plugins/FX/Niagara/Shaders/Private/Stateless/Modules/NiagaraStatelessModule_InitialMeshOrientation.ush" 2231
"../../../Engine/Plugins/FX/Niagara/Shaders/Private/Stateless/Modules/NiagaraStatelessModule_MeshIndex.ush" 2232
"../../../Engine/Plugins/FX/Niagara/Shaders/Private/Stateless/Modules/NiagaraStatelessModule_MeshRotationRate.ush" 2233
"../../../Engine/Plugins/FX/Niagara/Shaders/Private/Stateless/Modules/NiagaraStatelessModule_RotateAroundPoint.ush" 2234
"../../../Engine/Plugins/FX/Niagara/Shaders/Private/Stateless/Modules/NiagaraStatelessModule_ShapeLocation.ush" 2235
"../../../Engine/Plugins/FX/Niagara/Shaders/Private/Stateless/Modules/NiagaraStatelessModule_ScaleColor.ush" 2236
"../../../Engine/Plugins/FX/Niagara/Shaders/Private/Stateless/Modules/NiagaraStatelessModule_ScaleRibbonWidth.ush" 2237
"../../../Engine/Plugins/FX/Niagara/Shaders/Private/Stateless/Modules/NiagaraStatelessModule_ScaleSpriteSize.ush" 2238
"../../../Engine/Plugins/FX/Niagara/Shaders/Private/Stateless/Modules/NiagaraStatelessModule_ScaleSpriteSizeBySpeed.ush" 2239
"../../../Engine/Plugins/FX/Niagara/Shaders/Private/Stateless/Modules/NiagaraStatelessModule_ScaleMeshSize.ush" 2240
"../../../Engine/Plugins/FX/Niagara/Shaders/Private/Stateless/Modules/NiagaraStatelessModule_ScaleMeshSizebySpeed.ush" 2241
"../../../Engine/Plugins/FX/Niagara/Shaders/Private/Stateless/Modules/NiagaraStatelessModule_SolveVelocitiesAndForces.ush" 2242
"../../../Engine/Plugins/FX/Niagara/Shaders/Private/Stateless/Modules/NiagaraStatelessModule_SpriteFacingAndAlignment.ush" 2243
"../../../Engine/Plugins/FX/Niagara/Shaders/Private/Stateless/Modules/NiagaraStatelessModule_SpriteRotationRate.ush" 2244
"../../../Engine/Plugins/FX/Niagara/Shaders/Private/Stateless/Modules/NiagaraStatelessModule_SubUVAnimation.ush" 2245
"../../../Engine/Plugins/FX/Niagara/Shaders/Private/NiagaraBlendSVTsToDenseBuffer.usf" 2246
"../../../Engine/Plugins/FX/Niagara/Shaders/Private/NiagaraSVTToDenseBuffer.usf" 2247
"../../../Engine/Plugins/FX/Niagara/Shaders/Private/NiagaraFillIntBuffer.usf" 2248
"../../../Engine/Plugins/FX/Niagara/Shaders/Private/NiagaraComputeFreeIDs.usf" 2249
"../../../Engine/Plugins/FX/Niagara/Shaders/Private/NiagaraInitFreeIDBuffer.usf" 2250
"../../../Engine/Plugins/FX/Niagara/Shaders/Private/NiagaraEmitterInstanceShader.usf" 2251
"../../../Engine/Plugins/FX/Niagara/Shaders/Private/NiagaraShaderVersion.ush" 2252
"../../../Engine/Plugins/FX/Niagara/Shaders/Private/NiagaraPhysicsCommon.ush" 2253
"../../../Engine/Plugins/FX/Niagara/Shaders/Private/Ribbons/NiagaraRibbonAggregationApply.usf" 2254
"../../../Engine/Plugins/FX/Niagara/Shaders/Private/Ribbons/NiagaraRibbonCommon.ush" 2255
"../../../Engine/Plugins/FX/Niagara/Shaders/Private/Ribbons/NiagaraRibbonAggregationStep.usf" 2256
"../../../Engine/Plugins/FX/Niagara/Shaders/Private/Ribbons/NiagaraRibbonGenerateIndices.usf" 2257
"../../../Engine/Plugins/FX/Niagara/Shaders/Private/Ribbons/NiagaraRibbonInitializeIndices.usf" 2258
"../../../Engine/Plugins/FX/Niagara/Shaders/Private/Ribbons/NiagaraRibbonRibbonUVParamCalculation.usf" 2259
"../../../Engine/Plugins/FX/Niagara/Shaders/Private/Ribbons/NiagaraRibbonVertexReductionFinalization.usf" 2260
"../../../Engine/Plugins/FX/Niagara/Shaders/Private/Ribbons/NiagaraRibbonVertexReductionInitialization.usf" 2261
"../../../Engine/Plugins/FX/Niagara/Shaders/Private/Ribbons/NiagaraRibbonSortParticles.usf" 2262
"../../../Engine/Plugins/FX/Niagara/Shaders/Private/NiagaraLWCHelper.usf" 2263
"../../../Engine/Plugins/FX/Niagara/Shaders/Private/NiagaraUpdateMeshGPUSceneInstances.usf" 2264
"../../../Engine/Shaders/Private/GPUScene/GPUSceneWriter.ush" 2265
"../../../Engine/Plugins/FX/Niagara/Shaders/Private/NiagaraGenerateMips.usf" 2266
"../../../Engine/Plugins/FX/Niagara/Shaders/Private/NiagaraDebugDraw.usf" 2267
"../../../Engine/Plugins/FX/Niagara/Shaders/Private/NiagaraDebugDraw.ush" 2268
"../../../Engine/Plugins/FX/Niagara/Shaders/Private/NiagaraVisualizeTexture.usf" 2269
"../../../Engine/Plugins/FX/Niagara/Shaders/Private/NiagaraClearCounts.usf" 2270
"../../../Engine/Plugins/FX/Niagara/Shaders/Private/NiagaraBatchedElements.usf" 2271
"../../../Engine/Plugins/FX/Niagara/Shaders/Private/NiagaraRayTracingShaders.usf" 2272
"../../../Engine/Plugins/FX/Niagara/Shaders/Private/NiagaraAsyncGpuTraceCommon.ush" 2273
"../../../Engine/Shaders/Private/HashTable.ush" 2274
"../../../Engine/Shaders/Private/Hash.ush" 2275
"../../../Engine/Shaders/Private/RayTracing/VFXTraceRay.ush" 2276
"../../../Engine/Plugins/FX/Niagara/Shaders/Private/NiagaraRayMarchingShaders.usf" 2277
"../../../Engine/Plugins/FX/Niagara/Shaders/Private/NiagaraRayTraceCollisionGroupShaders.usf" 2278
"../../../Engine/Plugins/FX/Niagara/Shaders/Private/NiagaraAsyncGpuTraceUtils.usf" 2279
"../../../Engine/Plugins/Runtime/ComputeFramework/Shaders/Private/ComputeKernel.usf" 2280
"../../../Engine/Plugins/Runtime/ComputeFramework/Shaders/Private/ComputeKernelCommon.ush" 2281
"../../../Engine/Plugins/VirtualProduction/CameraCalibrationCore/Shaders/Private/CrosshairOverlay.usf" 2282
"../../../Engine/Plugins/VirtualProduction/CameraCalibrationCore/Shaders/Private/DisplacementMapBlending.usf" 2283
"../../../Engine/Plugins/VirtualProduction/CameraCalibrationCore/Shaders/Private/RecenterSTDisplacementMaps.usf" 2284
"../../../Engine/Plugins/VirtualProduction/CameraCalibrationCore/Shaders/Private/FillSTDisplacementMap.usf" 2285
"../../../Engine/Plugins/VirtualProduction/CameraCalibrationCore/Shaders/Private/InvertDisplacementMap.usf" 2286
"../../../Engine/Plugins/VirtualProduction/CameraCalibrationCore/Shaders/Private/CropDisplacementMap.usf" 2287
"../../../Engine/Plugins/VirtualProduction/CameraCalibrationCore/Shaders/Private/BlendDisplacementMaps.usf" 2288
"../../../Engine/Plugins/VirtualProduction/CameraCalibrationCore/Shaders/Private/DrawDisplacementMaps.usf" 2289
"../../../Engine/Plugins/VirtualProduction/CameraCalibrationCore/Shaders/Private/UndistortImagePoints.usf" 2290
"../../../Engine/Plugins/VirtualProduction/CameraCalibrationCore/Shaders/Private/DistortionSTMapProcessor.usf" 2291
"../../../Engine/Plugins/NNE/NNEDenoiser/Shaders/NNEDenoiserShadersTransferFunctionOidn.usf" 2292
"../../../Engine/Plugins/NNE/NNEDenoiser/Shaders/NNEDenoiserShadersMappedCopy.usf" 2293
"../../../Engine/Plugins/NNE/NNEDenoiser/Shaders/NNEDenoiserShadersDefaultIOProcess.usf" 2294
"../../../Engine/Plugins/NNE/NNEDenoiser/Shaders/NNEDenoiserShadersAutoExposureReduceFinal.usf" 2295
"../../../Engine/Plugins/NNE/NNEDenoiser/Shaders/NNEDenoiserShadersAutoExposureReduce.usf" 2296
"../../../Engine/Plugins/NNE/NNEDenoiser/Shaders/NNEDenoiserShadersAutoExposureDownsample.usf" 2297
"../../../Engine/Shaders/Private/VirtualTextureAdapter.usf" 2298
"../../../Engine/Shaders/Private/BlockCompressionCommon.ush" 2299
"../../../Engine/Shaders/Private/BCCompressionCommon.ush" 2300
"../../../Engine/Shaders/Private/TranslucentLightingShaders.usf" 2301
"../../../Engine/Shaders/Private/CubemapCommon.ush" 2302
"../../../Engine/Shaders/Private/VectorFieldCompositeShaders.usf" 2303
"../../../Engine/Shaders/Private/UpdateTextureShaders.usf" 2304
"../../../Engine/Shaders/Private/StereoLayerShader.usf" 2305
"../../../Engine/Shaders/Private/SparseVolumeTexture/UpdateSparseVolumeTexture.usf" 2306
"../../../Engine/Shaders/Private/MorphTargets.usf" 2307
"../../../Engine/Shaders/Private/SimpleElementColorChannelMaskPixelShader.usf" 2308
"../../../Engine/Shaders/Private/SimpleElementHitProxyPixelShader.usf" 2309
"../../../Engine/Shaders/Private/SimpleElementPixelShader.usf" 2310
"../../../Engine/Shaders/Private/IESLightProfilesCommon.ush" 2311
"../../../Engine/Shaders/Private/SimpleElementVertexShader.usf" 2312
"../../../Engine/Shaders/Private/ScreenPixelShaderOES.usf" 2313
"../../../Engine/Shaders/Private/ScreenVertexShader.usf" 2314
"../../../Engine/Shaders/Private/ScreenPixelShader.usf" 2315
"../../../Engine/Shaders/Private/SSProfilePreIntegratedMobile.usf" 2316
"../../../Engine/Shaders/Private/SpecularProfile.usf" 2317
"../../../Engine/Shaders/Private/Nanite/NaniteStreaming.usf" 2318
"../../../Engine/Shaders/Private/Nanite/NaniteStreaming.ush" 2319
"../../../Engine/Shaders/Private/Nanite/NaniteTranscode.usf" 2320
"../../../Engine/Shaders/Private/VolumetricLightmapStreaming.usf" 2321
"../../../Engine/Shaders/Private/PhysicsFieldReset.usf" 2322
"../../../Engine/Shaders/Private/PhysicsFieldBuilder.usf" 2323
"../../../Engine/Shaders/Private/PhysicsFieldEval.ush" 2324
"../../../Engine/Shaders/Private/ParticleSortKeyGen.usf" 2325
"../../../Engine/Shaders/Private/ParticleBoundsShader.usf" 2326
"../../../Engine/Shaders/Private/ParticleSimVisualizeShader.usf" 2327
"../../../Engine/Shaders/Private/ParticleInjectionShader.usf" 2328
"../../../Engine/Shaders/Private/ParticleSimulationShader.usf" 2329
"../../../Engine/Shaders/Private/ParticleCurveInjectionShader.usf" 2330
"../../../Engine/Shaders/Private/CopyUIntBuffer.usf" 2331
"../../../Engine/Shaders/Private/RadixSortShaders.usf" 2332
"../../../Engine/Shaders/Private/RecomputeTangentsPerVertexPass.usf" 2333
"../../../Engine/Shaders/Private/RecomputeTangentsCommon.ush" 2334
"../../../Engine/Shaders/Private/RecomputeTangentsPerTrianglePass.usf" 2335
"../../../Engine/Shaders/Private/GpuSkinCacheComputeShader.usf" 2336
"../../../Engine/Shaders/Private/HeightFieldAtlasManagement.usf" 2337
"../../../Engine/Shaders/Private/Landscape/LandscapeEditLayersUtils.usf" 2338
"../../../Engine/Shaders/Private/Landscape/LandscapeCommon.ush" 2339
"../../../Engine/Shaders/Private/Landscape/LandscapeEditLayersWeightmaps.usf" 2340
"../../../Engine/Shaders/Private/Landscape/LandscapeEditLayersHeightmaps.usf" 2341
"../../../Engine/Shaders/Private/Landscape/LandscapeLayersWeightmapsPS.usf" 2342
"../../../Engine/Shaders/Private/Landscape/LandscapeLayersHeightmapsPS.usf" 2343
"../../../Engine/Shaders/Private/LandscapeLayersCS.usf" 2344
"../../../Engine/Shaders/Private/LandscapeLayersPS.usf" 2345
"../../../Engine/Shaders/Private/LandscapeLayersVS.usf" 2346
"../../../Engine/Shaders/Private/LandscapePhysicalMaterial.usf" 2347
"../../../Engine/Shaders/Private/LandscapeGrassWeight.usf" 2348
"../../../Engine/Shaders/Private/Landscape/LandscapeCulling.usf" 2349
"../../../Engine/Shaders/Private/Nanite/NaniteHZBCull.ush" 2350
"../../../Engine/Shaders/Private/HZB.ush" 2351
"../../../Engine/Shaders/Private/Landscape/LandscapeMergeTexturesPS.usf" 2352
"../../../Engine/Shaders/Private/WideCustomResolveShaders.usf" 2353
"../../../Engine/Shaders/Private/WideCustomResolve_Wide.ush" 2354
"../../../Engine/Shaders/Private/WideCustomResolve_Wider.ush" 2355
"../../../Engine/Shaders/Private/WideCustomResolve_Widest.ush" 2356
"../../../Engine/Shaders/Private/WaterInfoTextureBlur.usf" 2357
"../../../Engine/Shaders/Private/WaterInfoTextureMerge.usf" 2358
"../../../Engine/Shaders/Private/PageTableUpdate.usf" 2359
"../../../Engine/Shaders/Private/VirtualTextureCompress.usf" 2360
"../../../Engine/Shaders/Private/ASTCCompressionCommon.ush" 2361
"../../../Engine/Shaders/Private/IntegerSequenceEncoding.ush" 2362
"../../../Engine/Shaders/Private/ETCCompressionCommon.ush" 2363
"../../../Engine/Shaders/Private/VirtualTextureMaterial.usf" 2364
"../../../Engine/Shaders/Private/PixelShaderOutputCommon.ush" 2365
"../../../Engine/Shaders/Private/ShaderOutputCommon.ush" 2366
"../../../Engine/Shaders/Private/VolumetricRenderTarget.usf" 2367
"../../../Engine/Shaders/Private/HeightFogCommon.ush" 2368
"../../../Engine/Shaders/Private/LocalFogVolumes/LocalFogVolumeCommon.ush" 2369
"../../../Engine/Shaders/Private/ReflectionEnvironmentShared.ush" 2370
"../../../Engine/Shaders/Private/VolumetricFogVoxelization.usf" 2371
"../../../Engine/Shaders/Private/VolumetricCloudMaterialPixelCommon.ush" 2372
"../../../Engine/Shaders/Private/VolumetricFogLightFunction.usf" 2373
"../../../Engine/Shaders/Private/LightFunctionCommon.ush" 2374
"../../../Engine/Shaders/Private/VolumetricFog.usf" 2375
"../../../Engine/Shaders/Private/DeferredLightingCommon.ush" 2376
"../../../Engine/Shaders/Private/DynamicLightingCommon.ush" 2377
"../../../Engine/Shaders/Private/CapsuleLightIntegrate.ush" 2378
"../../../Engine/Shaders/Private/CapsuleLightSampling.ush" 2379
"../../../Engine/Shaders/Private/RectLightIntegrate.ush" 2380
"../../../Engine/Shaders/Private/ScreenSpaceShadowRayCast.ush" 2381
"../../../Engine/Shaders/Private/LightFunctionAtlas/LightFunctionAtlasCommon.usf" 2382
"../../../Engine/Shaders/Private/HeterogeneousVolumes/HeterogeneousVolumesAdaptiveVolumetricShadowMapSampling.ush" 2383
"../../../Engine/Shaders/Private/HeterogeneousVolumes/HeterogeneousVolumesAdaptiveVolumetricShadowMapUtils.ush" 2384
"../../../Engine/Shaders/Private/HeterogeneousVolumes/HeterogeneousVolumesRayMarchingUtils.ush" 2385
"../../../Engine/Shaders/Private/HeterogeneousVolumes/HeterogeneousVolumesRayMarchingTypes.ush" 2386
"../../../Engine/Shaders/Private/PathTracing/Utilities/PathTracingRandomSequence.ush" 2387
"../../../Engine/Shaders/Private/HeterogeneousVolumes/HeterogeneousVolumesTracingUtils.ush" 2388
"../../../Engine/Shaders/Private/VelocityCommon.ush" 2389
"../../../Engine/Shaders/Private/HeterogeneousVolumes/HeterogeneousVolumesTransmittanceVolumeUtils.ush" 2390
"../../../Engine/Shaders/Private/ForwardShadowingCommon.ush" 2391
"../../../Engine/Shaders/Private/ShadowFilteringCommon.ush" 2392
"../../../Engine/Shaders/Private/PixelQuadMessagePassing.ush" 2393
"../../../Engine/Shaders/Private/VolumeLightingCommon.ush" 2394
"../../../Engine/Shaders/Private/ShadowProjectionCommon.ush" 2395
"../../../Engine/Shaders/Private/VolumeLightingCommonSampling.ush" 2396
"../../../Engine/Shaders/Private/Lumen/LumenTranslucencyVolumeShared.ush" 2397
"../../../Engine/Shaders/Private/Lumen/LumenRadianceCacheInterpolation.ush" 2398
"../../../Engine/Shaders/Private/HeterogeneousVolumes/HeterogeneousVolumesAdaptiveVolumetricShadowMapSampler.ush" 2399
"../../../Engine/Shaders/Private/LightGridCommon.ush" 2400
"../../../Engine/Shaders/Private/DistanceFieldAOShared.ush" 2401
"../../../Engine/Shaders/Private/IntersectionUtils.ush" 2402
"../../../Engine/Shaders/Private/VolumetricLightmapShared.ush" 2403
"../../../Engine/Shaders/Private/LightDataUniforms.ush" 2404
"../../../Engine/Shaders/Private/VirtualShadowMaps/VirtualShadowMapProjectionCommon.ush" 2405
"../../../Engine/Shaders/Private/VirtualShadowMaps/VirtualShadowMapPageAccessCommon.ush" 2406
"../../../Engine/Shaders/Shared/VirtualShadowMapDefinitions.h" 2407
"../../../Engine/Shaders/Shared/HLSLMathAliases.h" 2408
"../../../Engine/Shaders/Private/VirtualShadowMaps/VirtualShadowMapProjectionStructs.ush" 2409
"../../../Engine/Shaders/Private/VolumetricCloudCommon.ush" 2410
"../../../Engine/Shaders/Private/VolumetricCloud.usf" 2411
"../../../Engine/Shaders/Private/VisualizeVolumetricLightmap.usf" 2412
"../../../Engine/Shaders/Private/VirtualShadowMaps/VirtualShadowMapProjectionComposite.usf" 2413
"../../../Engine/Shaders/Private/LightShaderParameters.ush" 2414
"../../../Engine/Shaders/Private/VirtualShadowMaps/VirtualShadowMapMaskBitsCommon.ush" 2415
"../../../Engine/Shaders/Private/VirtualShadowMaps/VirtualShadowMapLightGrid.ush" 2416
"../../../Engine/Shaders/Private/VirtualShadowMaps/VirtualShadowMapProjection.usf" 2417
"../../../Engine/Shaders/Private/Visualization.ush" 2418
"../../../Engine/Shaders/Private/VirtualShadowMaps/VirtualShadowMapProjectionFilter.ush" 2419
"../../../Engine/Shaders/Private/VirtualShadowMaps/VirtualShadowMapProjectionDirectional.ush" 2420
"../../../Engine/Shaders/Private/VirtualShadowMaps/VirtualShadowMapSMRTCommon.ush" 2421
"../../../Engine/Shaders/Private/VirtualShadowMaps/VirtualShadowMapSMRTTemplate.ush" 2422
"../../../Engine/Shaders/Private/VirtualShadowMaps/VirtualShadowMapProjectionSpot.ush" 2423
"../../../Engine/Shaders/Private/VirtualShadowMaps/VirtualShadowMapTransmissionCommon.ush" 2424
"../../../Engine/Shaders/Private/VirtualShadowMaps/VirtualShadowMapScreenRayTrace.ush" 2425
"../../../Engine/Shaders/Private/VirtualShadowMaps/VirtualShadowMapStats.ush" 2426
"../../../Engine/Shaders/Private/HairStrands/HairStrandsVoxelPageCommon.ush" 2427
"../../../Engine/Shaders/Private/HairStrands/HairStrandsVoxelPageTraversal.ush" 2428
"../../../Engine/Shaders/Private/VirtualShadowMaps/VirtualShadowMapCacheGPUInvalidation.usf" 2429
"../../../Engine/Shaders/Private/VirtualShadowMaps/VirtualShadowMapPageCacheCommon.ush" 2430
"../../../Engine/Shaders/Private/VirtualShadowMaps/VirtualShadowMapCacheInvalidation.ush" 2431
"../../../Engine/Shaders/Private/VirtualShadowMaps/VirtualShadowMapPageOverlap.ush" 2432
"../../../Engine/Shaders/Private/ScreenSpaceDenoise/SSDDefinitions.ush" 2433
"../../../Engine/Shaders/Private/InstanceCulling/InstanceCullingLoadBalancer.ush" 2434
"../../../Engine/Shaders/Private/VirtualShadowMaps/VirtualShadowMapCacheLoadBalancer.usf" 2435
"../../../Engine/Shaders/Private/VirtualShadowMaps/VirtualShadowMapCopyStats.usf" 2436
"../../../Engine/Shaders/Private/VirtualShadowMaps/VirtualShadowMapDebug.usf" 2437
"../../../Engine/Shaders/Private/VirtualShadowMaps/Desaturate.usf" 2438
"../../../Engine/Shaders/Private/VirtualShadowMaps/VirtualShadowMapPhysicalPageManagement.usf" 2439
"../../../Engine/Shaders/Private/ReductionCommon.ush" 2440
"../../../Engine/Shaders/Private/GPUMessaging.ush" 2441
"../../../Engine/Shaders/Private/VirtualShadowMaps/VirtualShadowMapPerPageDispatch.ush" 2442
"../../../Engine/Shaders/Private/VirtualShadowMaps/VirtualShadowMapCompactViews.usf" 2443
"../../../Engine/Shaders/Shared/SceneCullingDefinitions.h" 2444
"../../../Engine/Shaders/Private/VirtualShadowMaps/VirtualShadowMapBuildPerPageDrawCommands.usf" 2445
"../../../Engine/Shaders/Private/Nanite/NaniteCullingCommon.ush" 2446
"../../../Engine/Shaders/Private/Nanite/NaniteCulling.ush" 2447
"../../../Engine/Shaders/Private/Nanite/NaniteHierarchyTraversalCommon.ush" 2448
"../../../Engine/Shaders/Private/InstanceCulling/InstanceCullingCommon.ush" 2449
"../../../Engine/Shaders/Shared/InstanceCullingDefinitions.h" 2450
"../../../Engine/Shaders/Private/VirtualShadowMaps/VirtualShadowMapPrintStats.usf" 2451
"../../../Engine/Shaders/Private/VirtualShadowMaps/VirtualShadowMapPageManagement.usf" 2452
"../../../Engine/Shaders/Private/VirtualShadowMaps/VirtualShadowMapPageMarking.usf" 2453
"../../../Engine/Shaders/Shared/SingleLayerWaterDefinitions.h" 2454
"../../../Engine/Shaders/Private/HairStrands/HairStrandsTileCommon.ush" 2455
"../../../Engine/Shaders/Private/Froxel/Froxel.ush" 2456
"../../../Engine/Shaders/Shared/FroxelDefinitions.h" 2457
"../../../Engine/Shaders/Private/DiaphragmDOF/DOFCommon.ush" 2458
"../../../Engine/Shaders/Private/VariableRateShading/VRSShadingRatePreview.usf" 2459
"../../../Engine/Shaders/Private/VariableRateShading/VRSShadingRateCommon.ush" 2460
"../../../Engine/Shaders/Private/VariableRateShading/VRSShadingRateCombine.usf" 2461
"../../../Engine/Shaders/Private/VariableRateShading/VRSShadingRateFoveated.usf" 2462
"../../../Engine/Shaders/Private/VariableRateShading/VRSShadingRateReproject.usf" 2463
"../../../Engine/Shaders/Private/VariableRateShading/VRSShadingRateCalculate.usf" 2464
"../../../Engine/Shaders/Private/TranslucencyUpsampling.usf" 2465
"../../../Engine/Shaders/Private/ComposeSeparateTranslucency.usf" 2466
"../../../Engine/Shaders/Private/SeparateTranslucency.ush" 2467
"../../../Engine/Shaders/Private/TranslucentLightInjectionShaders.usf" 2468
"../../../Engine/Shaders/Private/TranslucentShadowDepthShaders.usf" 2469
"../../../Engine/Shaders/Private/ShadowDepthCommon.ush" 2470
"../../../Engine/Shaders/Private/RayTracing/RayTracingTest.usf" 2471
"../../../Engine/Shaders/Private/PostprocessSubsurfaceTile.usf" 2472
"../../../Engine/Shaders/Private/PostProcessSubsurfaceCommon.ush" 2473
"../../../Engine/Shaders/Private/Substrate/SubstrateVisualize.usf" 2474
"../../../Engine/Shaders/Private/Substrate/SubstrateTile.ush" 2475
"../../../Engine/Shaders/Shared/SubstrateVisualizeDefinitions.h" 2476
"../../../Engine/Shaders/Private/Substrate/SubstrateVisualizeCommon.ush" 2477
"../../../Engine/Shaders/Private/SkyLightingDiffuseShared.ush" 2478
"../../../Engine/Shaders/Private/SkyLightingShared.ush" 2479
"../../../Engine/Shaders/Private/ClearCoatCommon.ush" 2480
"../../../Engine/Shaders/Private/ReflectionEnvironmentComposite.ush" 2481
"../../../Engine/Shaders/Private/Substrate/SubstrateLightingCommon.ush" 2482
"../../../Engine/Shaders/Private/Substrate/SubstrateRoughRefraction.usf" 2483
"../../../Engine/Shaders/Private/PathTracing/Material/PathTracingFresnel.ush" 2484
"../../../Engine/Shaders/Private/PathTracing/Material/PathTracingGlossy.ush" 2485
"../../../Engine/Shaders/Private/Substrate/SubstrateMaterialSampling.usf" 2486
"../../../Engine/Shaders/Private/Substrate/SubstrateMaterialSampling.ush" 2487
"../../../Engine/Shaders/Private/Lumen/LumenPosition.ush" 2488
"../../../Engine/Shaders/Private/Substrate/SubstrateTile.usf" 2489
"../../../Engine/Shaders/Private/Substrate/SubstrateMaterialClassification.usf" 2490
"../../../Engine/Shaders/Private/Substrate/SubstrateDBuffer.usf" 2491
"../../../Engine/Shaders/Private/StochasticLighting/StochasticLightingDenoising.usf" 2492
"../../../Engine/Shaders/Private/Lumen/LumenMaterial.ush" 2493
"../../../Engine/Shaders/Private/StochasticLighting/StochasticLightingCommon.ush" 2494
"../../../Engine/Shaders/Private/SplineMeshSceneTexture.usf" 2495
"../../../Engine/Shaders/Private/SparseVolumeTexture/VisualizeSparseVolumeTexture.usf" 2496
"../../../Engine/Shaders/Private/SkyAtmosphere.usf" 2497
"../../../Engine/Shaders/Private/Skinning/SkinnedMeshDebug.usf" 2498
"../../../Engine/Shaders/Private/Skinning/AnimBankEval.usf" 2499
"../../../Engine/Shaders/Private/SingleLayerWaterComposite.usf" 2500
"../../../Engine/Shaders/Private/Froxel/FroxelBuild.ush" 2501
"../../../Engine/Shaders/Private/SingleLayerWaterRefractionCulling.usf" 2502
"../../../Engine/Shaders/Private/ScreenSpaceShadows.usf" 2503
"../../../Engine/Shaders/Private/bend_sss_gpu.ush" 2504
"../../../Engine/Shaders/Private/ShadowFactorsUpsampleCommon.ush" 2505
"../../../Engine/Shaders/Private/FirstPersonSelfShadow.usf" 2506
"../../../Engine/Shaders/Private/HZBTracing.ush" 2507
"../../../Engine/Shaders/Private/ShadowProjectionVertexShader.usf" 2508
"../../../Engine/Shaders/Private/ShadowProjectionPixelShader.usf" 2509
"../../../Engine/Shaders/Private/MobileLightingCommon.ush" 2510
"../../../Engine/Shaders/Private/PlanarReflectionShared.ush" 2511
"../../../Engine/Shaders/Private/MobileSSR.ush" 2512
"../../../Engine/Shaders/Private/SSRT/SSRTRayCast.ush" 2513
"../../../Engine/Shaders/Private/ShadowPercentageCloserFiltering.ush" 2514
"../../../Engine/Shaders/Private/TransmissionThickness.ush" 2515
"../../../Engine/Shaders/Private/CopyShadowMaps.usf" 2516
"../../../Engine/Shaders/Private/ShadowDepthPixelShader.usf" 2517
"../../../Engine/Shaders/Private/ShadowDepthVertexShader.usf" 2518
"../../../Engine/Shaders/Private/ShadingEnergyConservationTable.usf" 2519
"../../../Engine/Shaders/Shared/PathTracingDefinitions.h" 2520
"../../../Engine/Shaders/Private/ShadingFurnaceTest.usf" 2521
"../../../Engine/Shaders/Private/Substrate/SubstrateDeferredLighting.ush" 2522
"../../../Engine/Shaders/Private/ShaderPrintDraw.usf" 2523
"../../../Engine/Shaders/Private/ShaderPrintDrawPrimitive.usf" 2524
"../../../Engine/Shaders/Private/DefaultSSRTiles.usf" 2525
"../../../Engine/Shaders/Private/ScreenSpaceReflectionTileCommons.ush" 2526
"../../../Engine/Shaders/Private/SSRT/SSRTDiffuseIndirect.usf" 2527
"../../../Engine/Shaders/Private/SSRT/SSRTTileClassificationBuffer.ush" 2528
"../../../Engine/Shaders/Private/SSRT/SSRTReflections.usf" 2529
"../../../Engine/Shaders/Private/ScreenSpaceDenoise/SSDPublic.ush" 2530
"../../../Engine/Shaders/Private/SSRT/SSRTTileClassification.usf" 2531
"../../../Engine/Shaders/Private/SSRT/SSRTPrevFrameReduction.usf" 2532
"../../../Engine/Shaders/Private/ScreenSpaceDenoise/SSDComposeHarmonics.usf" 2533
"../../../Engine/Shaders/Private/ScreenSpaceDenoise/SSDPublicHarmonics.ush" 2534
"../../../Engine/Shaders/Private/ScreenSpaceDenoise/SSDSignalFramework.ush" 2535
"../../../Engine/Shaders/Private/ScreenSpaceDenoise/SSDCommon.ush" 2536
"../../../Engine/Shaders/Private/SphericalGaussian.ush" 2537
"../../../Engine/Shaders/Public/WaveBroadcastIntrinsics.ush" 2538
"../../../Engine/Shaders/Private/ScreenSpaceDenoise/SSDMetadata.ush" 2539
"../../../Engine/Shaders/Private/ScreenSpaceDenoise/SSDSignalCore.ush" 2540
"../../../Engine/Shaders/Private/ScreenSpaceDenoise/DenoisingCommon.ush" 2541
"../../../Engine/Shaders/Private/ScreenSpaceDenoise/SSDSignalArray.ush" 2542
"../../../Engine/Shaders/Private/ScreenSpaceDenoise/SSDSignalBufferEncoding.ush" 2543
"../../../Engine/Shaders/Private/ScreenSpaceDenoise/SSDPublicBufferEncoding.ush" 2544
"../../../Engine/Shaders/Private/Lumen/LumenBufferEncoding.ush" 2545
"../../../Engine/Shaders/Private/ScreenSpaceDenoise/SSDTemporalAccumulation.usf" 2546
"../../../Engine/Shaders/Private/ScreenSpaceDenoise/SSDSpatialKernel.ush" 2547
"../../../Engine/Shaders/Private/ScreenSpaceDenoise/SSDSignalAccumulatorArray.ush" 2548
"../../../Engine/Shaders/Private/ScreenSpaceDenoise/SSDSignalAccumulator.ush" 2549
"../../../Engine/Shaders/Private/ScreenSpaceDenoise/SSDSignalCompression.ush" 2550
"../../../Engine/Shaders/Private/ScreenSpaceDenoise/SSDSpatialAccumulation.usf" 2551
"../../../Engine/Shaders/Private/ScreenSpaceDenoise/SSDInjest.usf" 2552
"../../../Engine/Shaders/Private/ScreenSpaceDenoise/SSDCompressMetadata.usf" 2553
"../../../Engine/Shaders/Private/DownsampleDepthPixelShader.usf" 2554
"../../../Engine/Shaders/Private/ScreenPass.usf" 2555
"../../../Engine/Shaders/Private/HZB.usf" 2556
"../../../Engine/Shaders/Private/OcclusionFeedbackShaders.usf" 2557
"../../../Engine/Shaders/Private/HZBOcclusion.usf" 2558
"../../../Engine/Shaders/Private/OcclusionQueryPixelShader.usf" 2559
"../../../Engine/Shaders/Private/OcclusionQueryVertexShader.usf" 2560
"../../../Engine/Shaders/Private/HitProxyCopy.usf" 2561
"../../../Engine/Shaders/Private/HitProxyPixelShader.usf" 2562
"../../../Engine/Shaders/Private/HitProxyVertexShader.usf" 2563
"../../../Engine/Shaders/Private/SceneCulling/SceneCullingDebugRender.usf" 2564
"../../../Engine/Shaders/Private/SceneCulling/SceneCulling.ush" 2565
"../../../Engine/Shaders/Private/SceneCulling/SceneCullingBuildExplicitBounds.usf" 2566
"../../../Engine/Shaders/Private/SceneCapturePixelShader.usf" 2567
"../../../Engine/Shaders/Private/RendererUtils.usf" 2568
"../../../Engine/Shaders/Private/RTWriteMaskDecode.usf" 2569
"../../../Engine/Shaders/Private/ReflectionEnvironmentShaders.usf" 2570
"../../../Engine/Shaders/Private/RectLightAtlas.usf" 2571
"../../../Engine/Shaders/Private/RayTracing/TraceRayInlineStatistics.usf" 2572
"../../../Engine/Shaders/Private/RayTracing/CompositeSkyLightPS.usf" 2573
"../../../Engine/Shaders/Private/RayTracing/GenerateSkyLightVisibilityRaysCS.usf" 2574
"../../../Engine/Shaders/Private/RayTracing/RayTracingSkyLightCommon.ush" 2575
"../../../Engine/Shaders/Private/RayTracing/SkyLightVisibilityRaysData.ush" 2576
"../../../Engine/Shaders/Private/Raytracing/RaytracingSkylightRGS.usf" 2577
"../../../Engine/Shaders/Private/HairStrands/HairStrandsRaytracing.ush" 2578
"../../../Engine/Shaders/Private/Raytracing/RayTracingSkyLightEvaluation.ush" 2579
"../../../Engine/Shaders/Private/Raytracing/RayTracingDeferredShadingCommon.ush" 2580
"../../../Engine/Shaders/Private/RayTracing/RayTracingOcclusionRGS.usf" 2581
"../../../Engine/Shaders/Private/RayTracing/RayTracingDirectionalLight.ush" 2582
"../../../Engine/Shaders/Private/RayTracing/RayTracingRectLight.ush" 2583
"../../../Engine/Shaders/Private/RayTracing/RayTracingSphereLight.ush" 2584
"../../../Engine/Shaders/Private/RayTracing/RayTracingCapsuleLight.ush" 2585
"../../../Engine/Shaders/Private/Raytracing/RayTracingFeedback.usf" 2586
"../../../Engine/Shaders/Shared/RayTracingDebugTypes.h" 2587
"../../../Engine/Shaders/Private/RayTracing/RayTracingPrimaryRays.usf" 2588
"../../../Engine/Shaders/Private/RayTracing/RayTracingLightingCommon.ush" 2589
"../../../Engine/Shaders/Private/RayTracing/RayTracingLightCullingCommon.ush" 2590
"../../../Engine/Shaders/Private/RayTracing/RayTracingMaterialDefaultHitShaders.usf" 2591
"../../../Engine/Shaders/Private/RayTracing/RayTracingMaterialHitShaders.usf" 2592
"../../../Engine/Shaders/Private/RayTracing/RayTracingShaderUtils.ush" 2593
"../../../Engine/Shaders/Private/RayTracing/RayTracingCalcInterpolants.ush" 2594
"../../../Engine/Shaders/Private/LightmapCommon.ush" 2595
"../../../Engine/Shaders/Private/Lumen/LumenHardwareRayTracingPayloadCommon.ush" 2596
"../../../Engine/Shaders/Shared/LumenDefinitions.h" 2597
"../../../Engine/Shaders/Private/Substrate/SubstrateExport.ush" 2598
"../../../Engine/Shaders/Private/RayTracing/RayTracingLightingMS.usf" 2599
"../../../Engine/Shaders/Private/Lumen/LumenDiffuseColorBoost.ush" 2600
"../../../Engine/Shaders/Private/RayTracing/RayTracingLightFunctionCommon.ush" 2601
"../../../Engine/Shaders/Private/RayTracing/RayTracingBuildLightGrid.usf" 2602
"../../../Engine/Shaders/Private/Raytracing/RayTracingInstanceBufferUtil.usf" 2603
"../../../Engine/Shaders/Private/RayTracing/RayTracingDynamicMesh.usf" 2604
"../../../Engine/Shaders/Private/RayTracing/RayTracingDefaultDecalHitShader.usf" 2605
"../../../Engine/Shaders/Private/RayTracing/RayTracingDecalMaterialShader.usf" 2606
"../../../Engine/Shaders/Private/PathTracing/PathTracingShaderUtils.ush" 2607
"../../../Engine/Shaders/Private/PathTracing/PathTracingCommon.ush" 2608
"../../../Engine/Shaders/Private/PathTracing/Material/PathTracingMaterialCommon.ush" 2609
"../../../Engine/Shaders/Private/PathTracing/Utilities/PathTracingRIS.ush" 2610
"../../../Engine/Shaders/Private/RayTracing/RayTracingBuildDecalGrid.usf" 2611
"../../../Engine/Shaders/Private/RayTracing/RayTracingDebugHitStatsUtils.usf" 2612
"../../../Engine/Shaders/Private/RayTracing/RayTracingDebugInstanceOverlap.usf" 2613
"../../../Engine/Shaders/Private/RayTracing/RayTracingDebugPicking.usf" 2614
"../../../Engine/Shaders/Private/RayTracing/RayTracingDebugUtils.ush" 2615
"../../../Engine/Shaders/Private/RayTracing/RayTracingDebugTraversal.usf" 2616
"../../../Engine/Shaders/Private/RayTracing/RayTracingDeferredMaterials.ush" 2617
"../../../Engine/Shaders/Shared/ThirdParty/AMD/ags_shader_intrinsics_dx12.h" 2618
"../../../Engine/Shaders/Shared/RayTracingDebugDefinitions.h" 2619
"../../../Engine/Shaders/Private/RayTracing/RayTracingDebugHitStatsCHS.usf" 2620
"../../../Engine/Shaders/Private/RayTracing/RayTracingDebugHitStats.usf" 2621
"../../../Engine/Shaders/Private/RayTracing/RayTracingDebugMS.usf" 2622
"../../../Engine/Shaders/Private/RayTracing/RayTracingDebugCHS.usf" 2623
"../../../Engine/Shaders/Private/RayTracing/RayTracingDebug.usf" 2624
"../../../Engine/Shaders/Private/RayTracing/RayTracingBuiltInShaders.usf" 2625
"../../../Engine/Shaders/Private/RayTracing/RayTracingBarycentrics.usf" 2626
"../../../Engine/Shaders/Private/RayTracing/RayTracingAmbientOcclusionRGS.usf" 2627
"../../../Engine/Shaders/Private/VisualizeShadingModels.usf" 2628
"../../../Engine/Shaders/Private/MotionBlur/VisualizeMotionVectors.usf" 2629
"../../../Engine/Shaders/Private/TemporalSuperResolution/TSRVisualize.usf" 2630
"../../../Engine/Shaders/Private/TemporalSuperResolution/TSRColorSpace.ush" 2631
"../../../Engine/Shaders/Private/TemporalSuperResolution/TSRCommon.ush" 2632
"../../../Engine/Shaders/Public/DualPixelVectorization.ush" 2633
"../../../Engine/Shaders/Private/TemporalSuperResolution/TSRReprojectionField.ush" 2634
"../../../Engine/Shaders/Private/TemporalSuperResolution/TSRResolveHistory.usf" 2635
"../../../Engine/Shaders/Private/TemporalSuperResolution/TSRConvolutionNetwork.ush" 2636
"../../../Engine/Shaders/Private/TemporalSuperResolution/TSRKernels.ush" 2637
"../../../Engine/Shaders/Public/LaneVectorization.ush" 2638
"../../../Engine/Shaders/Private/TemporalSuperResolution/TSRUpdateHistory.usf" 2639
"../../../Engine/Shaders/Private/TemporalSuperResolution/TSRSpatialAntiAliasing.ush" 2640
"../../../Engine/Shaders/Private/TemporalSuperResolution/TSRSpatialAntiAliasing.usf" 2641
"../../../Engine/Shaders/Private/TemporalSuperResolution/TSRRejectShading.usf" 2642
"../../../Engine/Shaders/Private/TemporalSuperResolution/TSRShadingAnalysis.ush" 2643
"../../../Engine/Shaders/Private/TemporalSuperResolution/TSRConvolutionNetworkPass.ush" 2644
"../../../Engine/Shaders/Private/TemporalSuperResolution/TSRDecimateHistory.usf" 2645
"../../../Engine/Shaders/Private/TemporalSuperResolution/TSRDepthVelocityAnalysis.ush" 2646
"../../../Engine/Shaders/Private/TemporalSuperResolution/TSRClosestOccluder.ush" 2647
"../../../Engine/Shaders/Private/TemporalSuperResolution/TSRWeightRelaxation.usf" 2648
"../../../Engine/Shaders/Private/TemporalSuperResolution/TSRThinGeometryCommon.ush" 2649
"../../../Engine/Shaders/Private/TemporalSuperResolution/TSRDetectThinGeometry.usf" 2650
"../../../Engine/Shaders/Private/TemporalSuperResolution/TSRDilateVelocity.usf" 2651
"../../../Engine/Shaders/Private/MotionBlur/MotionBlurVelocityFlatten.ush" 2652
"../../../Engine/Shaders/Private/MotionBlur/MotionBlurCommon.ush" 2653
"../../../Engine/Shaders/Private/TemporalSuperResolution/TSRClearPrevTextures.usf" 2654
"../../../Engine/Shaders/Private/TemporalSuperResolution/TSRMeasureCoverage.usf" 2655
"../../../Engine/Shaders/Private/TemporalSuperResolution/TSRMeasureFlickeringLuma.usf" 2656
"../../../Engine/Shaders/Private/TemporalAA.usf" 2657
"../../../Engine/Shaders/Private/FilterPixelShader.usf" 2658
"../../../Engine/Shaders/Private/FilterVertexShader.usf" 2659
"../../../Engine/Shaders/Private/VisualizeVirtualTexture.usf" 2660
"../../../Engine/Shaders/Private/PostProcessVisualizeBuffer.usf" 2661
"../../../Engine/Shaders/Private/PostProcessVisualizeLocalExposure.usf" 2662
"../../../Engine/Shaders/Private/PostProcessHistogramCommon.ush" 2663
"../../../Engine/Shaders/Private/TonemapCommon.ush" 2664
"../../../Engine/Shaders/Private/ACES/ACESCommon.ush" 2665
"../../../Engine/Shaders/Private/ACES/ACESOutputTransform.ush" 2666
"../../../Engine/Shaders/Private/ACES/ACESUtilities.ush" 2667
"../../../Engine/Shaders/Private/ACES/ACESTonescale.ush" 2668
"../../../Engine/Shaders/Private/ACES/ACESDisplayEncoding.ush" 2669
"../../../Engine/Shaders/Private/ACES/ACES_v1.3.ush" 2670
"../../../Engine/Shaders/Private/PostProcessVisualizeLevelInstance.usf" 2671
"../../../Engine/Shaders/Private/PostProcessVisualizeHDR.usf" 2672
"../../../Engine/Shaders/Private/ShaderComplexityApplyPixelShader.usf" 2673
"../../../Engine/Shaders/Private/QuadOverdraw.ush" 2674
"../../../Engine/Shaders/Private/PostProcessUpscale.usf" 2675
"../../../Engine/Shaders/Private/PostProcessTonemap.usf" 2676
"../../../Engine/Shaders/Private/PostProcessing/FilmGrainPackConstants.usf" 2677
"../../../Engine/Shaders/Private/PostProcessing/FilmGrainReduce.usf" 2678
"../../../Engine/Shaders/Private/PostProcessTestImage.usf" 2679
"../../../Engine/Shaders/Private/PostProcessSubsurface.usf" 2680
"../../../Engine/Shaders/Private/SeparableSSS.ush" 2681
"../../../Engine/Shaders/Private/SubsurfaceBurleyNormalized.ush" 2682
"../../../Engine/Shaders/Private/PostProcessSelectionOutline.usf" 2683
"../../../Engine/Shaders/Private/MotionBlur/MotionBlurVisualize.usf" 2684
"../../../Engine/Shaders/Private/MotionBlur/MotionBlurApply.usf" 2685
"../../../Engine/Shaders/Private/MotionBlur/MotionBlurFilterTileClassify.usf" 2686
"../../../Engine/Shaders/Private/MotionBlur/MotionBlurTileScatter.usf" 2687
"../../../Engine/Shaders/Private/MotionBlur/MotionBlurTileGather.usf" 2688
"../../../Engine/Shaders/Private/MotionBlur/MotionBlurVelocityFlatten.usf" 2689
"../../../Engine/Shaders/Private/PostProcessMobile.usf" 2690
"../../../Engine/Shaders/Private/PostProcessMitchellNetravali.usf" 2691
"../../../Engine/Shaders/Private/PostProcessMaterialShaders.usf" 2692
"../../../Engine/Shaders/Private/NeuralPostProcessCommon.usf" 2693
"../../../Engine/Shaders/Private/PostProcessLocalExposure.usf" 2694
"../../../Engine/Shaders/Private/PostProcessLensFlares.usf" 2695
"../../../Engine/Shaders/Private/PostProcessGBufferHints.usf" 2696
"../../../Engine/Shaders/Private/PostProcessHMD.usf" 2697
"../../../Engine/Shaders/Private/Histogram.usf" 2698
"../../../Engine/Shaders/Private/PostProcessHistogramReduce.usf" 2699
"../../../Engine/Shaders/Private/PostProcessHistogram.usf" 2700
"../../../Engine/Shaders/Private/Bloom/BloomFinalizeApplyConstants.usf" 2701
"../../../Engine/Shaders/Private/Bloom/BloomCommon.ush" 2702
"../../../Engine/Shaders/Private/Bloom/BloomResizeKernel.usf" 2703
"../../../Engine/Shaders/Private/Bloom/BloomDownsampleKernel.usf" 2704
"../../../Engine/Shaders/Private/Bloom/BloomClampKernel.usf" 2705
"../../../Engine/Shaders/Private/Bloom/BloomPackKernelConstants.usf" 2706
"../../../Engine/Shaders/Private/Bloom/BloomSumScatterDispersionEnergy.usf" 2707
"../../../Engine/Shaders/Private/Bloom/BloomReduceKernelSurvey.usf" 2708
"../../../Engine/Shaders/Private/Bloom/BloomSurveyKernelCenterEnergy.usf" 2709
"../../../Engine/Shaders/Private/Bloom/BloomSurveyMaxScatterDispersion.usf" 2710
"../../../Engine/Shaders/Private/Bloom/BloomFindKernelCenter.usf" 2711
"../../../Engine/Shaders/Private/PostProcessEyeAdaptation.usf" 2712
"../../../Engine/Shaders/Private/TranslucencyVolumeCommon.ush" 2713
"../../../Engine/Shaders/Private/PostProcessEyeAdaptationUtils.usf" 2714
"../../../Engine/Shaders/Private/PostProcessDownsample.usf" 2715
"../../../Engine/Shaders/Private/PostProcessDOF.usf" 2716
"../../../Engine/Shaders/Private/PostProcessDeviceEncodingOnly.usf" 2717
"../../../Engine/Shaders/Private/PostProcessCompositePrimitives.usf" 2718
"../../../Engine/Shaders/Private/PostProcessCombineLUTs.usf" 2719
"../../../Engine/Shaders/Private/PostProcessVisualizeDOF.usf" 2720
"../../../Engine/Shaders/Private/PostProcessBloom.usf" 2721
"../../../Engine/Shaders/Private/PostProcessAmbientOcclusionMobile.usf" 2722
"../../../Engine/Shaders/Private/PostProcessAmbientOcclusionCommon.ush" 2723
"../../../Engine/Shaders/Private/FXAAShader.usf" 2724
"../../../Engine/Shaders/Private/Fxaa3_11.ush" 2725
"../../../Engine/Shaders/Private/PaniniProjection.usf" 2726
"../../../Engine/Shaders/Private/DiaphragmDOF/DOFRecombine.usf" 2727
"../../../Engine/Shaders/Private/DiaphragmDOF/DOFHybridScatterPixelShader.usf" 2728
"../../../Engine/Shaders/Private/DiaphragmDOF/DOFHybridScatterCommon.ush" 2729
"../../../Engine/Shaders/Private/DiaphragmDOF/DOFVignetteCommon.ush" 2730
"../../../Engine/Shaders/Private/DiaphragmDOF/DOFHybridScatterVertexShader.usf" 2731
"../../../Engine/Shaders/Private/DiaphragmDOF/DOFPostfiltering.usf" 2732
"../../../Engine/Shaders/Private/DiaphragmDOF/DOFGatherTileSuggest.ush" 2733
"../../../Engine/Shaders/Private/DiaphragmDOF/DOFCocTileCommon.ush" 2734
"../../../Engine/Shaders/Private/DiaphragmDOF/DOFGatherPass.usf" 2735
"../../../Engine/Shaders/Private/DiaphragmDOF/DOFGatherCommon.ush" 2736
"../../../Engine/Shaders/Private/DiaphragmDOF/DOFGatherAccumulator.ush" 2737
"../../../Engine/Shaders/Private/DiaphragmDOF/DOFGatherKernel.ush" 2738
"../../../Engine/Shaders/Private/DiaphragmDOF/DOFBokehLUT.usf" 2739
"../../../Engine/Shaders/Private/DiaphragmDOF/DOFHybridScatterCompilation.usf" 2740
"../../../Engine/Shaders/Private/DiaphragmDOF/DOFReduce.usf" 2741
"../../../Engine/Shaders/Private/DiaphragmDOF/DOFDownsample.ush" 2742
"../../../Engine/Shaders/Private/DiaphragmDOF/DOFHybridScatterCompilation.ush" 2743
"../../../Engine/Shaders/Private/DiaphragmDOF/DOFDownsample.usf" 2744
"../../../Engine/Shaders/Private/DiaphragmDOF/DOFCocTileDilate.usf" 2745
"../../../Engine/Shaders/Private/DiaphragmDOF/DOFCocTileFlatten.usf" 2746
"../../../Engine/Shaders/Private/DiaphragmDOF/DOFSetup.usf" 2747
"../../../Engine/Shaders/Private/Tools/DebugAlphaChannel.usf" 2748
"../../../Engine/Shaders/Private/PostProcessAlphaInvert.usf" 2749
"../../../Engine/Shaders/Private/PlanarReflectionShaders.usf" 2750
"../../../Engine/Shaders/Private/PhysicsFieldVisualizer.usf" 2751
"../../../Engine/Shaders/Private/PathTracing/PathTracingSpatialTemporalDenoising.usf" 2752
"../../../Engine/Shaders/Private/ColorDifference.ush" 2753
"../../../Engine/Shaders/Private/PathTracing/PathTracingCompositingPixelShader.usf" 2754
"../../../Engine/Shaders/Private/PathTracing/PathTracingAdaptiveUtils.ush" 2755
"../../../Engine/Shaders/Private/PathTracing/PathTracingDefaultHitShader.usf" 2756
"../../../Engine/Shaders/Private/PathTracing/PathTracingGPULightmassMaterialHitShader.usf" 2757
"../../../Engine/Shaders/Private/PathTracing/PathTracingMaterialHitShader.usf" 2758
"../../../Engine/Shaders/Private/PathTracing/Material/PathTracingSubstrateCommon.ush" 2759
"../../../Engine/Shaders/Private/PathTracing/PathTracingLightingMissShader.usf" 2760
"../../../Engine/Shaders/Private/PathTracing/PathTracingMissShader.usf" 2761
"../../../Engine/Shaders/Private/PathTracing/PathTracingAdaptiveStart.usf" 2762
"../../../Engine/Shaders/Private/PathTracing/PathTracingBuildAdaptiveError.usf" 2763
"../../../Engine/Shaders/Private/PathTracing/PathTracingVolumetricCloudMaterialShader.usf" 2764
"../../../Engine/Shaders/Private/PathTracing/Volume/PathTracingCloudsMaterialCommon.ush" 2765
"../../../Engine/Shaders/Private/PathTracing/Volume/PathTracingVolumeCommon.ush" 2766
"../../../Engine/Shaders/Private/PathTracing/Volume/PathTracingCloudsCommon.ush" 2767
"../../../Engine/Shaders/Private/PathTracing/Volume/PathTracingFog.ush" 2768
"../../../Engine/Shaders/Private/PathTracing/Volume/PathTracingAtmosphere.ush" 2769
"../../../Engine/Shaders/Private/PathTracing/Volume/PathTracingAtmosphereCommon.ush" 2770
"../../../Engine/Shaders/Private/PathTracing/Volume/PathTracingVolumeSampling.ush" 2771
"../../../Engine/Shaders/Private/PathTracing/PathTracingBuildCloudAccelerationMap.usf" 2772
"../../../Engine/Shaders/Private/PathTracing/PathTracingBuildAtmosphereLUT.usf" 2773
"../../../Engine/Shaders/Private/PathTracing/PathTracingSwizzleScanlines.usf" 2774
"../../../Engine/Shaders/Private/PathTracing/PathTracingInitExtinctionCoefficient.usf" 2775
"../../../Engine/Shaders/Private/PathTracing/PathTracingCopyDepth.usf" 2776
"../../../Engine/Shaders/Private/PathTracing/PathTracingDebug.usf" 2777
"../../../Engine/Shaders/Private/RayTracing/RayTracingDecalGrid.ush" 2778
"../../../Engine/Shaders/Private/PathTracing/Material/PathTracingMaterialSampling.ush" 2779
"../../../Engine/Shaders/Private/PathTracing/Material/PathTracingLambert.ush" 2780
"../../../Engine/Shaders/Private/PathTracing/Material/PathTracingSubstrate.ush" 2781
"../../../Engine/Shaders/Private/PathTracing/Material/PathTracingSubstrateFoliage.ush" 2782
"../../../Engine/Shaders/Private/PathTracing/Material/PathTracingSubstrateSolidGlass.ush" 2783
"../../../Engine/Shaders/Private/PathTracing/Material/PathTracingSubstrateThinGlass.ush" 2784
"../../../Engine/Shaders/Private/PathTracing/Material/PathTracingSolidGlass.ush" 2785
"../../../Engine/Shaders/Private/PathTracing/Material/PathTracingEnergyConservation.ush" 2786
"../../../Engine/Shaders/Private/PathTracing/Material/PathTracingThinGlass.ush" 2787
"../../../Engine/Shaders/Private/PathTracing/Material/PathTracingDefaultLit.ush" 2788
"../../../Engine/Shaders/Private/PathTracing/Material/PathTracingClearCoat.ush" 2789
"../../../Engine/Shaders/Private/PathTracing/Material/PathTracingTwoSidedFoliage.ush" 2790
"../../../Engine/Shaders/Private/PathTracing/Material/PathTracingCloth.ush" 2791
"../../../Engine/Shaders/Private/PathTracing/Material/PathTracingSubsurfaceProfile.ush" 2792
"../../../Engine/Shaders/Private/PathTracing/Material/PathTracingEye.ush" 2793
"../../../Engine/Shaders/Private/PathTracing/Material/PathTracingHair.ush" 2794
"../../../Engine/Shaders/Private/PathTracing/Material/PathTracingMedium.ush" 2795
"../../../Engine/Shaders/Private/PathTracing/Light/PathTracingLightSampling.ush" 2796
"../../../Engine/Shaders/Private/PathTracing/Light/PathTracingLightCommon.ush" 2797
"../../../Engine/Shaders/Private/PathTracing/Light/PathTracingDirectionalLight.ush" 2798
"../../../Engine/Shaders/Private/PathTracing/Light/PathTracingPointLight.ush" 2799
"../../../Engine/Shaders/Private/PathTracing/Light/PathTracingCapsuleLight.ush" 2800
"../../../Engine/Shaders/Private/PathTracing/Light/PathTracingRectLight.ush" 2801
"../../../Engine/Shaders/Private/PathTracing/Light/PathTracingSkyLight.ush" 2802
"../../../Engine/Shaders/Private/PathTracing/Light/PathTracingLightGrid.ush" 2803
"../../../Engine/Shaders/Private/PathTracing/PathTracing.usf" 2804
"../../../Engine/Shaders/Private/PathTracing/PathTracingCore.ush" 2805
"../../../Engine/Shaders/Private/HeterogeneousVolumes/HeterogeneousVolumesVoxelGridTypes.ush" 2806
"../../../Engine/Shaders/Private/PathTracing/Volume/PathTracingVolume.ush" 2807
"../../../Engine/Shaders/Private/PathTracing/Volume/PathTracingClouds.ush" 2808
"../../../Engine/Shaders/Private/PathTracing/Volume/PathTracingHeterogeneousVolumes.ush" 2809
"../../../Engine/Shaders/Private/HeterogeneousVolumes/HeterogeneousVolumesVoxelGridTraversal.ush" 2810
"../../../Engine/Shaders/Private/HeterogeneousVolumes/HeterogeneousVolumesVoxelGridUtils.ush" 2811
"../../../Engine/Shaders/Private/HeterogeneousVolumes/HeterogeneousVolumesFrustumVoxelGridUtils.ush" 2812
"../../../Engine/Shaders/Private/PathTracing/PathTracingBuildLightGrid.usf" 2813
"../../../Engine/Shaders/Private/PathTracing/PathTracingSkylightMISCompensation.usf" 2814
"../../../Engine/Shaders/Private/PathTracing/PathTracingSkylightPrepare.usf" 2815
"../../../Engine/Shaders/Private/OIT/OITSorting.usf" 2816
"../../../Engine/Shaders/Private/OITCombine.usf" 2817
"../../../Engine/Shaders/Private/OITCommon.ush" 2818
"../../../Engine/Shaders/Private/Nanite/Voxel/RasterizeBricks.usf" 2819
"../../../Engine/Shaders/Private/Nanite/Voxel/Brick.ush" 2820
"../../../Engine/Shaders/Private/Nanite/Voxel/Voxel.ush" 2821
"../../../Engine/Shaders/Private/Nanite/Voxel/ScatterBricks.usf" 2822
"../../../Engine/Shaders/Private/Nanite/Voxel/TileBricks.usf" 2823
"../../../Engine/Shaders/Private/Nanite/Voxel/AutoVoxel.usf" 2824
"../../../Engine/Shaders/Private/Nanite/NaniteDebugViews.usf" 2825
"../../../Engine/Shaders/Private/Nanite/NaniteEditorCommon.ush" 2826
"../../../Engine/Shaders/Private/BinarySearch.ush" 2827
"../../../Engine/Shaders/Private/Nanite/NaniteDepthDecode.usf" 2828
"../../../Engine/Shaders/Private/HTileEncoding.ush" 2829
"../../../Engine/Shaders/Private/Nanite/NaniteVisualize.usf" 2830
"../../../Engine/Shaders/Private/Nanite/NaniteStreamOut.usf" 2831
"../../../Engine/Shaders/Private/Nanite/NaniteHierarchyTraversal.ush" 2832
"../../../Engine/Shaders/Private/Nanite/NaniteSkinningUpdateViewData.usf" 2833
"../../../Engine/Shaders/Private/Skinning/TransformProviders.usf" 2834
"../../../Engine/Shaders/Private/Nanite/NaniteShadeBinning.usf" 2835
"../../../Engine/Shaders/Private/Nanite/NaniteShadeCommon.ush" 2836
"../../../Engine/Shaders/Private/Nanite/NaniteFastClear.usf" 2837
"../../../Engine/Shaders/Private/Nanite/NaniteExportGBuffer.usf" 2838
"../../../Engine/Shaders/Private/Nanite/NaniteClusterCulling.usf" 2839
"../../../Engine/Shaders/Private/Nanite/NanitePrintStats.usf" 2840
"../../../Engine/Shaders/Private/Nanite/NaniteRasterizer.usf" 2841
"../../../Engine/Shaders/Private/Nanite/NaniteRasterizationCommon.ush" 2842
"../../../Engine/Shaders/Private/Nanite/NaniteRasterizer.ush" 2843
"../../../Engine/Shaders/Private/Nanite/NaniteWritePixel.ush" 2844
"../../../Engine/Shaders/Private/Nanite/NaniteTessellation.ush" 2845
"../../../Engine/Shaders/Private/WorkDistribution.ush" 2846
"../../../Engine/Shaders/Private/Nanite/NaniteDice.ush" 2847
"../../../Engine/Shaders/Private/ShaderBundleWorkGraphCommon.ush" 2848
"../../../Engine/Shaders/Public/RootConstants.ush" 2849
"../../../Engine/Shaders/Public/Platform/D3D/D3DRootConstants.ush" 2850
"../../../Engine/Shaders/Private/Nanite/NaniteSplit.usf" 2851
"../../../Engine/Shaders/Private/Nanite/NaniteRasterBinning.usf" 2852
"../../../Engine/Shaders/Private/Nanite/NaniteInstanceCulling.usf" 2853
"../../../Engine/Shaders/Private/Nanite/NaniteImposter.ush" 2854
"../../../Engine/Shaders/Private/Nanite/NaniteInstanceHierarchyCulling.usf" 2855
"../../../Engine/Shaders/Private/WorkGroupLoadBalancer.ush" 2856
"../../../Engine/Shaders/Private/Nanite/NanitePrimitiveFilter.usf" 2857
"../../../Engine/Shaders/Private/Nanite/NaniteRasterClear.usf" 2858
"../../../Engine/Shaders/Private/Nanite/NaniteDepthExport.usf" 2859
"../../../Engine/Shaders/Private/Nanite/NaniteEmitShadow.usf" 2860
"../../../Engine/Shaders/Private/MobileDeferredUtils.usf" 2861
"../../../Engine/Shaders/Private/MobileLocalLightsBuffer.usf" 2862
"../../../Engine/Shaders/Private/MobileFog.usf" 2863
"../../../Engine/Shaders/Private/DistortApplyScreenPS.usf" 2864
"../../../Engine/Shaders/Private/MobileDeferredShading.usf" 2865
"../../../Engine/Shaders/Private/MobileBasePassPixelShader.usf" 2866
"../../../Engine/Shaders/Private/MobileBasePassCommon.ush" 2867
"../../../Engine/Shaders/Private/BasePassCommon.ush" 2868
"../../../Engine/Shaders/Private/ShadingModelsMaterial.ush" 2869
"../../../Engine/Shaders/Private/ThinTranslucentCommon.ush" 2870
"../../../Engine/Shaders/Private/SingleLayerWaterShading.ush" 2871
"../../../Engine/Shaders/Private/DistortionCommon.ush" 2872
"../../../Engine/Shaders/Private/Substrate/SubstrateMobileForwardLighting.ush" 2873
"../../../Engine/Shaders/Private/MobileBasePassVertexShader.usf" 2874
"../../../Engine/Shaders/Private/MeshEdges.usf" 2875
"../../../Engine/Shaders/Private/MegaLights/MegaLightsVSMTracing.usf" 2876
"../../../Engine/Shaders/Private/MegaLights/MegaLights.ush" 2877
"../../../Engine/Shaders/Shared/MegaLightsDefinitions.h" 2878
"../../../Engine/Shaders/Private/HairStrands/HairStrandsVisibilityUtils.ush" 2879
"../../../Engine/Shaders/Private/MegaLights/MegaLightsRayTracing.ush" 2880
"../../../Engine/Shaders/Private/MegaLights/MegaLightsRayTracing.usf" 2881
"../../../Engine/Shaders/Private/DistanceField/GlobalDistanceFieldUtils.ush" 2882
"../../../Engine/Shaders/Private/Lumen/LumenScreenTracing.ush" 2883
"../../../Engine/Shaders/Private/MegaLights/MegaLightsVolumeRayTracing.usf" 2884
"../../../Engine/Shaders/Private/MegaLights/MegaLightsVolume.ush" 2885
"../../../Engine/Shaders/Private/MegaLights/MegaLightsVolumeHardwareRayTracing.usf" 2886
"../../../Engine/Shaders/Private/Lumen/LumenHardwareRayTracingCommon.ush" 2887
"../../../Engine/Shaders/Private/RayTracing/RayTracingReflectionEnvironment.ush" 2888
"../../../Engine/Shaders/Private/Lumen/LumenHardwareRayTracingPlatformCommon.ush" 2889
"../../../Engine/Shaders/Private/Lumen/LumenReflectionsCombine.ush" 2890
"../../../Engine/Shaders/Private/Lumen/LumenTracingCommon.ush" 2891
"../../../Engine/Shaders/Private/Lumen/SurfaceCache/LumenSurfaceCacheSampling.ush" 2892
"../../../Engine/Shaders/Private/Lumen/SurfaceCache/LumenSurfaceCache.ush" 2893
"../../../Engine/Shaders/Private/Lumen/LumenCardCommon.ush" 2894
"../../../Engine/Shaders/Private/Lumen/LumenCardTileShadowDownsampleFactor.ush" 2895
"../../../Engine/Shaders/Private/MegaLights/MegaLightsHardwareRayTracing.usf" 2896
"../../../Engine/Shaders/Private/MegaLights/MegaLights.usf" 2897
"../../../Engine/Shaders/Private/MegaLights/MegaLightsShading.ush" 2898
"../../../Engine/Shaders/Private/MegaLights/MegaLightsFilterVisibleLightHash.usf" 2899
"../../../Engine/Shaders/Private/MegaLights/MegaLightsDenoiserSpatial.usf" 2900
"../../../Engine/Shaders/Private/Lumen/LumenReflectionDenoiserCommon.ush" 2901
"../../../Engine/Shaders/Private/MegaLights/MegaLightsDenoiserTemporal.usf" 2902
"../../../Engine/Shaders/Private/MegaLights/MegaLightsShading.usf" 2903
"../../../Engine/Shaders/Private/StochasticLighting/StochasticLightingUpsample.ush" 2904
"../../../Engine/Shaders/Private/MegaLights/MegaLightsVisibleLightHash.usf" 2905
"../../../Engine/Shaders/Private/MegaLights/MegaLightsVolumeShading.usf" 2906
"../../../Engine/Shaders/Private/MegaLights/MegaLightsSampling.usf" 2907
"../../../Engine/Shaders/Private/MegaLights/MegaLightsSampling.ush" 2908
"../../../Engine/Shaders/Private/MegaLights/MegaLightsVolumeSampling.usf" 2909
"../../../Engine/Shaders/Private/MaterialCache/MaterialCacheABufferPages.usf" 2910
"../../../Engine/Shaders/Private/MaterialCache/MaterialCacheShade.usf" 2911
"../../../Engine/Shaders/Private/MaterialCache/MaterialCacheUnwrapNaniteShade.usf" 2912
"../../../Engine/Shaders/Private/MaterialCache/MaterialCacheUnwrapPixelShader.usf" 2913
"../../../Engine/Shaders/Private/MaterialCache/MaterialCacheUnwrapVertexShader.usf" 2914
"../../../Engine/Shaders/Private/Lumen/LumenVisualizeRadianceCache.usf" 2915
"../../../Engine/Shaders/Private/Lumen/LumenRadianceCacheCommon.ush" 2916
"../../../Engine/Shaders/Private/Lumen/LumenVisualizeHardwareRayTracing.usf" 2917
"../../../Engine/Shaders/Private/Lumen/LumenVisualize.ush" 2918
"../../../Engine/Shaders/Private/Lumen/LumenHairTracing.ush" 2919
"../../../Engine/Shaders/Private/Lumen/LumenVisualize.usf" 2920
"../../../Engine/Shaders/Private/Lumen/LumenSoftwareRayTracing.ush" 2921
"../../../Engine/Shaders/Private/DistanceField/GlobalDistanceFieldObjectGrid.ush" 2922
"../../../Engine/Shaders/Private/DistanceFieldLightingShared.ush" 2923
"../../../Engine/Shaders/Private/Lumen/LumenVisualizeTraces.ush" 2924
"../../../Engine/Shaders/Private/Lumen/LumenTranslucencyVolumeLighting.usf" 2925
"../../../Engine/Shaders/Private/Lumen/LumenRadianceCacheMarkCommon.ush" 2926
"../../../Engine/Shaders/Private/Lumen/LumenTranslucencyVolumeLightingShared.ush" 2927
"../../../Engine/Shaders/Private/Lumen/LumenScreenProbeCommon.ush" 2928
"../../../Engine/Shaders/Private/RayTracing/RayGenUtils.ush" 2929
"../../../Engine/Shaders/Private/Lumen/LumenRadianceCacheTracingCommon.ush" 2930
"../../../Engine/Shaders/Private/Lumen/LumenTranslucencyVolumeHardwareRayTracing.usf" 2931
"../../../Engine/Shaders/Private/Lumen/LumenTranslucencyRadianceCacheMarkShaders.usf" 2932
"../../../Engine/Shaders/Private/Lumen/SurfaceCache/LumenSurfaceCache.usf" 2933
"../../../Engine/Shaders/Private/Lumen/LumenShortRangeAOHardwareRayTracing.usf" 2934
"../../../Engine/Shaders/Private/Lumen/LumenScreenSpaceBentNormal.ush" 2935
"../../../Engine/Shaders/Private/Lumen/LumenScreenSpaceBentNormal.usf" 2936
"../../../Engine/Shaders/Private/Lumen/LumenScreenProbeTracing.usf" 2937
"../../../Engine/Shaders/Private/Lumen/LumenScreenProbeTracingCommon.ush" 2938
"../../../Engine/Shaders/Private/Lumen/LumenFloatQuantization.ush" 2939
"../../../Engine/Shaders/Private/Lumen/LumenScreenProbeImportanceSampling.usf" 2940
"../../../Engine/Shaders/Private/Lumen/LumenScreenProbeImportanceSamplingShared.ush" 2941
"../../../Engine/Shaders/Private/Lumen/LumenScreenProbeHardwareRayTracing.usf" 2942
"../../../Engine/Shaders/Private/Lumen/LumenScreenProbeDebug.usf" 2943
"../../../Engine/Shaders/Private/Lumen/LumenScreenProbeGather.usf" 2944
"../../../Engine/Shaders/Private/Lumen/LumenScreenProbeGatherTemporal.usf" 2945
"../../../Engine/Shaders/Private/Lumen/LumenScreenProbeFiltering.usf" 2946
"../../../Engine/Shaders/Private/Lumen/LumenSceneLighting.usf" 2947
"../../../Engine/Shaders/Private/Lumen/LumenCardTile.ush" 2948
"../../../Engine/Shaders/Private/Lumen/LumenSceneLighting.ush" 2949
"../../../Engine/Shaders/Private/Lumen/Radiosity/LumenRadiosity.ush" 2950
"../../../Engine/Shaders/Private/Lumen/LumenSceneLightingDebug.usf" 2951
"../../../Engine/Shaders/Private/Lumen/LumenScene.usf" 2952
"../../../Engine/Shaders/Private/Lumen/LumenSceneDirectLightingHardwareRayTracing.usf" 2953
"../../../Engine/Shaders/Private/Lumen/LumenSceneDirectLightingStochastic.ush" 2954
"../../../Engine/Shaders/Private/Lumen/LumenReflectionCommon.ush" 2955
"../../../Engine/Shaders/Private/Lumen/LumenSceneDirectLighting.ush" 2956
"../../../Engine/Shaders/Private/Lumen/LumenSceneDebugHardwareRayTracing.usf" 2957
"../../../Engine/Shaders/Private/Lumen/LumenSceneDirectLightingStochastic.usf" 2958
"../../../Engine/Shaders/Private/Lumen/LumenSceneDirectLightingSoftwareRayTracing.usf" 2959
"../../../Engine/Shaders/Private/DistanceFieldShadowingShared.ush" 2960
"../../../Engine/Shaders/Private/Lumen/LumenSceneDirectLightingPerLightShadowCommon.ush" 2961
"../../../Engine/Shaders/Private/Lumen/LumenSceneDirectLightingShadowMask.usf" 2962
"../../../Engine/Shaders/Private/Lumen/LumenSceneDirectLighting.usf" 2963
"../../../Engine/Shaders/Private/Lumen/LumenSceneDirectLightingCulling.usf" 2964
"../../../Engine/Shaders/Private/Lumen/LumenCardComputeShader.usf" 2965
"../../../Engine/Shaders/Private/Lumen/LumenCardBasePass.ush" 2966
"../../../Engine/Shaders/Private/Lumen/LumenCardPixelShader.usf" 2967
"../../../Engine/Shaders/Private/Lumen/LumenCardVertexShader.usf" 2968
"../../../Engine/Shaders/Private/Lumen/LumenReSTIRGather.usf" 2969
"../../../Engine/Shaders/Private/Lumen/LumenReflectionTracing.usf" 2970
"../../../Engine/Shaders/Private/Lumen/LumenReflectionDenoiserSpatial.usf" 2971
"../../../Engine/Shaders/Private/Lumen/LumenReflectionDenoiserClear.usf" 2972
"../../../Engine/Shaders/Private/Lumen/LumenReflectionDenoiserTemporal.usf" 2973
"../../../Engine/Shaders/Private/Lumen/LumenReflectionResolve.usf" 2974
"../../../Engine/Shaders/Private/Lumen/LumenReflections.usf" 2975
"../../../Engine/Shaders/Private/Lumen/RayTracedTranslucency.usf" 2976
"../../../Engine/Shaders/Private/Lumen/LumenReflectionHardwareRayTracing.usf" 2977
"../../../Engine/Shaders/Private/Lumen/Radiosity/LumenVisualizeRadiosityProbes.usf" 2978
"../../../Engine/Shaders/Private/Lumen/Radiosity/LumenRadiosity.usf" 2979
"../../../Engine/Shaders/Private/Lumen/Radiosity/LumenRadiosityHardwareRayTracing.usf" 2980
"../../../Engine/Shaders/Private/Lumen/Radiosity/LumenRadiosityCulling.usf" 2981
"../../../Engine/Shaders/Private/Lumen/LumenRadianceCacheHardwareRayTracing.usf" 2982
"../../../Engine/Shaders/Private/Lumen/LumenRadianceCache.usf" 2983
"../../../Engine/Shaders/Private/Lumen/LumenRadianceCacheUpdate.ush" 2984
"../../../Engine/Shaders/Private/Lumen/LumenRadianceCacheDebug.usf" 2985
"../../../Engine/Shaders/Private/Lumen/LumenRadianceCacheUpdate.usf" 2986
"../../../Engine/Shaders/Private/Lumen/LumenMeshSDFCulling.usf" 2987
"../../../Engine/Shaders/Private/HybridIndirectLighting.ush" 2988
"../../../Engine/Shaders/Private/MeshDistanceFieldCommon.ush" 2989
"../../../Engine/Shaders/Private/Lumen/LumenIrradianceFieldGather.usf" 2990
"../../../Engine/Shaders/Private/Lumen/LumenHardwareRayTracingMaterials.usf" 2991
"../../../Engine/Shaders/Private/Lumen/LumenFrontLayerTranslucency.usf" 2992
"../../../Engine/Shaders/Private/LocalFogVolumes/LocalFogVolumeSplat.usf" 2993
"../../../Engine/Shaders/Private/LocalFogVolumes/LocalFogVolumeTiledCulling.usf" 2994
"../../../Engine/Shaders/Private/LightShaftShader.usf" 2995
"../../../Engine/Shaders/Private/StationaryLightOverlapShaders.usf" 2996
"../../../Engine/Shaders/Private/DeferredLightPixelShaders.usf" 2997
"../../../Engine/Shaders/Private/DeferredLightVertexShaders.usf" 2998
"../../../Engine/Shaders/Private/LightMapDensityShader.usf" 2999
"../../../Engine/Shaders/Private/LightGridInjection.usf" 3000
"../../../Engine/Shaders/Shared/LightGridDefinitions.h" 3001
"../../../Engine/Shaders/Private/LightFunctionPixelShader.usf" 3002
"../../../Engine/Shaders/Private/LightFunctionVertexShader.usf" 3003
"../../../Engine/Shaders/Private/LightFunctionAtlas/LightFunctionAtlasRender.usf" 3004
"../../../Engine/Shaders/Private/InstanceCulling/InstanceCullingOcclusionQuery.usf" 3005
"../../../Engine/Shaders/Private/InstanceCulling/InstanceCullingSetup.ush" 3006
"../../../Engine/Shaders/Private/InstanceCulling/BuildInstanceDrawCommands.usf" 3007
"../../../Engine/Shaders/Private/InstanceCulling/InstanceCompactionCommon.ush" 3008
"../../../Engine/Shaders/Private/SceneDataMobileWriter.ush" 3009
"../../../Engine/Shaders/Private/InstanceCulling/CompactVisibleInstances.usf" 3010
"../../../Engine/Shaders/Private/ReflectionEnvironmentPixelShader.usf" 3011
"../../../Engine/Shaders/Private/AmbientCubemapComposite.usf" 3012
"../../../Engine/Shaders/Private/DiffuseIndirectComposite.usf" 3013
"../../../Engine/Shaders/Private/IESAtlas.usf" 3014
"../../../Engine/Shaders/Private/HeterogeneousVolumes/HeterogeneousVolumesVoxelGridShadows.usf" 3015
"../../../Engine/Shaders/Private/HeterogeneousVolumes/HeterogeneousVolumesStochasticFiltering.ush" 3016
"../../../Engine/Shaders/Private/HeterogeneousVolumes/HeterogeneousVolumesVoxelGridRenderingUtils.ush" 3017
"../../../Engine/Shaders/Private/HeterogeneousVolumes/HeterogeneousVolumesLightingUtils.ush" 3018
"../../../Engine/Shaders/Private/HeterogeneousVolumes/HeterogeneousVolumesVoxelGridRendering.usf" 3019
"../../../Engine/Shaders/Private/HeterogeneousVolumes/HeterogeneousVolumesVoxelGridPipeline.usf" 3020
"../../../Engine/Shaders/Private/HeterogeneousVolumes/HeterogeneousVolumesMaterialBakingPipeline.usf" 3021
"../../../Engine/Shaders/Private/HeterogeneousVolumes/HeterogeneousVolumesLiveShadingUtils.ush" 3022
"../../../Engine/Shaders/Private/HeterogeneousVolumes/HeterogeneousVolumesFrustumVoxelGrid.usf" 3023
"../../../Engine/Shaders/Private/HeterogeneousVolumes/HeterogeneousVolumesSparseVoxelPipeline.usf" 3024
"../../../Engine/Shaders/Private/HeterogeneousVolumes/HeterogeneousVolumesSparseVoxelUtils.ush" 3025
"../../../Engine/Shaders/Private/HeterogeneousVolumes/HeterogeneousVolumesSparseVoxelUniformBufferUtils.ush" 3026
"../../../Engine/Shaders/Private/HeterogeneousVolumes/HeterogeneousVolumesPreshadingPipeline.usf" 3027
"../../../Engine/Shaders/Private/HeterogeneousVolumes/HeterogeneousVolumesLiveShadingShadows.usf" 3028
"../../../Engine/Shaders/Private/HeterogeneousVolumes/HeterogeneousVolumesLiveShadingGlobalPipeline.usf" 3029
"../../../Engine/Shaders/Private/HeterogeneousVolumes/HeterogeneousVolumesLiveShadingPipeline.usf" 3030
"../../../Engine/Shaders/Private/HeterogeneousVolumes/HeterogeneousVolumesHardwareRayTracing.usf" 3031
"../../../Engine/Shaders/Private/HeterogeneousVolumes/HeterogeneousVolumesAmbientOcclusionPipeline.usf" 3032
"../../../Engine/Shaders/Private/HeterogeneousVolumes/HeterogeneousVolumesComposite.usf" 3033
"../../../Engine/Shaders/Private/HdrCustomResolveShaders.usf" 3034
"../../../Engine/Shaders/Private/HairStrands/RenderCurveRaster.usf" 3035
"../../../Engine/Shaders/Private/HairStrands/HairStrandsVoxelRasterCompute.usf" 3036
"../../../Engine/Shaders/Private/HairStrands/HairStrandsHitProxy.usf" 3037
"../../../Engine/Shaders/Private/HairStrands/HairStrandsVisibilityRasterComputeNaive.usf" 3038
"../../../Engine/Shaders/Private/HairStrands/HairStrandsVisibilityRasterHW.usf" 3039
"../../../Engine/Shaders/Private/HairStrands/HairStrandsVisibilityRasterCompute.usf" 3040
"../../../Engine/Shaders/Private/HairStrands/HairStrandsVisibilityRasterClassification.usf" 3041
"../../../Engine/Shaders/Private/HairStrands/HairStrandsCoverage.usf" 3042
"../../../Engine/Shaders/Private/HairStrands/HairStrandsVisibilityDepthPS.usf" 3043
"../../../Engine/Shaders/Private/HairStrands/HairStrandsVisibilityTransmittanceDepthPS.usf" 3044
"../../../Engine/Shaders/Private/HairStrands/HairStrandsVisibilityFillOpaqueDepthPS.usf" 3045
"../../../Engine/Shaders/Private/HairStrands/HairStrandsVisibilityCompactionComputeRaster.usf" 3046
"../../../Engine/Shaders/Private/HairStrands/HairStrandsVisibilityCompaction.usf" 3047
"../../../Engine/Shaders/Private/HairStrands/HairStrandsVisibilityCopyIndirectArg.usf" 3048
"../../../Engine/Shaders/Private/HairStrands/HairStrandsVisibilityClearPS.usf" 3049
"../../../Engine/Shaders/Private/HairStrands/HairStrandsVisibilityPS.usf" 3050
"../../../Engine/Shaders/Private/HairStrands/HairStrandsVisibilityVS.usf" 3051
"../../../Engine/Shaders/Private/HairStrands/HairStrandsVelocity.usf" 3052
"../../../Engine/Shaders/Private/HairStrands/HairStrandsVisibilityComputeSampleCoverage.usf" 3053
"../../../Engine/Shaders/Private/HairStrands/HairStrandsMaterialPS.usf" 3054
"../../../Engine/Shaders/Private/HairStrands/HairStrandsMaterialCommon.ush" 3055
"../../../Engine/Shaders/Private/HairStrands/HairStrandsMaterialVS.usf" 3056
"../../../Engine/Shaders/Private/HairStrands/HairStrandsLightSample.usf" 3057
"../../../Engine/Shaders/Private/HairStrands/HairStrandsDeepShadowMask.usf" 3058
"../../../Engine/Shaders/Private/HairStrands/HairStrandsDeepTransmittanceMask.usf" 3059
"../../../Engine/Shaders/Private/HairStrands/HairStrandsVisibilityTile.usf" 3060
"../../../Engine/Shaders/Private/HairStrands/HairStrandsDeepShadowPS.usf" 3061
"../../../Engine/Shaders/Private/HairStrands/HairStrandsDeepShadowVS.usf" 3062
"../../../Engine/Shaders/Private/HairStrands/HairStrandsAABB.usf" 3063
"../../../Engine/Shaders/Private/HairStrands/HairStrandsLUT.usf" 3064
"../../../Engine/Shaders/Private/HairStrands/HairStrandsForwardRaster.usf" 3065
"../../../Engine/Shaders/Private/HairStrands/HairStrandsForwardCulling.usf" 3066
"../../../Engine/Shaders/Private/HairStrands/HairStrandsEnvironmentLighting.usf" 3067
"../../../Engine/Shaders/Private/HairStrands/HairStrandsEnvironmentAO.usf" 3068
"../../../Engine/Shaders/Private/HairStrands/HairStrandsDeepShadowAllocation.usf" 3069
"../../../Engine/Shaders/Private/HairStrands/HairStrandsVoxelDebug.usf" 3070
"../../../Engine/Shaders/Private/HairStrands/HairStrandsComposition.usf" 3071
"../../../Engine/Shaders/Private/HairStrands/HairStrandsGBufferCommon.ush" 3072
"../../../Engine/Shaders/Private/GPUScene/GPUSceneDataManagement.usf" 3073
"../../../Engine/Shaders/Private/GPUSceneDebugRender.usf" 3074
"../../../Engine/Shaders/Private/GPUFeedbackCompaction.usf" 3075
"../../../Engine/Shaders/Private/GPUFastFourierTransform.usf" 3076
"../../../Engine/Shaders/Private/GPUFastFourierTransform2DCore.ush" 3077
"../../../Engine/Shaders/Private/GPUFastFourierTransformCore.ush" 3078
"../../../Engine/Shaders/Private/GPUBenchmark.usf" 3079
"../../../Engine/Shaders/Private/DistanceField/GlobalDistanceFieldDebug.usf" 3080
"../../../Engine/Shaders/Private/DistanceField/GlobalDistanceFieldUpdate.ush" 3081
"../../../Engine/Shaders/Private/DistanceField/GlobalDistanceFieldMip.usf" 3082
"../../../Engine/Shaders/Private/DistanceField/GlobalDistanceField.usf" 3083
"../../../Engine/Shaders/Private/DistanceField/GlobalDistanceFieldCompositeObjects.usf" 3084
"../../../Engine/Shaders/Private/DistanceField/GlobalDistanceFieldHeightfields.usf" 3085
"../../../Engine/Shaders/Private/HeightfieldLightingShared.ush" 3086
"../../../Engine/Shaders/Private/GenerateConservativeDepth.usf" 3087
"../../../Engine/Shaders/Private/HeightFogPixelShader.usf" 3088
"../../../Engine/Shaders/Private/HeightFogVertexShader.usf" 3089
"../../../Engine/Shaders/Private/DistortFiltering.usf" 3090
"../../../Engine/Shaders/Private/DistortAccumulatePS.usf" 3091
"../../../Engine/Shaders/Private/DistortAccumulateVS.usf" 3092
"../../../Engine/Shaders/Private/DistanceFieldVisualization.usf" 3093
"../../../Engine/Shaders/Private/DistanceFieldStreaming.usf" 3094
"../../../Engine/Shaders/Private/DistanceFieldShadowing.usf" 3095
"../../../Engine/Shaders/Private/DistanceFieldScreenGridLighting.usf" 3096
"../../../Engine/Shaders/Private/DistanceFieldObjectCulling.usf" 3097
"../../../Engine/Shaders/Private/DistanceFieldLightingPost.usf" 3098
"../../../Engine/Shaders/Private/DitheredTransitionStencil.usf" 3099
"../../../Engine/Shaders/Private/CopyDepthTexture.usf" 3100
"../../../Engine/Shaders/Private/CopyDepthTextureCS.usf" 3101
"../../../Engine/Shaders/Private/DeferredDecal.usf" 3102
"../../../Engine/Shaders/Private/DecalCommon.ush" 3103
"../../../Engine/Shaders/Private/DebugViewModeVertexShader.usf" 3104
"../../../Engine/Shaders/Private/DebugViewModeCommon.ush" 3105
"../../../Engine/Shaders/Private/DebugViewModePixelShader.usf" 3106
"../../../Engine/Shaders/Private/DebugProbes.usf" 3107
"../../../Engine/Shaders/Private/MeshDecals.usf" 3108
"../../../Engine/Shaders/Private/PostProcessAmbientOcclusion.usf" 3109
"../../../Engine/Shaders/Private/ClusteredDeferredShadingPixelShader.usf" 3110
"../../../Engine/Shaders/Private/ClusteredDeferredShadingVertexShader.usf" 3111
"../../../Engine/Shaders/Private/CapsuleShadowShaders.usf" 3112
"../../../Engine/Shaders/Private/BasePassPixelShader.usf" 3113
"../../../Engine/Shaders/Private/ForwardLightingCommon.ush" 3114
"../../../Engine/Shaders/Private/Substrate/SubstrateForwardLighting.ush" 3115
"../../../Engine/Shaders/Private/ComputeShaderOutputCommon.ush" 3116
"../../../Engine/Shaders/Private/BasePassVertexShader.usf" 3117
"../../../Engine/Shaders/Private/BasePassVertexCommon.ush" 3118
"../../../Engine/Shaders/Private/SimpleElementVolumeTexturePreviewPixelShader.usf" 3119
"../../../Engine/Shaders/Private/SimpleElementTexture2DPreviewPixelShader.usf" 3120
"../../../Engine/Shaders/Private/meshpaintdilatepixelshader.usf" 3121
"../../../Engine/Shaders/Private/meshpaintdilatevertexshader.usf" 3122
"../../../Engine/Shaders/Private/MeshPaintPixelShader.usf" 3123
"../../../Engine/Shaders/Private/MeshPaintVertexShader.usf" 3124
"../../../Engine/Shaders/Private/SlateElementPixelShader.usf" 3125
"../../../Engine/Shaders/Private/SlateShaderCommon.ush" 3126
"../../../Engine/Shaders/Private/SlateMaskingShader.usf" 3127
"../../../Engine/Shaders/Private/SlateVertexShader.usf" 3128
"../../../Engine/Shaders/Private/CompositeUIPixelShader.usf" 3129
"../../../Engine/Shaders/Private/ColorDeficiency.ush" 3130
"../../../Engine/Shaders/Private/SlatePostProcessColorDeficiencyPixelShader.usf" 3131
"../../../Engine/Shaders/Private/SlatePostProcessPixelShader.usf" 3132
"../../../Engine/Shaders/Private/Tools/VisualizeTexture.usf" 3133
"../../../Engine/Shaders/Private/UpdateDescriptorHandle.usf" 3134
"../../../Engine/Shaders/Private/ByteBuffer.usf" 3135
"../../../Engine/Shaders/Private/ShaderBundleWorkGraphDispatch.usf" 3136
"../../../Engine/Shaders/Private/ShaderBundleDispatch.usf" 3137
"../../../Engine/Shaders/Private/ResolveVertexShader.usf" 3138
"../../../Engine/Shaders/Private/ResolvePixelShader.usf" 3139
"../../../Engine/Shaders/Private/Tools/SetupIndirectArgs.usf" 3140
"../../../Engine/Shaders/Private/ClearReplacementShaders.usf" 3141
"../../../Engine/Shaders/Private/Tools/DrawTexture.usf" 3142
"../../../Engine/Shaders/Private/RayTracing/RayTracingValidation.usf" 3143
"../../../Engine/Shaders/Private/RenderGraphUtilities.usf" 3144
"../../../Engine/Shaders/Private/OneColorShader.usf" 3145
"../../../Engine/Shaders/Private/OculusShaders.usf" 3146
"../../../Engine/Shaders/Private/MediaShaders.usf" 3147
"../../../Engine/Shaders/Private/GPUMessaging.usf" 3148
"../../../Engine/Shaders/Private/Tools/GPUDebugCrashUtils.usf" 3149
"../../../Engine/Shaders/Private/NullPixelShader.usf" 3150
"../../../Engine/Shaders/Private/ComputeGenerateMips.usf" 3151
"../../../Engine/Shaders/Private/Tools/DumpTexture.usf" 3152
"../../../Engine/Shaders/Private/CopyTextureShaders.usf" 3153
"../../../Engine/Shaders/Private/Tools/FullscreenVertexShader.usf" 3154
"../../../Engine/Shaders/Private/RayTracing/RayTracingDispatchDesc.usf" 3155
"../../../Engine/Shaders/Private/Bink.usf" 3156
"../../../Engine/Shaders/Private/VelocityShader.usf" 3157
"../../../Engine/Shaders/Private/DepthOnlyPixelShader.usf" 3158
"../../../Engine/Shaders/Private/PositionOnlyDepthVertexShader.usf" 3159
"../../../Engine/Shaders/Private/DepthOnlyVertexShader.usf" 3160
"../../../Engine/Shaders/Private/AnisotropyPassShader.usf" 3161
"/Engine/EngineResources/WhiteSquareTexture" 3162
"../../../Engine/Content/EngineResources/WhiteSquareTexture.uasset" 3163
"/Engine/EngineResources/GradientTexture0" 3164
"../../../Engine/Content/EngineResources/GradientTexture0.uasset" 3165
"/Engine/EngineResources/Black" 3166
"../../../Engine/Content/EngineResources/Black.uasset" 3167
"/Engine/EditorResources/S_Actor" 3168
"../../../Engine/Content/EditorResources/S_Actor.uasset" 3169
"/Engine/EngineFonts/RobotoDistanceField" 3170
"../../../Engine/Content/EngineFonts/RobotoDistanceField.uasset" 3171
"/Engine/EngineMaterials/DefaultTextMaterialOpaque" 3172
"../../../Engine/Content/EngineMaterials/DefaultTextMaterialOpaque.uasset" 3173
"/Engine/Functions/Engine_MaterialFunctions01/Shading/PowerToRoughness" 3174
"../../../Engine/Content/Functions/Engine_MaterialFunctions01/Shading/PowerToRoughness.uasset" 3175
"/Engine/Functions/Engine_MaterialFunctions01/Shading/ConvertFromDiffSpec" 3176
"../../../Engine/Content/Functions/Engine_MaterialFunctions01/Shading/ConvertFromDiffSpec.uasset" 3177
"/Engine/EngineMaterials/WorldGridMaterial" 3178
"../../../Engine/Content/EngineMaterials/WorldGridMaterial.uasset" 3179
"../../../Engine/Content/Functions/Engine_MaterialFunctions01/Opacity/CameraDepthFade.uasset" 3180
"../../../Engine/Content/EngineMaterials/T_Default_Material_Grid_M.uasset" 3181
"../../../Engine/Content/EngineMaterials/T_Default_Material_Grid_N.uasset" 3182
"/Engine/EngineMaterials/DefaultDeferredDecalMaterial" 3183
"../../../Engine/Content/EngineMaterials/DefaultDeferredDecalMaterial.uasset" 3184
"../../../Engine/Content/EngineMaterials/DefaultDiffuse.uasset" 3185
"/Engine/EngineMaterials/DefaultLightFunctionMaterial" 3186
"../../../Engine/Content/EngineMaterials/DefaultLightFunctionMaterial.uasset" 3187
"/Engine/EngineMaterials/DefaultPostProcessMaterial" 3188
"../../../Engine/Content/EngineMaterials/DefaultPostProcessMaterial.uasset" 3189
"../../../Engine/Content/Functions/Engine_MaterialFunctions02/Utility/BreakOutFloat2Components.uasset" 3190
"/Engine/EditorResources/S_Trigger" 3191
"../../../Engine/Content/EditorResources/S_Trigger.uasset" 3192
"/Engine/EditorResources/S_BoxReflectionCapture" 3193
"../../../Engine/Content/EditorResources/S_BoxReflectionCapture.uasset" 3194
"/Engine/EngineResources/DefaultTexture" 3195
"../../../Engine/Content/EngineResources/DefaultTexture.uasset" 3196
"/Engine/EditorResources/S_TriggerBox" 3197
"../../../Engine/Content/EditorResources/S_TriggerBox.uasset" 3198
"/Engine/EditorResources/S_TriggerCapsule" 3199
"../../../Engine/Content/EditorResources/S_TriggerCapsule.uasset" 3200
"/Engine/EditorResources/S_TriggerSphere" 3201
"../../../Engine/Content/EditorResources/S_TriggerSphere.uasset" 3202
"/Engine/EngineDamageTypes/DmgTypeBP_Environmental" 3203
"../../../Engine/Content/EngineDamageTypes/DmgTypeBP_Environmental.uasset" 3204
"/Engine/EngineMeshes/Sphere" 3205
"../../../Engine/Content/EngineMeshes/Sphere.uasset" 3206
"/Engine/EngineResources/DefaultTextureCube" 3207
"../../../Engine/Content/EngineResources/DefaultTextureCube.uasset" 3208
"/Engine/EngineResources/DefaultVolumeTexture" 3209
"../../../Engine/Content/EngineResources/DefaultVolumeTexture.uasset" 3210
"../../../Engine/Content/EngineResources/DefaultVolumeTexture2D.uasset" 3211
"/Engine/VREditor/TransformGizmo/SM_Sequencer_Node" 3212
"../../../Engine/Content/VREditor/TransformGizmo/SM_Sequencer_Node.uasset" 3213
"../../../Engine/Content/VREditor/TransformGizmo/Main.uasset" 3214
"../../../Engine/Content/VREditor/TransformGizmo/Xray.uasset" 3215
"/Engine/EditorResources/S_Solver" 3216
"../../../Engine/Content/EditorResources/S_Solver.uasset" 3217
"/Engine/EngineDebugMaterials/VolumeToRender" 3218
"../../../Engine/Content/EngineDebugMaterials/VolumeToRender.uasset" 3219
"/Engine/EngineDebugMaterials/M_VolumeRenderSphereTracePP" 3220
"../../../Engine/Content/EngineDebugMaterials/M_VolumeRenderSphereTracePP.uasset" 3221
"../../../Engine/Content/Functions/Engine_MaterialFunctions02/Utility/CameraDirectionVector.uasset" 3222
"/Engine/EditorMeshes/Camera/SM_CraneRig_Base" 3223
"../../../Engine/Content/EditorMeshes/Camera/SM_CraneRig_Base.uasset" 3224
"../../../Engine/Content/EditorMaterials/Camera/MI_CineMat_Rig.uasset" 3225
"../../../Engine/Content/EditorMaterials/Camera/CineMat.uasset" 3226
"/Engine/EditorMeshes/Camera/SM_CraneRig_Arm" 3227
"../../../Engine/Content/EditorMeshes/Camera/SM_CraneRig_Arm.uasset" 3228
"/Engine/EditorMeshes/Camera/SM_CraneRig_Mount" 3229
"../../../Engine/Content/EditorMeshes/Camera/SM_CraneRig_Mount.uasset" 3230
"/Engine/EditorMeshes/Camera/SM_CraneRig_Body" 3231
"../../../Engine/Content/EditorMeshes/Camera/SM_CraneRig_Body.uasset" 3232
"/Engine/EditorMeshes/Camera/SM_RailRig_Track" 3233
"../../../Engine/Content/EditorMeshes/Camera/SM_RailRig_Track.uasset" 3234
"/Engine/EditorMeshes/Camera/SM_RailRig_Mount" 3235
"../../../Engine/Content/EditorMeshes/Camera/SM_RailRig_Mount.uasset" 3236
"/Engine/EditorLandscapeResources/SplineEditorMesh" 3237
"../../../Engine/Content/EditorLandscapeResources/SplineEditorMesh.uasset" 3238
"../../../Engine/Content/EditorLandscapeResources/SplineEditorMeshMat.uasset" 3239
"/Engine/BasicShapes/Cube" 3240
"../../../Engine/Content/BasicShapes/Cube.uasset" 3241
"/CameraCalibrationCore/Materials/M_DefaultOddSquare" 3242
"../../Plugins/VirtualProduction/CameraCalibrationCore/Content/Materials/M_DefaultOddSquare.uasset" 3243
"/CameraCalibrationCore/Materials/M_DefaultEvenSquare" 3244
"../../Plugins/VirtualProduction/CameraCalibrationCore/Content/Materials/M_DefaultEvenSquare.uasset" 3245
"/HairStrands/Materials/HairDebugMaterial" 3246
"../../Plugins/Runtime/HairStrands/Content/Materials/HairDebugMaterial.uasset" 3247
"../../../Engine/Content/Functions/Engine_MaterialFunctions02/Utility/MakeFloat2.uasset" 3248
"../../../Engine/Content/Functions/Engine_MaterialFunctions02/Utility/MakeFloat3.uasset" 3249
"../../../Engine/Content/EngineMaterials/HairColorMap.uasset" 3250
"../../../Engine/Content/EngineMaterials/HairDebugColor.uasset" 3251
"../../Plugins/Runtime/HairStrands/Content/Materials/HairGroupColors.uasset" 3252
"/HairStrands/Materials/HairDefaultMaterial" 3253
"../../Plugins/Runtime/HairStrands/Content/Materials/HairDefaultMaterial.uasset" 3254
"/HairStrands/Materials/HairCardsDefaultMaterial" 3255
"../../Plugins/Runtime/HairStrands/Content/Materials/HairCardsDefaultMaterial.uasset" 3256
"/HairStrands/Materials/HairMeshesDefaultMaterial" 3257
"../../Plugins/Runtime/HairStrands/Content/Materials/HairMeshesDefaultMaterial.uasset" 3258
"/Engine/EngineMaterials/Widget3DPassThrough_Translucent" 3259
"../../../Engine/Content/EngineMaterials/Widget3DPassThrough_Translucent.uasset" 3260
"../../../Engine/Content/EngineMaterials/Widget3DPassThrough.uasset" 3261
"/Engine/EngineMaterials/Widget3DPassThrough_Translucent_OneSided" 3262
"../../../Engine/Content/EngineMaterials/Widget3DPassThrough_Translucent_OneSided.uasset" 3263
"/Engine/EngineMaterials/Widget3DPassThrough_Opaque" 3264
"../../../Engine/Content/EngineMaterials/Widget3DPassThrough_Opaque.uasset" 3265
"/Engine/EngineMaterials/Widget3DPassThrough_Opaque_OneSided" 3266
"../../../Engine/Content/EngineMaterials/Widget3DPassThrough_Opaque_OneSided.uasset" 3267
"/Engine/EngineMaterials/Widget3DPassThrough_Masked" 3268
"../../../Engine/Content/EngineMaterials/Widget3DPassThrough_Masked.uasset" 3269
"/Engine/EngineMaterials/Widget3DPassThrough_Masked_OneSided" 3270
"../../../Engine/Content/EngineMaterials/Widget3DPassThrough_Masked_OneSided.uasset" 3271
"/Engine/VREditor/ViewportInteractionAssetContainerData" 3272
"../../../Engine/Content/VREditor/ViewportInteractionAssetContainerData.uasset" 3273
"../../../Engine/Content/VREditor/SnapGrid/SnapGridMaterial.uasset" 3274
"../../../Engine/Content/VREditor/TransformGizmo/TransformGizmoMaterial_Inst.uasset" 3275
"../../../Engine/Content/VREditor/TransformGizmo/TranslucentTransformGizmoMaterial_Inst.uasset" 3276
"../../../Engine/Content/VREditor/SnapGrid/SnapGridPlaneMesh.uasset" 3277
"../../../Engine/Content/VREditor/Sounds/UI/Drop_Item_From_ContentBrowser.uasset" 3278
"../../../Engine/Content/VREditor/Sounds/UI/Gizmo_Handle_Clicked.uasset" 3279
"../../../Engine/Content/VREditor/Sounds/UI/Object_PickUp.uasset" 3280
"../../../Engine/Content/VREditor/Sounds/UI/Object_Snaps_To_Another_Actor.uasset" 3281
"../../../Engine/Content/VREditor/Sounds/UI/Object_Snaps_To_Grid.uasset" 3282
"../../../Engine/Content/VREditor/Sounds/UI/Scaling_Down.uasset" 3283
"../../../Engine/Content/VREditor/Sounds/UI/Scaling_Up.uasset" 3284
"../../../Engine/Content/VREditor/Sounds/UI/Selection_Changes.uasset" 3285
"../../../Engine/Content/VREditor/TransformGizmo/PlaneTranslationHandle.uasset" 3286
"../../../Engine/Content/VREditor/TransformGizmo/RotationHandleFull.uasset" 3287
"../../../Engine/Content/VREditor/TransformGizmo/RotationHandleIndicator.uasset" 3288
"../../../Engine/Content/VREditor/TransformGizmo/RotationHandleQuarter.uasset" 3289
"../../../Engine/Content/VREditor/TransformGizmo/StartRotationHandleIndicator.uasset" 3290
"../../../Engine/Content/VREditor/TransformGizmo/TransformGizmoFreeRotation.uasset" 3291
"../../../Engine/Content/VREditor/TransformGizmo/TranslateArrowHandle.uasset" 3292
"../../../Engine/Content/VREditor/TransformGizmo/UniformScaleHandle.uasset" 3293
"../../../Engine/Content/Functions/Engine_MaterialFunctions02/Math/Transform3x3Matrix.uasset" 3294
"../../../Engine/Content/Functions/Engine_MaterialFunctions02/SplitComponents.uasset" 3295
"../../../Engine/Content/VREditor/TransformGizmo/TransformGizmoMaterial.uasset" 3296
"../../../Engine/Content/VREditor/TransformGizmo/TranslucentTransformGizmoMaterial.uasset" 3297
"../../../Engine/Content/Functions/Engine_MaterialFunctions02/Utility/BreakOutFloat3Components.uasset" 3298
"../../../Engine/Content/VREditor/LaserPointer/VR_LaserPower_01.uasset" 3299
"/Engine/VREditor/TransformGizmo/BoundingBoxCorner" 3300
"../../../Engine/Content/VREditor/TransformGizmo/BoundingBoxCorner.uasset" 3301
"/Engine/VREditor/TransformGizmo/BoundingBoxEdge" 3302
"../../../Engine/Content/VREditor/TransformGizmo/BoundingBoxEdge.uasset" 3303
"/Engine/ArtTools/RenderToTexture/Meshes/S_1_Unit_Plane" 3304
"../../../Engine/Content/ArtTools/RenderToTexture/Meshes/S_1_Unit_Plane.uasset" 3305
"/Engine/EngineDebugMaterials/M_SimpleUnlitTranslucent" 3306
"../../../Engine/Content/EngineDebugMaterials/M_SimpleUnlitTranslucent.uasset" 3307
"/Engine/EngineFonts/Roboto" 3308
"../../../Engine/Content/EngineFonts/Roboto.uasset" 3309
"../../../Engine/Content/EngineFonts/Faces/DroidSansFallback.uasset" 3310
"../../../Engine/Content/EngineFonts/Faces/RobotoBold.uasset" 3311
"../../../Engine/Content/EngineFonts/Faces/RobotoBoldItalic.uasset" 3312
"../../../Engine/Content/EngineFonts/Faces/RobotoItalic.uasset" 3313
"../../../Engine/Content/EngineFonts/Faces/RobotoLight.uasset" 3314
"../../../Engine/Content/EngineFonts/Faces/RobotoRegular.uasset" 3315
"/Engine/EditorMaterials/ParticleSystems/PSysThumbnail_NoImage" 3316
"../../../Engine/Content/EditorMaterials/ParticleSystems/PSysThumbnail_NoImage.uasset" 3317
"/Engine/EditorMaterials/ParticleSystems/PSysThumbnail_OOD" 3318
"../../../Engine/Content/EditorMaterials/ParticleSystems/PSysThumbnail_OOD.uasset" 3319
"/Engine/EngineResources/LandscapeVisibilityLayerInfo" 3320
"../../../Engine/Content/EngineResources/LandscapeVisibilityLayerInfo.uasset" 3321
"/ACLPlugin/ACLAnimBoneCompressionSettings" 3322
"../../Plugins/Animation/ACLPlugin/Content/ACLAnimBoneCompressionSettings.uasset" 3323
"/Engine/Animation/DefaultRecorderBoneCompression" 3324
"../../../Engine/Content/Animation/DefaultRecorderBoneCompression.uasset" 3325
"/ACLPlugin/ACLAnimCurveCompressionSettings" 3326
"../../Plugins/Animation/ACLPlugin/Content/ACLAnimCurveCompressionSettings.uasset" 3327
"/Engine/Animation/DefaultVariableFrameStrippingSettings" 3328
"../../../Engine/Content/Animation/DefaultVariableFrameStrippingSettings.uasset" 3329
"/Paper2D/MaskedUnlitSpriteMaterial" 3330
"../../Plugins/2D/Paper2D/Content/MaskedUnlitSpriteMaterial.uasset" 3331
"../../Plugins/2D/Paper2D/Content/DefaultSpriteMaterial.uasset" 3332
"../../Plugins/2D/Paper2D/Content/PlaceholderTextures/DummySpriteTexture.uasset" 3333
"/Paper2D/OpaqueUnlitSpriteMaterial" 3334
"../../Plugins/2D/Paper2D/Content/OpaqueUnlitSpriteMaterial.uasset" 3335
"/Paper2D/DefaultPaperTerrainMaterial" 3336
"../../Plugins/2D/Paper2D/Content/DefaultPaperTerrainMaterial.uasset" 3337
"../../Plugins/2D/Paper2D/Content/DummySprite.uasset" 3338
"/ControlRig/Controls/ControlRigXRayMaterial" 3339
"../../Plugins/Animation/ControlRig/Content/Controls/ControlRigXRayMaterial.uasset" 3340
"/ControlRig/Controls/DefaultGizmoLibraryNormalized" 3341
"../../Plugins/Animation/ControlRig/Content/Controls/DefaultGizmoLibraryNormalized.uasset" 3342
"/ControlRig/M_Manip" 3343
"../../Plugins/Animation/ControlRig/Content/M_Manip.uasset" 3344
"../../../Engine/Content/Functions/Engine_MaterialFunctions02/WorldPositionOffset/CameraOffset.uasset" 3345
"/AudioWidgets/Resources/ScrubHandleDown_Clamped" 3346
"../../Plugins/Runtime/AudioWidgets/Content/Resources/ScrubHandleDown_Clamped.uasset" 3347
"../../../Engine/Intermediate/ProjectFiles/PrimaryProjectPath.txt" 3348
"/SpeedTreeImporter/SpeedTree9/SpeedTreeMaster" 3349
"../../Plugins/Editor/SpeedTreeImporter/Content/SpeedTree9/SpeedTreeMaster.uasset" 3350
"../../../Engine/Content/Functions/Engine_MaterialFunctions02/ObjectLocalBounds.uasset" 3351
"../../../Engine/Content/Functions/Engine_MaterialFunctions02/SafeNormalize.uasset" 3352
"../../../Engine/Content/Functions/Engine_MaterialFunctions02/Utility/VectorLength.uasset" 3353
"../../../Engine/Content/Functions/Engine_MaterialFunctions02/UVs/BoundingBoxBased_0-1_UVW.uasset" 3354
"../../../Engine/Content/Functions/Engine_MaterialFunctions02/WorldPositionOffset/ObjectScale.uasset" 3355
"../../Plugins/Editor/SpeedTreeImporter/Content/SpeedTree9/SpeedTreeBranchMotion.uasset" 3356
"../../Plugins/Editor/SpeedTreeImporter/Content/SpeedTree9/SpeedTreeCameraFacing.uasset" 3357
"../../Plugins/Editor/SpeedTreeImporter/Content/SpeedTree9/SpeedTreeWind.uasset" 3358
"../../Plugins/Editor/SpeedTreeImporter/Content/SpeedTree9/SpeedTreeWindMotion.uasset" 3359
"../../Plugins/Editor/SpeedTreeImporter/Content/SpeedTree9/UnpackDirection.uasset" 3360
"../../Plugins/Editor/SpeedTreeImporter/Content/SpeedTree9/UnpackInteger3.uasset" 3361
"../../Plugins/Editor/SpeedTreeImporter/Content/SpeedTree9/Empty.uasset" 3362
"../../Plugins/Editor/SpeedTreeImporter/Content/SpeedTree9/EmptyNormal.uasset" 3363
"../../Plugins/Editor/SpeedTreeImporter/Content/SpeedTree9/game_wind_noise.uasset" 3364
"/SpeedTreeImporter/SpeedTree9/SpeedTreeBillboardMaster" 3365
"../../Plugins/Editor/SpeedTreeImporter/Content/SpeedTree9/SpeedTreeBillboardMaster.uasset" 3366
"../../Plugins/Editor/SpeedTreeImporter/Content/SpeedTree9/SpeedTreeBillboard.uasset" 3367
"/MediaPlate/SM_MediaPlateScreen" 3368
"../../Plugins/Media/MediaPlate/Content/SM_MediaPlateScreen.uasset" 3369
"/Engine/BasicShapes/BasicShapeMaterial" 3370
"../../../Engine/Content/BasicShapes/BasicShapeMaterial.uasset" 3371
"/Engine/EditorMaterials/Dataflow/DataflowVertexMaterial" 3372
"../../../Engine/Content/EditorMaterials/Dataflow/DataflowVertexMaterial.uasset" 3373
"/Engine/EditorMaterials/Dataflow/DataflowTwoSidedVertexMaterial" 3374
"../../../Engine/Content/EditorMaterials/Dataflow/DataflowTwoSidedVertexMaterial.uasset" 3375
"/Engine/EditorLandscapeResources/LayerVisMaterial" 3376
"../../../Engine/Content/EditorLandscapeResources/LayerVisMaterial.uasset" 3377
"../../../Engine/Content/EditorLandscapeResources/WhiteSquareTexture.uasset" 3378
"/Engine/EditorLandscapeResources/SelectBrushMaterial_Selected" 3379
"../../../Engine/Content/EditorLandscapeResources/SelectBrushMaterial_Selected.uasset" 3380
"../../../Engine/Content/EditorLandscapeResources/SelectBrushMaterial.uasset" 3381
"../../../Engine/Content/Functions/Engine_MaterialFunctions03/Math/WithinRangeFloat2.uasset" 3382
"../../../Engine/Content/EditorLandscapeResources/DefaultAlphaTexture.uasset" 3383
"/Engine/EditorLandscapeResources/SelectBrushMaterial_SelectedRegion" 3384
"../../../Engine/Content/EditorLandscapeResources/SelectBrushMaterial_SelectedRegion.uasset" 3385
"/Engine/EditorLandscapeResources/MaskBrushMaterial_MaskedRegion" 3386
"../../../Engine/Content/EditorLandscapeResources/MaskBrushMaterial_MaskedRegion.uasset" 3387
"../../../Engine/Content/EditorLandscapeResources/MaskBrushMaterial.uasset" 3388
"/Engine/EditorLandscapeResources/ColorMaskBrushMaterial_MaskedRegion" 3389
"../../../Engine/Content/EditorLandscapeResources/ColorMaskBrushMaterial_MaskedRegion.uasset" 3390
"../../../Engine/Content/EditorLandscapeResources/ColorMaskBrushMaterial.uasset" 3391
"/Engine/EditorLandscapeResources/LandscapeDirtyMaterial" 3392
"../../../Engine/Content/EditorLandscapeResources/LandscapeDirtyMaterial.uasset" 3393
"/Engine/EditorLandscapeResources/LandscapeLayerUsageMaterial" 3394
"../../../Engine/Content/EditorLandscapeResources/LandscapeLayerUsageMaterial.uasset" 3395
"../../../Engine/Content/Functions/Engine_MaterialFunctions01/Debug/DebugIntValues.uasset" 3396
"../../../Engine/Content/Functions/Engine_MaterialFunctions01/Texturing/ScaleUVsByCenter.uasset" 3397
"../../../Engine/Content/Functions/Engine_MaterialFunctions02/WorldPositionOffset/LocalPosition.uasset" 3398
"../../../Engine/Content/Functions/Engine_MaterialFunctions01/Texturing/TextureCropping.uasset" 3399
"../../../Engine/Content/Functions/Engine_MaterialFunctions02/ExampleContent/DebugNumberStrip.uasset" 3400
"C:/Users/jessw/AppData/Local/UnrealEngine/Editor/UInteractiveToolsPresetCollectionAsset_DefaultCollection.json" 3401
"/Engine/EngineMaterials/NaniteHiddenSectionMaterial" 3402
"../../../Engine/Content/EngineMaterials/NaniteHiddenSectionMaterial.uasset" 3403
"/Engine/EngineMaterials/RemoveSurfaceMaterial" 3404
"../../../Engine/Content/EngineMaterials/RemoveSurfaceMaterial.uasset" 3405
"/Engine/EngineDebugMaterials/DebugMeshMaterial" 3406
"../../../Engine/Content/EngineDebugMaterials/DebugMeshMaterial.uasset" 3407
"/Engine/EngineMaterials/EmissiveMeshMaterial" 3408
"../../../Engine/Content/EngineMaterials/EmissiveMeshMaterial.uasset" 3409
"../../../Engine/Content/EngineMaterials/DefaultWhiteGrid_Low.uasset" 3410
"/Engine/EngineMaterials/M_InvalidLightmapSettings" 3411
"../../../Engine/Content/EngineMaterials/M_InvalidLightmapSettings.uasset" 3412
"../../../Engine/Content/EngineMaterials/InvalidLightmapSettings.uasset" 3413
"/Engine/EngineMaterials/GizmoMaterial" 3414
"../../../Engine/Content/EngineMaterials/GizmoMaterial.uasset" 3415
"/Engine/EngineMaterials/PhAT_JointLimitMaterial" 3416
"../../../Engine/Content/EngineMaterials/PhAT_JointLimitMaterial.uasset" 3417
"/Engine/EngineMaterials/FlattenMaterial" 3418
"../../../Engine/Content/EngineMaterials/FlattenMaterial.uasset" 3419
"../../../Engine/Content/EngineMaterials/BaseFlattenDiffuseMap.uasset" 3420
"../../../Engine/Content/EngineMaterials/BaseFlattenEmissiveMap.uasset" 3421
"../../../Engine/Content/EngineMaterials/BaseFlattenGrayscaleMap.uasset" 3422
"../../../Engine/Content/EngineMaterials/BaseFlattenLinearColor.uasset" 3423
"../../../Engine/Content/EngineMaterials/BaseFlattenNormalMap.uasset" 3424
"../../../Engine/Content/Functions/Engine_MaterialFunctions02/PivotPainter2/Black_1x1_EXR_Texture.uasset" 3425
"/Engine/EngineMaterials/FlattenMaterial_VT" 3426
"../../../Engine/Content/EngineMaterials/FlattenMaterial_VT.uasset" 3427
"../../../Engine/Content/EngineMaterials/BaseFlattenDiffuseMap_VT.uasset" 3428
"../../../Engine/Content/EngineMaterials/BaseFlattenEmissiveMap_VT.uasset" 3429
"../../../Engine/Content/EngineMaterials/BaseFlattenGrayscaleMap_VT.uasset" 3430
"../../../Engine/Content/EngineMaterials/BaseFlattenLinearColor_VT.uasset" 3431
"../../../Engine/Content/EngineMaterials/BaseFlattenNormalMap_VT.uasset" 3432
"../../../Engine/Content/EngineMaterials/Black_1x1_EXR_Texture_VT.uasset" 3433
"/Engine/EngineMaterials/FlattenMaterial_WS_Normal_VT" 3434
"../../../Engine/Content/EngineMaterials/FlattenMaterial_WS_Normal_VT.uasset" 3435
"/Engine/EngineMaterials/Good64x64TilingNoiseHighFreq" 3436
"../../../Engine/Content/EngineMaterials/Good64x64TilingNoiseHighFreq.uasset" 3437
"/Engine/EngineMaterials/DefaultBokeh" 3438
"../../../Engine/Content/EngineMaterials/DefaultBokeh.uasset" 3439
"/Engine/EngineMaterials/MiniFont" 3440
"../../../Engine/Content/EngineMaterials/MiniFont.uasset" 3441
"/Engine/EngineMaterials/WeightMapPlaceholderTexture" 3442
"../../../Engine/Content/EngineMaterials/WeightMapPlaceholderTexture.uasset" 3443
"/Engine/EngineMaterials/WeightMapArrayPlaceholderTexture" 3444
"../../../Engine/Content/EngineMaterials/WeightMapArrayPlaceholderTexture.uasset" 3445
"/Engine/EngineMaterials/DefaultWhiteGrid" 3446
"../../../Engine/Content/EngineMaterials/DefaultWhiteGrid.uasset" 3447
"/Engine/EngineMaterials/PreintegratedSkinBRDF" 3448
"../../../Engine/Content/EngineMaterials/PreintegratedSkinBRDF.uasset" 3449
"/Engine/EngineMaterials/LTC/GGX_LTCAmp" 3450
"../../../Engine/Content/EngineMaterials/LTC/GGX_LTCAmp.uasset" 3451
"/Engine/EngineMaterials/LTC/GGX_LTCMat" 3452
"../../../Engine/Content/EngineMaterials/LTC/GGX_LTCMat.uasset" 3453
"/Engine/EngineMaterials/EnergyConservation/GGX_ReflectionEnergy" 3454
"../../../Engine/Content/EngineMaterials/EnergyConservation/GGX_ReflectionEnergy.uasset" 3455
"/Engine/EngineMaterials/EnergyConservation/GGX_TransmissionEnergyArray" 3456
"../../../Engine/Content/EngineMaterials/EnergyConservation/GGX_TransmissionEnergyArray.uasset" 3457
"/Engine/EngineMaterials/EnergyConservation/SheenLegacy_Energy" 3458
"../../../Engine/Content/EngineMaterials/EnergyConservation/SheenLegacy_Energy.uasset" 3459
"/Engine/EngineMaterials/DefaultPhysicalMaterial" 3460
"../../../Engine/Content/EngineMaterials/DefaultPhysicalMaterial.uasset" 3461
"/Engine/EngineMaterials/DefaultDestructiblePhysicalMaterial" 3462
"../../../Engine/Content/EngineMaterials/DefaultDestructiblePhysicalMaterial.uasset" 3463
"C:/Users/jessw/AppData/Local/UnrealEngine/5.6/Saved/AutoLoadProject.txt" 3464
"C:/Users/jessw/AppData/Local/UnrealEngine/Editor/ProjectEditorRecords.json" 3465
"/Niagara/ParameterDefinitions/SpriteRenderer" 3466
"../../Plugins/FX/Niagara/Content/ParameterDefinitions/SpriteRenderer.uasset" 3467
"/Niagara/ParameterDefinitions/RibbonRenderer" 3468
"../../Plugins/FX/Niagara/Content/ParameterDefinitions/RibbonRenderer.uasset" 3469
"/Niagara/ParameterDefinitions/MeshRenderer" 3470
"../../Plugins/FX/Niagara/Content/ParameterDefinitions/MeshRenderer.uasset" 3471
"/Niagara/ParameterDefinitions/LightRenderer" 3472
"../../Plugins/FX/Niagara/Content/ParameterDefinitions/LightRenderer.uasset" 3473
"/Niagara/ParameterDefinitions/DecalRenderer" 3474
"../../Plugins/FX/Niagara/Content/ParameterDefinitions/DecalRenderer.uasset" 3475
"/Niagara/ParameterDefinitions/CoreParameters" 3476
"../../Plugins/FX/Niagara/Content/ParameterDefinitions/CoreParameters.uasset" 3477
"/DeformerGraph/Deformers/DG_LinearBlendSkin_Morph_Cloth" 3478
"../../Plugins/Animation/DeformerGraph/Content/Deformers/DG_LinearBlendSkin_Morph_Cloth.uasset" 3479
"../../Plugins/Animation/DeformerGraph/Content/DeformerFunctions/DG_Function_LinearBlendSkin_Morph_Cloth.uasset" 3480
"/DeformerGraph/Deformers/DG_LinearBlendSkin_Morph_Cloth_RecomputeNormals" 3481
"../../Plugins/Animation/DeformerGraph/Content/Deformers/DG_LinearBlendSkin_Morph_Cloth_RecomputeNormals.uasset" 3482
"../../Plugins/Animation/DeformerGraph/Content/DeformerFunctions/DG_Function_ComputeNormalsTangents.uasset" 3483
"../../Plugins/Animation/DeformerGraph/Content/DeformerFunctions/DG_Function_LinearBlendSkin_Morph_Cloth_PositionOnly.uasset" 3484
"/Engine/BasicShapes/Sphere" 3485
"../../../Engine/Content/BasicShapes/Sphere.uasset" 3486
"../../../Engine/Content/EngineMaterials/DefaultMaterial.uasset" 3487
"/Engine/BasicShapes/Cylinder" 3488
"../../../Engine/Content/BasicShapes/Cylinder.uasset" 3489
"/Engine/BasicShapes/Cone" 3490
"../../../Engine/Content/BasicShapes/Cone.uasset" 3491
"/Engine/BasicShapes/Plane" 3492
"../../../Engine/Content/BasicShapes/Plane.uasset" 3493
"/Engine/EngineFonts/DroidSansMono" 3494
"../../../Engine/Content/EngineFonts/DroidSansMono.uasset" 3495
"../../../Engine/Content/EngineFonts/Faces/DroidSansMono.uasset" 3496
"../../../Engine/Documentation/Source/Shared/Types/ABrush/ABrush.INT.udn" 3497
"../../../Engine/Content/Internationalization/icudt64l/brkitr/en_US.res" 3498
"../../../Engine/Content/Internationalization/icudt64l/brkitr/en.res" 3499
"../../../Engine/Content/Internationalization/icudt64l/brkitr/root.res" 3500
"../../../Engine/Content/Internationalization/icudt64l/brkitr/char.brk" 3501
"../../../Engine/Content/Internationalization/icudt64l/brkitr/word.brk" 3502
"/Engine/EditorResources/SequenceRecorder/Countdown" 3503
"../../../Engine/Content/EditorResources/SequenceRecorder/Countdown.uasset" 3504
"/Engine/EditorResources/SequenceRecorder/RecordingIndicator" 3505
"../../../Engine/Content/EditorResources/SequenceRecorder/RecordingIndicator.uasset" 3506
"/Engine/EditorMaterials/PhAT_UnselectedMaterial" 3507
"../../../Engine/Content/EditorMaterials/PhAT_UnselectedMaterial.uasset" 3508
"/Engine/EditorMaterials/PhAT_NoCollisionMaterial" 3509
"../../../Engine/Content/EditorMaterials/PhAT_NoCollisionMaterial.uasset" 3510
"/Engine/EditorResources/S_Terrain" 3511
"../../../Engine/Content/EditorResources/S_Terrain.uasset" 3512
"../../../Engine/Plugins/FX/Niagara/Shaders/Private/NiagaraDataInterfaceTexture2DArrayTemplate.ush" 3513
"../../../Engine/Plugins/FX/Niagara/Shaders/Private/NiagaraDataInterfaceActorComponentTemplate.ush" 3514
"../../../Engine/Plugins/FX/Niagara/Shaders/Private/NiagaraDataInterfaceArrayTemplate.ush" 3515
"../../../Engine/Plugins/FX/Niagara/Shaders/Private/NiagaraDataInterfaceArrayRWTemplate.ush" 3516
"../../../Engine/Plugins/FX/Niagara/Shaders/Private/NiagaraDataInterfaceAsyncGpuTrace.ush" 3517
"../../../Engine/Plugins/FX/Niagara/Shaders/Private/NiagaraDataInterfaceAsyncGpuTraceTemplate.ush" 3518
"../../../Engine/Plugins/FX/Niagara/Shaders/Private/NiagaraDataInterfaceCamera.ush" 3519
"../../../Engine/Plugins/Experimental/ChaosNiagara/Shaders/NiagaraDataInterfaceChaosDestruction.ush" 3520
"../../../Engine/Plugins/FX/Niagara/Shaders/Private/NiagaraDataInterfaceCollisionQuery.ush" 3521
"C:/Users/jessw/Documents/GitHub/CasualProductionDreamTeam/DreamRunner/Intermediate/ShaderAutogen/PCD3D_SM5/AutogenShaderHeaders.ush" 3522
"../../../Engine/Plugins/FX/Niagara/Shaders/Private/NiagaraDataInterfaceCollisionQueryTemplate.ush" 3523
"../../../Engine/Plugins/FX/Niagara/Shaders/Private/NiagaraDataInterfaceCurveTemplate.ush" 3524
"../../../Engine/Plugins/FX/Niagara/Shaders/Private/NiagaraDataInterfaceCubeTextureTemplate.ush" 3525
"../../../Engine/Plugins/FX/Niagara/Shaders/Private/DataChannel/NiagaraDataInterfaceDataChannelCommon.ush" 3526
"../../../Engine/Plugins/FX/Niagara/Shaders/Private/DataChannel/NiagaraDataInterfaceDataChannelTemplateCommon.ush" 3527
"../../../Engine/Plugins/FX/Niagara/Shaders/Private/DataChannel/NiagaraDataInterfaceDataChannelTemplateReadCommon.ush" 3528
"../../../Engine/Plugins/FX/Niagara/Shaders/Private/DataChannel/NiagaraDataInterfaceDataChannelTemplate_Read.ush" 3529
"../../../Engine/Plugins/FX/Niagara/Shaders/Private/DataChannel/NiagaraDataInterfaceDataChannelTemplate_Consume.ush" 3530
"../../../Engine/Plugins/FX/Niagara/Shaders/Private/DataChannel/NiagaraDataInterfaceDataChannelTemplateWriteCommon.ush" 3531
"../../../Engine/Plugins/FX/Niagara/Shaders/Private/DataChannel/NiagaraDataInterfaceDataChannelTemplate_Append.ush" 3532
"../../../Engine/Plugins/FX/Niagara/Shaders/Private/NiagaraDataInterfaceDataTableTemplate.ush" 3533
"../../../Engine/Plugins/FX/Niagara/Shaders/Private/NiagaraDataInterfaceDebugDraw.ush" 3534
"../../../Engine/Plugins/FX/Niagara/Shaders/Private/NiagaraDataInterfaceDebugDrawTemplate.ush" 3535
"../../../Engine/Plugins/FX/Niagara/Shaders/Private/NiagaraDataInterfaceDynamicMeshTemplate.ush" 3536
"../../../Engine/Plugins/FX/Niagara/Shaders/Private/NiagaraDataInterfaceEmitterPropertiesTemplate.ush" 3537
"../../../Engine/Plugins/FX/Niagara/Shaders/Private/NiagaraDataInterfaceExportTemplate.ush" 3538
"../../../Engine/Plugins/FX/Niagara/Shaders/Private/NiagaraDataInterfaceGBufferTemplate.ush" 3539
"../../../Engine/Plugins/Experimental/ChaosNiagara/Shaders/NiagaraDataInterfaceGeometryCollection.ush" 3540
"../../../Engine/Plugins/FX/Niagara/Shaders/Private/NiagaraTransformUtils.ush" 3541
"../../../Engine/Plugins/Runtime/HairStrands/Shaders/Private/NiagaraStrandsExternalForce.ush" 3542
"../../../Engine/Plugins/Runtime/HairStrands/Shaders/Private/NiagaraHookeSpringMaterial.ush" 3543
"../../../Engine/Plugins/Runtime/HairStrands/Shaders/Private/NiagaraAngularSpringMaterial.ush" 3544
"../../../Engine/Plugins/Runtime/HairStrands/Shaders/Private/NiagaraConstantVolumeMaterial.ush" 3545
"../../../Engine/Plugins/Runtime/HairStrands/Shaders/Private/NiagaraCosseratRodMaterial.ush" 3546
"../../../Engine/Plugins/Runtime/HairStrands/Shaders/Private/NiagaraStaticCollisionConstraint.ush" 3547
"../../../Engine/Plugins/Runtime/HairStrands/Shaders/Private/NiagaraDataInterfaceHairStrands.ush" 3548
"../../../Engine/Plugins/Runtime/HairStrands/Shaders/Private/NiagaraDataInterfaceHairStrandsTemplate.ush" 3549
"../../../Engine/Plugins/FX/Niagara/Shaders/Private/NiagaraDataInterfaceIntRenderTarget2D.ush" 3550
"../../../Engine/Plugins/FX/Niagara/Shaders/Private/NiagaraDataInterfaceLandscape.ush" 3551
"../../../Engine/Plugins/FX/Niagara/Shaders/Private/NiagaraDataInterfaceMemoryBufferTemplate.ush" 3552
"../../../Engine/Plugins/FX/Niagara/Shaders/Private/NiagaraDataInterfaceMeshRendererInfoTemplate.ush" 3553
"../../../Engine/Plugins/FX/Niagara/Shaders/Private/NiagaraDataInterfaceOcclusion.ush" 3554
"../../../Engine/Plugins/FX/Niagara/Shaders/Private/NiagaraDataInterfacePhysicsAsset.ush" 3555
"../../../Engine/Plugins/Experimental/ChaosNiagara/Shaders/NiagaraDataInterfacePhysicsField.ush" 3556
"../../../Engine/Plugins/FX/Niagara/Shaders/Private/NiagaraDataInterfacePlatformSetTemplate.ush" 3557
"../../../Engine/Plugins/Runtime/HairStrands/Shaders/Private/NiagaraDataInterfaceVelocityGrid.ush" 3558
"../../../Engine/Plugins/Runtime/HairStrands/Shaders/Private/NiagaraDataInterfaceVelocityGridTemplate.ush" 3559
"../../../Engine/Plugins/Runtime/HairStrands/Shaders/Private/NiagaraDataInterfacePressureGrid.ush" 3560
"../../../Engine/Plugins/Runtime/HairStrands/Shaders/Private/NiagaraDataInterfacePressureGridTemplate.ush" 3561
"../../../Engine/Plugins/FX/Niagara/Shaders/Private/NiagaraDataInterfaceRenderTarget2DTemplate.ush" 3562
"../../../Engine/Plugins/FX/Niagara/Shaders/Private/NiagaraDataInterfaceRenderTarget2DArrayTemplate.ush" 3563
"../../../Engine/Plugins/FX/Niagara/Shaders/Private/NiagaraDataInterfaceRenderTargetCubeTemplate.ush" 3564
"../../../Engine/Plugins/FX/Niagara/Shaders/Private/NiagaraDataInterfaceRenderTargetVolumeTemplate.ush" 3565
"../../../Engine/Plugins/FX/Niagara/Shaders/Private/NiagaraDataInterfaceRigidMeshCollisionQuery.ush" 3566
"../../../Engine/Plugins/FX/Niagara/Shaders/Private/NiagaraDistanceFieldQueries.ush" 3567
"../../../Engine/Plugins/FX/Niagara/Shaders/Private/NiagaraDataInterfaceSceneCapture2DTemplate.ush" 3568
"../../../Engine/Plugins/FX/Niagara/Shaders/Private/NiagaraDataInterfaceSimCacheReaderTemplate.ush" 3569
"../../../Engine/Plugins/FX/Niagara/Shaders/Private/NiagaraDataInterfaceSimpleCounterTemplate.ush" 3570
"../../../Engine/Plugins/FX/Niagara/Shaders/Private/NiagaraDataInterfaceSkeletalMesh.ush" 3571
"../../../Engine/Plugins/FX/Niagara/Shaders/Private/NiagaraBaryCentricUtils.ush" 3572
"../../../Engine/Plugins/FX/Niagara/Shaders/Private/NiagaraDataInterfaceSkeletalMeshTemplate.ush" 3573
"../../../Engine/Plugins/FX/Niagara/Shaders/Private/NiagaraDataInterfaceSocketReaderTemplate.ush" 3574
"../../../Engine/Plugins/FX/Niagara/Shaders/Private/NiagaraDataInterfaceSparseVolumeTextureTemplate.ush" 3575
"../../../Engine/Plugins/FX/Niagara/Shaders/Private/NiagaraDataInterfaceSplineTemplate.ush" 3576
"../../../Engine/Plugins/FX/Niagara/Shaders/Private/NiagaraDataInterfaceSpriteRendererInfoTemplate.ush" 3577
"../../../Engine/Plugins/FX/Niagara/Shaders/Private/NiagaraDataInterfaceStaticMeshTemplate.ush" 3578
"../../../Engine/Plugins/FX/Niagara/Shaders/Private/NiagaraDataInterfaceTextureTemplate.ush" 3579
"../../../Engine/Plugins/FX/Niagara/Shaders/Private/NiagaraDataInterfaceVirtualTexture.ush" 3580
"../../../Engine/Plugins/FX/Niagara/Shaders/Private/NiagaraDataInterfaceVirtualTextureTemplate.ush" 3581
"../../../Engine/Plugins/FX/Niagara/Shaders/Private/NiagaraDataInterfaceVolumeCache.ush" 3582
"../../../Engine/Plugins/FX/Niagara/Shaders/Private/NiagaraDataInterfaceVolumeTextureTemplate.ush" 3583
"../../../../../../Users/jessw/Documents/GitHub/CasualProductionDreamTeam/DreamRunner/Intermediate/ShaderAutogen/PCD3D_SM5/AutogenShaderHeaders.ush" 3584
"C:/Users/jessw/Documents/GitHub/CasualProductionDreamTeam/DreamRunner/Content/VNStuff/Content/SFX/Character/S_reitanna__japanese-thanks.uasset" 3585
"C:/Users/jessw/Documents/GitHub/CasualProductionDreamTeam/DreamRunner/Content/VNStuff/Content/SFX/Music/S_wi-photos__menu_Cue.uasset" 3586
"C:/Users/jessw/Documents/GitHub/CasualProductionDreamTeam/DreamRunner/Content/VNStuff/Content/SFX/Character/S_reitanna__japanese-awesome_Cue.uasset" 3587
"C:/Users/jessw/Documents/GitHub/CasualProductionDreamTeam/DreamRunner/Content/VNStuff/Content/Textures/Backgrounds/BG_Park.uasset" 3588
"C:/Users/jessw/Documents/GitHub/CasualProductionDreamTeam/DreamRunner/Content/VNStuff/Content/SFX/Character/S_reitanna__japanese-awesome.uasset" 3589
"C:/Users/jessw/Documents/GitHub/CasualProductionDreamTeam/DreamRunner/Content/VNStuff/Content/SFX/Character/S_reitanna__japanese-hello2.uasset" 3590
"C:/Users/jessw/Documents/GitHub/CasualProductionDreamTeam/DreamRunner/Content/VNStuff/Content/Textures/Backgrounds/BG_BusStop.uasset" 3591
"C:/Users/jessw/Documents/GitHub/CasualProductionDreamTeam/DreamRunner/Content/VNStuff/Content/SFX/Character/S_reitanna__japanese-hello2_Cue.uasset" 3592
"C:/Users/jessw/Documents/GitHub/CasualProductionDreamTeam/DreamRunner/Content/VNStuff/Content/SFX/Music/S_wi-photos_menu.uasset" 3593
"C:/Users/jessw/Documents/GitHub/CasualProductionDreamTeam/DreamRunner/Content/VNStuff/Content/SFX/Character/S_reitanna__japanese-good-morning_Cue.uasset" 3594
"/Game/VNStuff/Content/SFX/Character/S_reitanna__japanese-thanks" 3595
"C:/Users/jessw/Documents/GitHub/CasualProductionDreamTeam/DreamRunner/Content/VNStuff/Content/Blueprints/DT_TestingDialog.uasset" 3596
"C:/Users/jessw/Documents/GitHub/CasualProductionDreamTeam/DreamRunner/Content/VNStuff/Content/SFX/Character/S_reitanna__japanese-yay4.uasset" 3597
"C:/Users/jessw/Documents/GitHub/CasualProductionDreamTeam/DreamRunner/Content/VNStuff/Content/Blueprints/DT_TestingScript.uasset" 3598
"C:/Users/jessw/Documents/GitHub/CasualProductionDreamTeam/DreamRunner/Content/VNStuff/Content/SFX/Character/S_reitanna__japanese-no3_Cue.uasset" 3599
"C:/Users/jessw/Documents/GitHub/CasualProductionDreamTeam/DreamRunner/Content/VNStuff/Content/SFX/Character/S_reitanna__japanese-help3.uasset" 3600
"C:/Users/jessw/Documents/GitHub/CasualProductionDreamTeam/DreamRunner/Content/VNStuff/Content/Textures/Characters/Hikari_Scared.uasset" 3601
"C:/Users/jessw/Documents/GitHub/CasualProductionDreamTeam/DreamRunner/Content/VNStuff/Content/SFX/Character/S_reitanna__japanese-no3.uasset" 3602
"C:/Users/jessw/Documents/GitHub/CasualProductionDreamTeam/DreamRunner/Content/VNStuff/Content/Textures/Characters/Hikari__Sad.uasset" 3603
"C:/Users/jessw/Documents/GitHub/CasualProductionDreamTeam/DreamRunner/Content/VNStuff/Content/SFX/Music/S_gis_sweden__background-music-loop-120bpm-220928.uasset" 3604
"C:/Users/jessw/Documents/GitHub/CasualProductionDreamTeam/DreamRunner/Content/VNStuff/Content/SFX/Character/S_reitanna__japanese-where.uasset" 3605
"C:/Users/jessw/Documents/GitHub/CasualProductionDreamTeam/DreamRunner/Content/VNStuff/Content/SFX/Character/S_reitanna__japanese-yay4_Cue.uasset" 3606
"C:/Users/jessw/Documents/GitHub/CasualProductionDreamTeam/DreamRunner/Content/VNStuff/Content/Textures/Characters/Hikari_Cheerful.uasset" 3607
"C:/Users/jessw/Documents/GitHub/CasualProductionDreamTeam/DreamRunner/Content/VNStuff/Content/SFX/Character/S_reitanna__japanese-thanks_Cue.uasset" 3608
"C:/Users/jessw/Documents/GitHub/CasualProductionDreamTeam/DreamRunner/Content/VNStuff/Content/Textures/Characters/Hikari__Crying.uasset" 3609
"C:/Users/jessw/Documents/GitHub/CasualProductionDreamTeam/DreamRunner/Content/VNStuff/Content/SFX/Character/S_reitanna__japanese-good-morning.uasset" 3610
"C:/Users/jessw/Documents/GitHub/CasualProductionDreamTeam/DreamRunner/Content/VNStuff/Content/Blueprints/DT_TestingYN.uasset" 3611
"C:/Users/jessw/Documents/GitHub/CasualProductionDreamTeam/DreamRunner/Content/VNStuff/Content/SFX/Character/S_reitanna__japanese-where_Cue.uasset" 3612
"C:/Users/jessw/Documents/GitHub/CasualProductionDreamTeam/DreamRunner/Content/VNStuff/Content/Textures/Characters/Hikari_Happy.uasset" 3613
"C:/Users/jessw/Documents/GitHub/CasualProductionDreamTeam/DreamRunner/Content/VNStuff/Content/SFX/Music/S_gis_sweden__background-music-loop-120bpm-220928_Cue.uasset" 3614
"C:/Users/jessw/Documents/GitHub/CasualProductionDreamTeam/DreamRunner/Content/VNStuff/Content/SFX/Music/S_f-r-a-g-i-l-e__fairy-tale-synth-bells_Cue.uasset" 3615
"C:/Users/jessw/Documents/GitHub/CasualProductionDreamTeam/DreamRunner/Content/VNStuff/Content/SFX/Character/S_reitanna__japanese-help3_Cue.uasset" 3616
"C:/Users/jessw/Documents/GitHub/CasualProductionDreamTeam/DreamRunner/Content/VNStuff/Content/SFX/Music/S_f-r-a-g-i-l-e__fairy-tale-synth-bells.uasset" 3617
"C:/Users/jessw/Documents/GitHub/CasualProductionDreamTeam/DreamRunner/Content/VNStuff/Content/Blueprints/ST_YNDialogSetup.uasset" 3618
"/Game/VNStuff/Content/SFX/Character/S_reitanna__japanese-good-morning" 3619
"/Game/VNStuff/Content/SFX/Character/S_reitanna__japanese-good-morning_Cue" 3620
"/Game/VNStuff/Content/SFX/Character/S_reitanna__japanese-thanks_Cue" 3621
"/Game/VNStuff/Content/SFX/Character/S_reitanna__japanese-yay4" 3622
"/Game/VNStuff/Content/SFX/Character/S_reitanna__japanese-yay4_Cue" 3623
"/Game/VNStuff/Content/SFX/Music/S_f-r-a-g-i-l-e__fairy-tale-synth-bells_Cue" 3624
"/Game/VNStuff/Content/SFX/Music/S_gis_sweden__background-music-loop-120bpm-220928" 3625
"/Game/VNStuff/Content/SFX/Music/S_gis_sweden__background-music-loop-120bpm-220928_Cue" 3626
"/Game/VNStuff/Content/SFX/Music/S_wi-photos_menu" 3627
"/Game/VNStuff/Content/SFX/Music/S_wi-photos__menu_Cue" 3628
"/Game/VNStuff/Content/Textures/Backgrounds/BG_BusStop" 3629
"/Game/VNStuff/Content/Textures/Backgrounds/BG_Park" 3630
"/Game/VNStuff/Content/Blueprints/DT_TestingScript" 3631
"../../../../../../Users/jessw/Documents/GitHub/CasualProductionDreamTeam/DreamRunner/Content/VNStuff/Content/Blueprints/ST_Script.uasset" 3632
"../../../../../../Users/jessw/Documents/GitHub/CasualProductionDreamTeam/DreamRunner/Content/VNStuff/Content/Blueprints/Enums/E_Script.uasset" 3633
"/Game/VNStuff/Content/SFX/Character/S_reitanna__japanese-awesome" 3634
"/Game/VNStuff/Content/SFX/Character/S_reitanna__japanese-awesome_Cue" 3635
"/Game/VNStuff/Content/SFX/Character/S_reitanna__japanese-hello2" 3636
"/Game/VNStuff/Content/SFX/Character/S_reitanna__japanese-hello2_Cue" 3637
"/Game/VNStuff/Content/SFX/Character/S_reitanna__japanese-help3" 3638
"/Game/VNStuff/Content/SFX/Character/S_reitanna__japanese-help3_Cue" 3639
"/Game/VNStuff/Content/SFX/Character/S_reitanna__japanese-no3" 3640
"/Game/VNStuff/Content/SFX/Character/S_reitanna__japanese-no3_Cue" 3641
"/Game/VNStuff/Content/SFX/Character/S_reitanna__japanese-where" 3642
"/Game/VNStuff/Content/SFX/Character/S_reitanna__japanese-where_Cue" 3643
"C:/Users/jessw/Documents/GitHub/CasualProductionDreamTeam/DreamRunner/Content/VNStuff/Content/Blueprints/ST_DialogSetup.uasset" 3644
"C:/Users/jessw/Documents/GitHub/CasualProductionDreamTeam/DreamRunner/Content/VNStuff/Content/UI/WG_Loading.uasset" 3645
"C:/Users/jessw/Documents/GitHub/CasualProductionDreamTeam/DreamRunner/Content/VNStuff/Content/Blueprints/Enums/E_Names.uasset" 3646
"C:/Users/jessw/Documents/GitHub/CasualProductionDreamTeam/DreamRunner/Content/VNStuff/Content/SFX/UI/680823__sordidmoo__26777_1128404-lq_Cue.uasset" 3647
"C:/Users/jessw/Documents/GitHub/CasualProductionDreamTeam/DreamRunner/Content/VNStuff/Content/Textures/UI/BoxLayouts__0003_UI_Textbox.uasset" 3648
"C:/Users/jessw/Documents/GitHub/CasualProductionDreamTeam/DreamRunner/Content/VNStuff/Content/UI/WG_FocusedEvent.uasset" 3649
"C:/Users/jessw/Documents/GitHub/CasualProductionDreamTeam/DreamRunner/Content/VNStuff/Content/UI/WG_Character1.uasset" 3650
"C:/Users/jessw/Documents/GitHub/CasualProductionDreamTeam/DreamRunner/Content/VNStuff/Content/Textures/UI/BoxLayouts2_0004_UI_Namebox1.uasset" 3651
"C:/Users/jessw/Documents/GitHub/CasualProductionDreamTeam/DreamRunner/Content/VNStuff/Content/UI/WG_HUD.uasset" 3652
"C:/Users/jessw/Documents/GitHub/CasualProductionDreamTeam/DreamRunner/Content/VNStuff/Content/Textures/UI/BoxLayouts__0002_UI_Textbox1.uasset" 3653
"C:/Users/jessw/Documents/GitHub/CasualProductionDreamTeam/DreamRunner/Content/VNStuff/Content/Textures/Characters/Hikari__Neutral.uasset" 3654
"C:/Users/jessw/Documents/GitHub/CasualProductionDreamTeam/DreamRunner/Content/VNStuff/Content/SFX/UI/680823__sordidmoo__26777_1128404-lq.uasset" 3655
"C:/Users/jessw/Documents/GitHub/CasualProductionDreamTeam/DreamRunner/Content/VNStuff/Content/Maps/Gameplay.umap" 3656
"/Game/VNStuff/Content/Blueprints/ST_YNDialogSetup" 3657
"C:/Users/jessw/Documents/GitHub/CasualProductionDreamTeam/DreamRunner/Content/UI/M_TextWave_Mk2.uasset" 3658
"../../../Engine/Content/EditorBlueprintResources/StandardMacros.uasset" 3659
"C:/Users/jessw/Documents/GitHub/CasualProductionDreamTeam/DreamRunner/Content/UI/MI_TextWave_Mk2_MM.uasset" 3660
"C:/Users/jessw/Documents/GitHub/CasualProductionDreamTeam/DreamRunner/Content/VNStuff/Content/Textures/Events/Asset_Breakfast.uasset" 3661
"C:/Users/jessw/Documents/GitHub/CasualProductionDreamTeam/DreamRunner/Content/UI/Gear_Icon.uasset" 3662
"C:/Users/jessw/Documents/GitHub/CasualProductionDreamTeam/DreamRunner/Content/VNStuff/Content/UI/WG_YN.uasset" 3663
"C:/Users/jessw/Documents/GitHub/CasualProductionDreamTeam/DreamRunner/Content/VNStuff/Content/Blueprints/BP_ScriptManager.uasset" 3664
"C:/Users/jessw/Documents/GitHub/CasualProductionDreamTeam/DreamRunner/Content/VNStuff/Content/UI/WG_Fade.uasset" 3665
"C:/Users/jessw/Documents/GitHub/CasualProductionDreamTeam/DreamRunner/Content/Audio/Ethereal.uasset" 3666
"C:/Users/jessw/Documents/GitHub/CasualProductionDreamTeam/DreamRunner/Content/VNStuff/Content/UI/WG_Dialog.uasset" 3667
"/Game/VNStuff/Content/Textures/UI/BoxLayouts__0003_UI_Textbox" 3668
"/Game/VNStuff/Content/UI/WG_Loading" 3669
"/Game/VNStuff/Content/Blueprints/ST_DialogSetup" 3670
"/Game/VNStuff/Content/Textures/Characters/Hikari_Cheerful" 3671
"/Game/VNStuff/Content/Textures/Characters/Hikari_Happy" 3672
"/Game/VNStuff/Content/Textures/Characters/Hikari_Scared" 3673
"/Game/VNStuff/Content/Textures/Characters/Hikari__Crying" 3674
"/Game/VNStuff/Content/Textures/Characters/Hikari__Sad" 3675
"/Game/UI/Gear_Icon" 3676
"C:/Users/jessw/Documents/GitHub/CasualProductionDreamTeam/DreamRunner/Content/UI/Back_Icon.uasset" 3677
"C:/Users/jessw/Documents/GitHub/CasualProductionDreamTeam/DreamRunner/Content/UI/Rouica1.uasset" 3678
"C:/Users/jessw/Documents/GitHub/CasualProductionDreamTeam/DreamRunner/Content/UI/Rouica_Font1.uasset" 3679
"/Game/Audio/Ethereal" 3680
"C:/Users/jessw/Documents/GitHub/CasualProductionDreamTeam/DreamRunner/Content/UI/Settings.uasset" 3681
"C:/Users/jessw/Documents/GitHub/CasualProductionDreamTeam/DreamRunner/Content/UI/Dreaming_Princess_Font1.uasset" 3682
"C:/Users/jessw/Documents/GitHub/CasualProductionDreamTeam/DreamRunner/Content/UI/Main_Menu.uasset" 3683
"../../../Engine/Content/EngineSky/VolumetricClouds/VT_Lightning.uasset" 3684
"C:/Users/jessw/Documents/GitHub/CasualProductionDreamTeam/DreamRunner/Content/UI/Dreaming_Princess1.uasset" 3685
"../../../Engine/Content/Functions/Engine_MaterialFunctions01/Units/Km-to-Cm.uasset" 3686
"C:/Users/jessw/Documents/GitHub/CasualProductionDreamTeam/DreamRunner/Content/UI/Audio_Icon.uasset" 3687
"../../../Engine/Content/Functions/Engine_MaterialFunctions02/Utility/MakeFloat4.uasset" 3688
"/Game/VNStuff/Content/Maps/Gameplay" 3689
"../../../../../../Users/jessw/Documents/GitHub/CasualProductionDreamTeam/DreamRunner/Content/VNStuff/Content/Maps/Gameplay.umap" 3690
"/Game/UI/M_TextWave_Mk2" 3691
"/Game/UI/MI_TextWave_Mk2_MM" 3692
"../../../Engine/Content/EngineSky/VolumetricClouds/T_CloudPattern.uasset" 3693
"../../../Engine/Content/EngineSky/M_Sky_Panning_Clouds2.uasset" 3694
"../../../Engine/Content/EngineSky/VolumetricClouds/T_CloudMask.uasset" 3695
"../../../Engine/Content/EngineSky/VolumetricClouds/T_Profile_08.uasset" 3696
"../../../Engine/Content/EngineSky/M_SimpleSkyDome.uasset" 3697
"../../../Engine/Content/EngineSky/VolumetricClouds/m_SimpleVolumetricCloud.uasset" 3698
"/Engine/Functions/Engine_MaterialFunctions02/Utility/MakeFloat4" 3699
"../../../Engine/Content/EngineSky/T_Sky_Clouds_M.uasset" 3700
"C:/Users/jessw/Documents/GitHub/CasualProductionDreamTeam/DreamRunner/Content/Fab/Megascans/Surfaces/Icelandic_Rock_Cliff_sjggaija/Medium/sjggaija_tier_2/Textures/T_sjggaija_2K_N.uasset" 3701
"../../../Engine/Content/EngineSky/SM_SkySphere.uasset" 3702
"../../../Engine/Content/EngineSky/VolumetricClouds/VT_PerlinWorley_Balanced.uasset" 3703
"../../../Engine/Content/EngineSky/VolumetricClouds/m_SimpleVolumetricCloud_Inst.uasset" 3704
"../../../Engine/Content/Functions/Engine_MaterialFunctions02/Utility/BreakOutFloat4Components.uasset" 3705
"C:/Users/jessw/Documents/GitHub/CasualProductionDreamTeam/DreamRunner/Content/Fab/Megascans/Surfaces/Icelandic_Rock_Cliff_sjggaija/Medium/sjggaija_tier_2/Textures/T_sjggaija_2K_B.uasset" 3706
"C:/Users/jessw/Documents/GitHub/CasualProductionDreamTeam/DreamRunner/Content/Fab/Megascans/Surfaces/Icelandic_Rock_Cliff_sjggaija/Medium/sjggaija_tier_2/Textures/T_sjggaija_2K_ORM.uasset" 3707
"../../../Engine/Plugins/Fab/Content/Textures/Standard/T_DefaultMasks.uasset" 3708
"../../../Engine/Plugins/Fab/Content/Textures/Standard/T_DefaultColor.uasset" 3709
"../../../Engine/Content/EngineSky/T_Sky_Blue.uasset" 3710
"../../../Engine/Plugins/Fab/Content/Textures/Standard/T_DefaultDisplacement.uasset" 3711
"C:/Users/jessw/Documents/GitHub/CasualProductionDreamTeam/DreamRunner/Content/Levels/Main_Menu_Level.umap" 3712
"C:/Users/jessw/Documents/GitHub/CasualProductionDreamTeam/DreamRunner/Content/Audio/Start_Up.uasset" 3713
"/Engine/EngineSky/VolumetricClouds/VT_Lightning" 3714
"../../../Engine/Content/EngineSky/T_Sky_Stars.uasset" 3715
"/Engine/Functions/Engine_MaterialFunctions01/Units/Km-to-Cm" 3716
"/Game/UI/Main_Menu" 3717
"C:/Users/jessw/Documents/GitHub/CasualProductionDreamTeam/DreamRunner/Content/Audio/Collection.uasset" 3718
"../../../Engine/Plugins/Fab/Content/MaterialFunctions/QMF_RoughnessAdjustments.uasset" 3719
"../../../Engine/Plugins/Fab/Content/Textures/Standard/T_DefaultNormal.uasset" 3720
"/Fab/Textures/Standard/T_DefaultMasks" 3721
"../../../Engine/Plugins/Fab/Content/MaterialFunctions/QMF_Tiling.uasset" 3722
"C:/Users/jessw/Documents/GitHub/CasualProductionDreamTeam/DreamRunner/Content/Materials/Orb_Mat.uasset" 3723
"../../../Engine/Plugins/Fab/Content/Materials/Standard/M_MS_Srf.uasset" 3724
"../../../Engine/Plugins/Fab/Content/MaterialFunctions/QMF_AOAdjustments.uasset" 3725
"C:/Users/jessw/Documents/GitHub/CasualProductionDreamTeam/DreamRunner/Content/Fab/Megascans/Surfaces/Icelandic_Rock_Cliff_sjggaija/Medium/sjggaija_tier_2/Materials/MI_sjggaija.uasset" 3726
"C:/Users/jessw/Documents/GitHub/CasualProductionDreamTeam/DreamRunner/Content/Audio/HitSound.uasset" 3727
"../../../Engine/Plugins/Fab/Content/MaterialFunctions/QMF_NormalAdjustments.uasset" 3728
"../../../Engine/Plugins/Fab/Content/MaterialFunctions/QMF_BaseColorAdjustments.uasset" 3729
"/Fab/Textures/Standard/T_DefaultDisplacement" 3730
"/Fab/Textures/Standard/T_DefaultColor" 3731
"/Game/Fab/Megascans/Surfaces/Icelandic_Rock_Cliff_sjggaija/Medium/sjggaija_tier_2/Textures/T_sjggaija_2K_ORM" 3732
"/Game/Fab/Megascans/Surfaces/Icelandic_Rock_Cliff_sjggaija/Medium/sjggaija_tier_2/Textures/T_sjggaija_2K_N" 3733
"/Game/Fab/Megascans/Surfaces/Icelandic_Rock_Cliff_sjggaija/Medium/sjggaija_tier_2/Textures/T_sjggaija_2K_B" 3734
"/Game/Audio/Start_Up" 3735
"/Game/Levels/Main_Menu_Level" 3736
"../../../../../../Users/jessw/Documents/GitHub/CasualProductionDreamTeam/DreamRunner/Content/Levels/Main_Menu_Level.umap" 3737
"C:/Users/jessw/Documents/GitHub/CasualProductionDreamTeam/DreamRunner/Content/Materials/MI_CollectibleStars.uasset" 3738
"C:/Users/jessw/Documents/GitHub/CasualProductionDreamTeam/DreamRunner/Content/3DAssets/TileSets/SM_TIleSet_7.uasset" 3739
"C:/Users/jessw/Documents/GitHub/CasualProductionDreamTeam/DreamRunner/Content/ThirdPerson/Blueprints/BP_Orb.uasset" 3740
"C:/Users/jessw/Documents/GitHub/CasualProductionDreamTeam/DreamRunner/Content/3DAssets/Obstacles/3wide_side_slide/3wide_side_slide_textures/WSR_low_Material_002_OcclusionRoughnessMetallic_Raw.uasset" 3741
"/Game/Materials/Orb_Mat" 3742
"C:/Users/jessw/Documents/GitHub/CasualProductionDreamTeam/DreamRunner/Content/3DAssets/Obstacles/3wide_side_slide/Material_002.uasset" 3743
"C:/Users/jessw/Documents/GitHub/CasualProductionDreamTeam/DreamRunner/Content/VFX/NS_Collectibles.uasset" 3744
"C:/Users/jessw/Documents/GitHub/CasualProductionDreamTeam/DreamRunner/Content/3DAssets/TileSets/SM_TileSet_5.uasset" 3745
"C:/Users/jessw/Documents/GitHub/CasualProductionDreamTeam/DreamRunner/Content/3DAssets/TileSets/SM_TileSet_4.uasset" 3746
"C:/Users/jessw/Documents/GitHub/CasualProductionDreamTeam/DreamRunner/Content/3DAssets/TileSets/SM_TileSet_3.uasset" 3747
"C:/Users/jessw/Documents/GitHub/CasualProductionDreamTeam/DreamRunner/Content/Materials/Circle01.uasset" 3748
"C:/Users/jessw/Documents/GitHub/CasualProductionDreamTeam/DreamRunner/Content/3DAssets/Obstacles/3wide_jump/3wide_jump_textures/WR_low_Material_002_BaseColor_sRGB.uasset" 3749
"../../../Engine/Plugins/FX/Niagara/Content/DynamicInputs/TypeConversions/Vector2DFromFloat.uasset" 3750
"C:/Users/jessw/Documents/GitHub/CasualProductionDreamTeam/DreamRunner/Content/3DAssets/TileSets/SM_TileSet_6.uasset" 3751
"C:/Users/jessw/Documents/GitHub/CasualProductionDreamTeam/DreamRunner/Content/Materials/Flare00.uasset" 3752
"C:/Users/jessw/Documents/GitHub/CasualProductionDreamTeam/DreamRunner/Content/3DAssets/Obstacles/3wide_side_slide/3wide_side_slide_textures/WSR_lowNormal.uasset" 3753
"C:/Users/jessw/Documents/GitHub/CasualProductionDreamTeam/DreamRunner/Content/3DAssets/Obstacles/3wide_side_slide/3wide_side_slide_textures/WSR_lowColor.uasset" 3754
"C:/Users/jessw/Documents/GitHub/CasualProductionDreamTeam/DreamRunner/Content/Materials/M_CollectibleParticle.uasset" 3755
"C:/Users/jessw/Documents/GitHub/CasualProductionDreamTeam/DreamRunner/Content/Materials/MI_CollectibleCircle.uasset" 3756
"C:/Users/jessw/Documents/GitHub/CasualProductionDreamTeam/DreamRunner/Content/Materials/MI_CollectibleFlare.uasset" 3757
"C:/Users/jessw/Documents/GitHub/CasualProductionDreamTeam/DreamRunner/Content/Materials/Flare02.uasset" 3758
"/Game/Audio/Collection" 3759
"C:/Users/jessw/Documents/GitHub/CasualProductionDreamTeam/DreamRunner/Content/3DAssets/Obstacles/3wide_side_slide/WSR.uasset" 3760
"/Game/Audio/HitSound" 3761
"/Game/Fab/Megascans/Surfaces/Icelandic_Rock_Cliff_sjggaija/Medium/sjggaija_tier_2/Materials/MI_sjggaija" 3762
"C:/Users/jessw/Documents/GitHub/CasualProductionDreamTeam/DreamRunner/Content/3DAssets/Obstacles/3wide_jump/3wide_jump_textures/WR_low_Material_002_Normal_Raw.uasset" 3763
"C:/Users/jessw/Documents/GitHub/CasualProductionDreamTeam/DreamRunner/Content/3DAssets/Obstacles/3wide_jump/3wide_jump_textures/WR_low_Material_002_OcclusionRoughnessMetallic_Raw.uasset" 3764
"C:/Users/jessw/Documents/GitHub/CasualProductionDreamTeam/DreamRunner/Content/3DAssets/Obstacles/SingleLane_jump/Textures/Wall_low_Wall_low_Wall_low_Normal_Raw.uasset" 3765
"C:/Users/jessw/Documents/GitHub/CasualProductionDreamTeam/DreamRunner/Content/3DAssets/Obstacles/SingleLane_jump/Textures/Wall_low_Wall_low_Wall_low_OcclusionRoughnessMetallic_Raw.uasset" 3766
"/Game/3DAssets/Obstacles/3wide_jump/3wide_jump_textures/WR_low_Material_002_BaseColor_sRGB" 3767
"C:/Users/jessw/Documents/GitHub/CasualProductionDreamTeam/DreamRunner/Content/3DAssets/Obstacles/3wide_jump/WJ_mat.uasset" 3768
"C:/Users/jessw/Documents/GitHub/CasualProductionDreamTeam/DreamRunner/Content/3DAssets/TileSets/SM_TileSet_2.uasset" 3769
"C:/Users/jessw/Documents/GitHub/CasualProductionDreamTeam/DreamRunner/Content/3DAssets/Obstacles/SingleLane_jump/Wall_low.uasset" 3770
"C:/Users/jessw/Documents/GitHub/CasualProductionDreamTeam/DreamRunner/Content/3DAssets/Obstacles/SingleLane_jump/Textures/Wall_low_Wall_low_Wall_low_BaseColor_sRGB.uasset" 3771
"C:/Users/jessw/Documents/GitHub/CasualProductionDreamTeam/DreamRunner/Content/3DAssets/TileSets/SM_TileSet_1.uasset" 3772
"C:/Users/jessw/Documents/GitHub/CasualProductionDreamTeam/DreamRunner/Content/ThirdPerson/Blueprints/BP_Block.uasset" 3773
"../../../Engine/Content/MobileResources/HUD/VirtualJoystick_Background.uasset" 3774
"/Game/3DAssets/Obstacles/3wide_side_slide/Material_002" 3775
"/Game/3DAssets/Obstacles/3wide_side_slide/WSR" 3776
"/Game/ThirdPerson/Blueprints/BP_Orb" 3777
"../../../../../../Users/jessw/Documents/GitHub/CasualProductionDreamTeam/DreamRunner/Content/ThirdPerson/Blueprints/BP_ThirdPersonCharacter.uasset" 3778
"../../../../../../Users/jessw/Documents/GitHub/CasualProductionDreamTeam/DreamRunner/Content/3DAssets/PH_Characters/Mannequins/Anims/Unarmed/ABP_Unarmed.uasset" 3779
"../../../../../../Users/jessw/Documents/GitHub/CasualProductionDreamTeam/DreamRunner/Content/Input/Touch/BPI_TouchInterface.uasset" 3780
"../../../../../../Users/jessw/Documents/GitHub/CasualProductionDreamTeam/DreamRunner/Content/VFX/DrapEffet/VFX/NE_drop_effects03.uasset" 3781
"../../../../../../Users/jessw/Documents/GitHub/CasualProductionDreamTeam/DreamRunner/Content/VFX/Tentacles/NS_Tentacles1.uasset" 3782
"../../../../../../Users/jessw/Documents/GitHub/CasualProductionDreamTeam/DreamRunner/Content/3DAssets/PH_Characters/Mannequins/Meshes/SKM_Quinn_Simple.uasset" 3783
"../../../../../../Users/jessw/Documents/GitHub/CasualProductionDreamTeam/DreamRunner/Content/Audio/JumpCue.uasset" 3784
"../../../../../../Users/jessw/Documents/GitHub/CasualProductionDreamTeam/DreamRunner/Content/Audio/Sound_FX1.uasset" 3785
"../../../../../../Users/jessw/Documents/GitHub/CasualProductionDreamTeam/DreamRunner/Content/Audio/whoosh-swift-cut-jam-fx-1-00-00.uasset" 3786
"../../../../../../Users/jessw/Documents/GitHub/CasualProductionDreamTeam/DreamRunner/Content/UI/GameOver_Menu.uasset" 3787
"../../../../../../Users/jessw/Documents/GitHub/CasualProductionDreamTeam/DreamRunner/Content/UI/HUD.uasset" 3788
"../../../../../../Users/jessw/Documents/GitHub/CasualProductionDreamTeam/DreamRunner/Content/UI/Pause_Menu.uasset" 3789
"../../Plugins/FX/Niagara/Content/DynamicInputs/UniformRange/V2/RandomRangeFloat.uasset" 3790
"../../Plugins/FX/Niagara/Content/DynamicInputs/ValueFromCurve/FloatFromCurve.uasset" 3791
"../../Plugins/FX/Niagara/Content/Modules/Emitter/EmitterState.uasset" 3792
"../../Plugins/FX/Niagara/Content/Modules/Emitter/SpawnRate.uasset" 3793
"../../Plugins/FX/Niagara/Content/Modules/Solvers/SolveForcesAndVelocity.uasset" 3794
"../../Plugins/FX/Niagara/Content/Modules/Spawn/Initialization/V2/InitializeParticle.uasset" 3795
"../../Plugins/FX/Niagara/Content/Modules/Spawn/Location/V2/ShapeLocation.uasset" 3796
"../../Plugins/FX/Niagara/Content/Modules/Spawn/Velocity/AddVelocity.uasset" 3797
"../../Plugins/FX/Niagara/Content/Modules/System/SystemState.uasset" 3798
"../../Plugins/FX/Niagara/Content/Modules/Update/Color/ScaleColor.uasset" 3799
"../../Plugins/FX/Niagara/Content/Modules/Update/Forces/Drag.uasset" 3800
"../../Plugins/FX/Niagara/Content/Modules/Update/Forces/V2/CurlNoiseForce.uasset" 3801
"../../Plugins/FX/Niagara/Content/Modules/Update/Lifetime/ParticleState.uasset" 3802
"../../Plugins/FX/Niagara/Content/Modules/Update/Size/ScaleSpriteSize.uasset" 3803
"../../Plugins/FX/Niagara/Content/Enums/Angles/ENiagara_AngleInput.uasset" 3804
"../../Plugins/FX/Niagara/Content/Enums/ENiagara_AttributeSamplingApplyOutput.uasset" 3805
"../../Plugins/FX/Niagara/Content/Enums/ENiagara_ColorInitializationMode.uasset" 3806
"../../Plugins/FX/Niagara/Content/Enums/ENiagara_EmitterStateOptions.uasset" 3807
"../../Plugins/FX/Niagara/Content/Enums/ENiagara_InfiniteLoopDuration.uasset" 3808
"../../Plugins/FX/Niagara/Content/Enums/ENiagara_LifetimeMode.uasset" 3809
"../../Plugins/FX/Niagara/Content/Enums/ENiagara_MassInitializationMode.uasset" 3810
"../../Plugins/FX/Niagara/Content/Enums/ENiagara_PositionInitializationMode.uasset" 3811
"../../Plugins/FX/Niagara/Content/Enums/ENiagara_SizeScaleMode.uasset" 3812
"../../Plugins/FX/Niagara/Content/Enums/ENiagara_SpriteRotationMode.uasset" 3813
"../../Plugins/FX/Niagara/Content/Enums/ENiagara_UVFlippingMode.uasset" 3814
"../../Plugins/FX/Niagara/Content/Enums/ENiagaraChannelCorrelation.uasset" 3815
"../../Plugins/FX/Niagara/Content/Enums/ENiagaraCurlNoiseQuality.uasset" 3816
"../../Plugins/FX/Niagara/Content/Enums/ENiagaraEmitterLifeCycleMode.uasset" 3817
"../../Plugins/FX/Niagara/Content/Enums/ENiagaraEmitterScalabilityMode_Limited.uasset" 3818
"../../Plugins/FX/Niagara/Content/Enums/ENiagaraInactiveMode.uasset" 3819
"../../Plugins/FX/Niagara/Content/Enums/ENiagaraRandomnessEvaluation.uasset" 3820
"../../Plugins/FX/Niagara/Content/Enums/ENiagaraRandomnessMode.uasset" 3821
"../../Plugins/FX/Niagara/Content/Enums/ENiagaraScaleColorMode.uasset" 3822
"../../Plugins/FX/Niagara/Content/Enums/ENiagaraShapeTorusMode.uasset" 3823
"../../Plugins/FX/Niagara/Content/Enums/ENiagaraSphereDistributionMode.uasset" 3824
"../../Plugins/FX/Niagara/Content/Enums/ENiagaraSystemInactiveMode.uasset" 3825
"../../Plugins/FX/Niagara/Content/Enums/ENiagaraTorusDistributionMode.uasset" 3826
"../../Plugins/FX/Niagara/Content/Enums/Location/ENiagara_BoxPlaneMode.uasset" 3827
"../../Plugins/FX/Niagara/Content/Enums/Location/ENiagara_ConeMode.uasset" 3828
"../../Plugins/FX/Niagara/Content/Enums/Location/ENiagara_CylinderMode.uasset" 3829
"../../Plugins/FX/Niagara/Content/Enums/Location/ENiagara_LocationShapes.uasset" 3830
"../../Plugins/FX/Niagara/Content/Enums/Location/ENiagaraRingDiscMode.uasset" 3831
"../../Plugins/FX/Niagara/Content/Enums/Ribbons/ENiagara_UnsetDirectSet.uasset" 3832
"../../Plugins/FX/Niagara/Content/Enums/Ribbons/ENiagara_UnsetDirectSetRandom.uasset" 3833
"../../Plugins/FX/Niagara/Content/Enums/SpriteRenderer/ENiagara_ScaleSpriteSize.uasset" 3834
"../../Plugins/FX/Niagara/Content/Enums/Transforms/ENiagara_OffsetMode.uasset" 3835
"../../Plugins/FX/Niagara/Content/Enums/Transforms/ENiagara_RotationMode.uasset" 3836
"../../Plugins/FX/Niagara/Content/Enums/Transforms/ENiagara_ScaleMode.uasset" 3837
"../../Plugins/FX/Niagara/Content/Enums/Transforms/ENiagara_TransformOrder.uasset" 3838
"../../Plugins/FX/Niagara/Content/Enums/Transforms/ENiagara_TransformType.uasset" 3839
"../../Plugins/FX/Niagara/Content/Enums/Utility/ENiagara_VelocityMode.uasset" 3840
"../../Plugins/FX/Niagara/Content/VectorFields/Assets/TilingCurl32.uasset" 3841
"../../../../../../Users/jessw/Documents/GitHub/CasualProductionDreamTeam/DreamRunner/Content/3DAssets/PH_Characters/Mannequins/Anims/Unarmed/Jump/MM_Fall_Loop.uasset" 3842
"../../../../../../Users/jessw/Documents/GitHub/CasualProductionDreamTeam/DreamRunner/Content/3DAssets/PH_Characters/Mannequins/Anims/Unarmed/Jump/MM_Jump.uasset" 3843
"../../../../../../Users/jessw/Documents/GitHub/CasualProductionDreamTeam/DreamRunner/Content/3DAssets/PH_Characters/Mannequins/Anims/Unarmed/Jump/MM_Land.uasset" 3844
"../../../../../../Users/jessw/Documents/GitHub/CasualProductionDreamTeam/DreamRunner/Content/3DAssets/PH_Characters/Mannequins/Anims/Unarmed/MM_Idle.uasset" 3845
"../../../../../../Users/jessw/Documents/GitHub/CasualProductionDreamTeam/DreamRunner/Content/3DAssets/PH_Characters/Mannequins/Anims/Unarmed/BS_Idle_Walk_Run.uasset" 3846
"../../../../../../Users/jessw/Documents/GitHub/CasualProductionDreamTeam/DreamRunner/Content/3DAssets/PH_Characters/Mannequins/Rigs/CR_Mannequin_FootIK.uasset" 3847
"../../../../../../Users/jessw/Documents/GitHub/CasualProductionDreamTeam/DreamRunner/Content/3DAssets/PH_Characters/Mannequins/Meshes/SK_Mannequin.uasset" 3848
"../../../../../../Users/jessw/Documents/GitHub/CasualProductionDreamTeam/DreamRunner/Content/VFX/DrapEffet/Meterials/M_beam.uasset" 3849
"../../../../../../Users/jessw/Documents/GitHub/CasualProductionDreamTeam/DreamRunner/Content/VFX/DrapEffet/Meterials/M_big_star.uasset" 3850
"../../../../../../Users/jessw/Documents/GitHub/CasualProductionDreamTeam/DreamRunner/Content/VFX/DrapEffet/Meterials/M_cell.uasset" 3851
"../../../../../../Users/jessw/Documents/GitHub/CasualProductionDreamTeam/DreamRunner/Content/VFX/DrapEffet/Meterials/M_down.uasset" 3852
"../../../../../../Users/jessw/Documents/GitHub/CasualProductionDreamTeam/DreamRunner/Content/VFX/DrapEffet/Meterials/M_glow.uasset" 3853
"../../../../../../Users/jessw/Documents/GitHub/CasualProductionDreamTeam/DreamRunner/Content/VFX/DrapEffet/Meterials/M_star.uasset" 3854
"../../Plugins/FX/Niagara/Content/DefaultAssets/DefaultSpriteMaterial.uasset" 3855
"../../Plugins/FX/Niagara/Content/DynamicInputs/Divide/Divide_Float.uasset" 3856
"../../Plugins/FX/Niagara/Content/DynamicInputs/TypeConversions/VectorFromFloat.uasset" 3857
"../../Plugins/FX/Niagara/Content/DynamicInputs/UniformRange/V2/RandomRangeVector.uasset" 3858
"../../Plugins/FX/Niagara/Content/DynamicInputs/UniformRange/V2/RandomRangeVector2D.uasset" 3859
"../../Plugins/FX/Niagara/Content/DynamicInputs/Vectors/Position/AddVectorToPosition.uasset" 3860
"../../Plugins/FX/Niagara/Content/Modules/Emitter/SpawnBurst_Instantaneous.uasset" 3861
"../../Plugins/FX/Niagara/Content/Modules/Update/Orientation/SpriteRotationRate.uasset" 3862
"../../Plugins/FX/Niagara/Content/Modules/Update/Size/ScaleSpriteSizeBySpeed.uasset" 3863
"../../../../../../Users/jessw/Documents/GitHub/CasualProductionDreamTeam/DreamRunner/Content/VFX/Tentacles/M_Tentacles.uasset" 3864
"../../Plugins/FX/Niagara/Content/DynamicInputs/ValueFromCurve/ColorFromCurve.uasset" 3865
"../../Plugins/FX/Niagara/Content/Modules/Ribbons/ScaleRibbonWidth.uasset" 3866
"../../Plugins/FX/Niagara/Content/Modules/Update/Color/Color.uasset" 3867
"../../../../../../Users/jessw/Documents/GitHub/CasualProductionDreamTeam/DreamRunner/Content/3DAssets/PH_Characters/Mannequins/Materials/Quinn/MI_Quinn_01.uasset" 3868
"../../../../../../Users/jessw/Documents/GitHub/CasualProductionDreamTeam/DreamRunner/Content/3DAssets/PH_Characters/Mannequins/Materials/Quinn/MI_Quinn_02.uasset" 3869
"../../../../../../Users/jessw/Documents/GitHub/CasualProductionDreamTeam/DreamRunner/Content/3DAssets/PH_Characters/Mannequins/Rigs/PA_Mannequin.uasset" 3870
"../../../../../../Users/jessw/Documents/GitHub/CasualProductionDreamTeam/DreamRunner/Content/UI/MI_TextWave_Mk2_GO.uasset" 3871
"../../../../../../Users/jessw/Documents/GitHub/CasualProductionDreamTeam/DreamRunner/Content/UI/pause-video-icon-free-vector-removebg-preview.uasset" 3872
"../../Plugins/FX/Niagara/Content/Functions/V2/CalculateRandomRangeFloat.uasset" 3873
"../../Plugins/FX/Niagara/Content/Functions/Emitter/EmitterChangeState.uasset" 3874
"../../Plugins/FX/Niagara/Content/Icons/Modules/T_Icon_Scalability_Emitter.uasset" 3875
"../../Plugins/FX/Niagara/Content/Icons/Modules/T_Icon_Scalability_System.uasset" 3876
"../../Plugins/FX/Niagara/Content/Functions/RandomRangeFloat.uasset" 3877
"../../Plugins/FX/Niagara/Content/Functions/DirectionAndLengthSafe.uasset" 3878
"../../Plugins/FX/Niagara/Content/Functions/Drag/DragVelocity.uasset" 3879
"../../Plugins/FX/Niagara/Content/Functions/Math/CentimeterMeterConversion.uasset" 3880
"../../Plugins/FX/Niagara/Content/Functions/Rotation/MultiplyVectorWithQuaternion.uasset" 3881
"../../Plugins/FX/Niagara/Content/Modules/Solvers/ApplyRotationVector.uasset" 3882
"../../Plugins/FX/Niagara/Content/Icons/Modules/T_Icon_Solver_LimitAccel.uasset" 3883
"../../Plugins/FX/Niagara/Content/Icons/Modules/T_Icon_Solver_LimitSpeed.uasset" 3884
"../../Plugins/FX/Niagara/Content/Icons/Modules/T_Icon_Solver_RotationalSolve.uasset" 3885
"../../Plugins/FX/Niagara/Content/Functions/LinearColor/HueShiftLinearColor.uasset" 3886
"../../Plugins/FX/Niagara/Content/Functions/Localspace/SimulationPosition.uasset" 3887
"../../Plugins/FX/Niagara/Content/Functions/Localspace/TransformVector.uasset" 3888
"../../Plugins/FX/Niagara/Content/Functions/V2/CalculateRandomBool.uasset" 3889
"../../Plugins/FX/Niagara/Content/Functions/V2/CalculateRandomRange.uasset" 3890
"../../Plugins/FX/Niagara/Content/Functions/V2/CalculateRandomRangeInteger.uasset" 3891
"../../Plugins/FX/Niagara/Content/Functions/Localspace/TransformPosition.uasset" 3892
"../../Plugins/FX/Niagara/Content/Functions/Math/CalculateRandomPointInConeSphereIntersection.uasset" 3893
"../../Plugins/FX/Niagara/Content/Functions/Math/SaturateFloat.uasset" 3894
"../../Plugins/FX/Niagara/Content/Functions/NormalizedExecutionIndex.uasset" 3895
"../../Plugins/FX/Niagara/Content/Functions/ParametricTorus.uasset" 3896
"../../Plugins/FX/Niagara/Content/Functions/ParametricTorusKnot.uasset" 3897
"../../Plugins/FX/Niagara/Content/Functions/PolarToCartesianCoordinates.uasset" 3898
"../../Plugins/FX/Niagara/Content/Functions/RandomPointInBox.uasset" 3899
"../../Plugins/FX/Niagara/Content/Functions/Rotation/AngleUnitConverter.uasset" 3900
"../../Plugins/FX/Niagara/Content/Functions/Rotation/RotateVector2D.uasset" 3901
"../../Plugins/FX/Niagara/Content/Functions/Rotation/TransformStack/TransformStack_Rotation.uasset" 3902
"../../Plugins/FX/Niagara/Content/Functions/SphericalToCartesianCoordinates.uasset" 3903
"../../Plugins/FX/Niagara/Content/Functions/V2/RemapRange.uasset" 3904
"../../Plugins/FX/Niagara/Content/Enums/ENiagaraExpansionMode.uasset" 3905
"../../Plugins/FX/Niagara/Content/Functions/Rotation/AxisAngleToQuaternion.uasset" 3906
"../../Plugins/FX/Niagara/Content/Functions/Rotation/FindQuatBetween.uasset" 3907
"../../Plugins/FX/Niagara/Content/Functions/Rotation/InvertQuaternion.uasset" 3908
"../../Plugins/FX/Niagara/Content/Functions/Rotation/MakeQuaternionFrom3BasisVectors.uasset" 3909
"../../Plugins/FX/Niagara/Content/Functions/Rotation/MultiplyQuaternion.uasset" 3910
"../../Plugins/FX/Niagara/Content/Functions/Rotation/XYZRotationToQuaternion.uasset" 3911
"../../Plugins/FX/Niagara/Content/Functions/V2/CalculateRandomUnitVector.uasset" 3912
"../../Plugins/FX/Niagara/Content/Functions/V2/DistanceBasedFalloff.uasset" 3913
"../../Plugins/FX/Niagara/Content/Functions/System/SystemChangeState.uasset" 3914
"../../Plugins/FX/Niagara/Content/Functions/Localspace/PositionToVector.uasset" 3915
"../../Plugins/FX/Niagara/Content/Functions/V2/ConeMask.uasset" 3916
"../../Plugins/FX/Niagara/Content/VectorFields/Assets/TilingCurl16.uasset" 3917
"../../Plugins/FX/Niagara/Content/VectorFields/Assets/TilingCurl64.uasset" 3918
"../../Plugins/FX/Niagara/Content/Icons/Modules/T_Icon_Particle_InfiniteLife.uasset" 3919
"../../../Engine/Content/Animation/DefaultAnimBoneCompressionSettings.uasset" 3920
"../../../Engine/Content/Animation/DefaultAnimCurveCompressionSettings.uasset" 3921
"../../../../../../Users/jessw/Documents/GitHub/CasualProductionDreamTeam/DreamRunner/Content/3DAssets/PH_Characters/Mannequins/Anims/Unarmed/Jog/MF_Unarmed_Jog_Bwd.uasset" 3922
"../../../../../../Users/jessw/Documents/GitHub/CasualProductionDreamTeam/DreamRunner/Content/3DAssets/PH_Characters/Mannequins/Anims/Unarmed/Jog/MF_Unarmed_Jog_Bwd_Left.uasset" 3923
"../../../../../../Users/jessw/Documents/GitHub/CasualProductionDreamTeam/DreamRunner/Content/3DAssets/PH_Characters/Mannequins/Anims/Unarmed/Jog/MF_Unarmed_Jog_Bwd_Right.uasset" 3924
"../../../../../../Users/jessw/Documents/GitHub/CasualProductionDreamTeam/DreamRunner/Content/3DAssets/PH_Characters/Mannequins/Anims/Unarmed/Jog/MF_Unarmed_Jog_Fwd.uasset" 3925
"../../../../../../Users/jessw/Documents/GitHub/CasualProductionDreamTeam/DreamRunner/Content/3DAssets/PH_Characters/Mannequins/Anims/Unarmed/Jog/MF_Unarmed_Jog_Fwd_Left.uasset" 3926
"../../../../../../Users/jessw/Documents/GitHub/CasualProductionDreamTeam/DreamRunner/Content/3DAssets/PH_Characters/Mannequins/Anims/Unarmed/Jog/MF_Unarmed_Jog_Fwd_Right.uasset" 3927
"../../../../../../Users/jessw/Documents/GitHub/CasualProductionDreamTeam/DreamRunner/Content/3DAssets/PH_Characters/Mannequins/Anims/Unarmed/Jog/MF_Unarmed_Jog_Left.uasset" 3928
"../../../../../../Users/jessw/Documents/GitHub/CasualProductionDreamTeam/DreamRunner/Content/3DAssets/PH_Characters/Mannequins/Anims/Unarmed/Jog/MF_Unarmed_Jog_Right.uasset" 3929
"../../../../../../Users/jessw/Documents/GitHub/CasualProductionDreamTeam/DreamRunner/Content/3DAssets/PH_Characters/Mannequins/Anims/Unarmed/Walk/MF_Unarmed_Walk_Bwd.uasset" 3930
"../../../../../../Users/jessw/Documents/GitHub/CasualProductionDreamTeam/DreamRunner/Content/3DAssets/PH_Characters/Mannequins/Anims/Unarmed/Walk/MF_Unarmed_Walk_Bwd_Left.uasset" 3931
"../../../../../../Users/jessw/Documents/GitHub/CasualProductionDreamTeam/DreamRunner/Content/3DAssets/PH_Characters/Mannequins/Anims/Unarmed/Walk/MF_Unarmed_Walk_Bwd_Right.uasset" 3932
"../../../../../../Users/jessw/Documents/GitHub/CasualProductionDreamTeam/DreamRunner/Content/3DAssets/PH_Characters/Mannequins/Anims/Unarmed/Walk/MF_Unarmed_Walk_Fwd.uasset" 3933
"../../../../../../Users/jessw/Documents/GitHub/CasualProductionDreamTeam/DreamRunner/Content/3DAssets/PH_Characters/Mannequins/Anims/Unarmed/Walk/MF_Unarmed_Walk_Fwd_Left.uasset" 3934
"../../../../../../Users/jessw/Documents/GitHub/CasualProductionDreamTeam/DreamRunner/Content/3DAssets/PH_Characters/Mannequins/Anims/Unarmed/Walk/MF_Unarmed_Walk_Fwd_Right.uasset" 3935
"../../../../../../Users/jessw/Documents/GitHub/CasualProductionDreamTeam/DreamRunner/Content/3DAssets/PH_Characters/Mannequins/Anims/Unarmed/Walk/MF_Unarmed_Walk_Left.uasset" 3936
"../../../../../../Users/jessw/Documents/GitHub/CasualProductionDreamTeam/DreamRunner/Content/3DAssets/PH_Characters/Mannequins/Anims/Unarmed/Walk/MF_Unarmed_Walk_Right.uasset" 3937
"../../../../../../Users/jessw/Documents/GitHub/CasualProductionDreamTeam/DreamRunner/Content/VFX/DrapEffet/Curve/Curve_particale_color.uasset" 3938
"../../../../../../Users/jessw/Documents/GitHub/CasualProductionDreamTeam/DreamRunner/Content/VFX/DrapEffet/Curve/Curve_Atlas.uasset" 3939
"../../../../../../Users/jessw/Documents/GitHub/CasualProductionDreamTeam/DreamRunner/Content/VFX/DrapEffet/Texture/T_beam.uasset" 3940
"../../../../../../Users/jessw/Documents/GitHub/CasualProductionDreamTeam/DreamRunner/Content/VFX/DrapEffet/Texture/T_normal.uasset" 3941
"../../../../../../Users/jessw/Documents/GitHub/CasualProductionDreamTeam/DreamRunner/Content/VFX/DrapEffet/Texture/T_star.uasset" 3942
"../../../../../../Users/jessw/Documents/GitHub/CasualProductionDreamTeam/DreamRunner/Content/VFX/DrapEffet/Texture/T_Bell.uasset" 3943
"../../../Engine/Content/Functions/Engine_MaterialFunctions02/ExampleContent/Textures/OffsetNoiseDistanceFields_ForNormals.uasset" 3944
"../../../../../../Users/jessw/Documents/GitHub/CasualProductionDreamTeam/DreamRunner/Content/3DAssets/PH_Characters/Mannequins/Materials/M_Mannequin.uasset" 3945
"../../../../../../Users/jessw/Documents/GitHub/CasualProductionDreamTeam/DreamRunner/Content/3DAssets/PH_Characters/Mannequins/Textures/Quinn/T_Quinn_01_D.uasset" 3946
"../../../../../../Users/jessw/Documents/GitHub/CasualProductionDreamTeam/DreamRunner/Content/3DAssets/PH_Characters/Mannequins/Textures/Quinn/T_Quinn_01_MRA.uasset" 3947
"../../../../../../Users/jessw/Documents/GitHub/CasualProductionDreamTeam/DreamRunner/Content/3DAssets/PH_Characters/Mannequins/Textures/Quinn/T_Quinn_01_N.uasset" 3948
"../../../../../../Users/jessw/Documents/GitHub/CasualProductionDreamTeam/DreamRunner/Content/3DAssets/PH_Characters/Mannequins/Textures/Quinn/T_Quinn_02_D.uasset" 3949
"../../../../../../Users/jessw/Documents/GitHub/CasualProductionDreamTeam/DreamRunner/Content/3DAssets/PH_Characters/Mannequins/Textures/Quinn/T_Quinn_02_MRA.uasset" 3950
"../../../../../../Users/jessw/Documents/GitHub/CasualProductionDreamTeam/DreamRunner/Content/3DAssets/PH_Characters/Mannequins/Textures/Quinn/T_Quinn_02_N.uasset" 3951
"../../Plugins/FX/Niagara/Content/Functions/GetRandomInfo.uasset" 3952
"../../Plugins/FX/Niagara/Content/Functions/Localspace/TransformBase.uasset" 3953
"../../Plugins/FX/Niagara/Content/Functions/IsolateLongestVectorComponent.uasset" 3954
"../../Plugins/FX/Niagara/Content/Functions/Rotation/MatrixToQuaternion.uasset" 3955
"../../Plugins/FX/Niagara/Content/Functions/NormalizeDistanceRange.uasset" 3956
"../../Plugins/FX/Niagara/Content/Functions/ChannelMasks/SelectV4Channel.uasset" 3957
"../../Plugins/FX/Niagara/Content/Enums/ENiagaraVector4_Channels.uasset" 3958
"../../Plugins/FX/Niagara/Content/Functions/FindAngleBetweenVectors.uasset" 3959
"../../../../../../Users/jessw/Documents/GitHub/CasualProductionDreamTeam/DreamRunner/Content/3DAssets/PH_Characters/Mannequins/Textures/Manny/T_Manny_01_BN.uasset" 3960
"../../../../../../Users/jessw/Documents/GitHub/CasualProductionDreamTeam/DreamRunner/Content/3DAssets/PH_Characters/Mannequins/Textures/Manny/T_Manny_01_D.uasset" 3961
"../../../../../../Users/jessw/Documents/GitHub/CasualProductionDreamTeam/DreamRunner/Content/3DAssets/PH_Characters/Mannequins/Textures/Manny/T_Manny_01_MRA.uasset" 3962
"../../../../../../Users/jessw/Documents/GitHub/CasualProductionDreamTeam/DreamRunner/Content/3DAssets/PH_Characters/Mannequins/Textures/Shared/T_UE_Logo_M.uasset" 3963
"../../../Engine/Content/MobileResources/HUD/VirtualJoystick_Thumb.uasset" 3964
"C:/Users/jessw/Documents/GitHub/CasualProductionDreamTeam/DreamRunner/Content/ThirdPerson/Blueprints/BP_ThirdPersonPlayerController.uasset" 3965
"C:/Users/jessw/Documents/GitHub/CasualProductionDreamTeam/DreamRunner/Content/Input/Touch/UI_TouchSimple.uasset" 3966
"C:/Users/jessw/Documents/GitHub/CasualProductionDreamTeam/DreamRunner/Content/Input/IMC_Default.uasset" 3967
"C:/Users/jessw/Documents/GitHub/CasualProductionDreamTeam/DreamRunner/Content/ThirdPerson/Blueprints/GM_DreamRunner.uasset" 3968
"C:/Users/jessw/Documents/GitHub/CasualProductionDreamTeam/DreamRunner/Content/ThirdPerson/Lvl_ThirdPerson.umap" 3969
"C:/Users/jessw/Documents/GitHub/CasualProductionDreamTeam/DreamRunner/Content/Input/Actions/IA_Jump.uasset" 3970
"C:/Users/jessw/Documents/GitHub/CasualProductionDreamTeam/DreamRunner/Content/Input/Actions/IA_Look.uasset" 3971
"C:/Users/jessw/Documents/GitHub/CasualProductionDreamTeam/DreamRunner/Content/3DAssets/Obstacles/3wide_jump/WJ_low.uasset" 3972
"C:/Users/jessw/Documents/GitHub/CasualProductionDreamTeam/DreamRunner/Content/Input/Actions/IA_Move.uasset" 3973
"C:/Users/jessw/Documents/GitHub/CasualProductionDreamTeam/DreamRunner/Content/3DAssets/Obstacles/SingleLane_jump/Wall_low1.uasset" 3974
"C:/Users/jessw/Documents/GitHub/CasualProductionDreamTeam/DreamRunner/Content/Input/Actions/IA_MouseLook.uasset" 3975
"C:/Users/jessw/Documents/GitHub/CasualProductionDreamTeam/DreamRunner/Content/Input/IMC_MouseLook.uasset" 3976
"/Game/3DAssets/TileSets/SM_TileSet_3" 3977
"C:/Users/jessw/Documents/GitHub/CasualProductionDreamTeam/DreamRunner/Content/Input/Touch/UI_Thumbstick.uasset" 3978
"C:/Users/jessw/Documents/GitHub/CasualProductionDreamTeam/DreamRunner/Content/Audio/Nightmare_style.uasset" 3979
"C:/Users/jessw/Documents/GitHub/CasualProductionDreamTeam/DreamRunner/Content/__ExternalActors__/ThirdPerson/Lvl_ThirdPerson/D/RI/R8L7GQXCHQGMMKBPTBJTNA.uasset" 3980
"/Game/3DAssets/TileSets/SM_TileSet_4" 3981
"/Game/3DAssets/TileSets/SM_TileSet_5" 3982
"/Game/3DAssets/TileSets/SM_TileSet_6" 3983
"/Game/3DAssets/TileSets/SM_TIleSet_7" 3984
"/Engine/MobileResources/HUD/VirtualJoystick_Background" 3985
"/Game/3DAssets/TileSets/SM_TileSet_1" 3986
"/Game/3DAssets/TileSets/SM_TileSet_2" 3987
"/Engine/MobileResources/HUD/VirtualJoystick_Thumb" 3988
"/Engine/EditorResources/EmptyActor" 3989
"../../../Engine/Content/EditorResources/EmptyActor.uasset" 3990
"/Engine/EditorResources/AudioIcons/S_AudioComponent_AutoActivate" 3991
"../../../Engine/Content/EditorResources/AudioIcons/S_AudioComponent_AutoActivate.uasset" 3992
"C:/Users/jessw/Documents/GitHub/CasualProductionDreamTeam/DreamRunner/Content/3DAssets/Obstacles/slide_under/slide_under.uasset" 3993
"C:/Users/jessw/Documents/GitHub/CasualProductionDreamTeam/DreamRunner/Content/3DAssets/Characters/player_model_Skeleton.uasset" 3994
"C:/Users/jessw/Documents/GitHub/CasualProductionDreamTeam/DreamRunner/Content/3DAssets/Characters/player_model_PhysicsAsset.uasset" 3995
"C:/Users/jessw/Documents/GitHub/CasualProductionDreamTeam/DreamRunner/Content/3DAssets/Characters/brither_gold.uasset" 3996
"C:/Users/jessw/Documents/GitHub/CasualProductionDreamTeam/DreamRunner/Content/3DAssets/Characters/darkergold.uasset" 3997
"C:/Users/jessw/Documents/GitHub/CasualProductionDreamTeam/DreamRunner/Content/3DAssets/Characters/gold.uasset" 3998
"C:/Users/jessw/Documents/GitHub/CasualProductionDreamTeam/DreamRunner/Content/3DAssets/Characters/player_model.uasset" 3999
"C:/Users/jessw/Documents/GitHub/CasualProductionDreamTeam/DreamRunner/Content/3DAssets/Obstacles/slide_under/textures/slide_under_initialShadingGroup_Normal.uasset" 4000
"C:/Users/jessw/Documents/GitHub/CasualProductionDreamTeam/DreamRunner/Content/3DAssets/Obstacles/slide_under/initialShadingGroup.uasset" 4001
"../../../Engine/Plugins/Interchange/Assets/Content/Functions/MF_PhongToMetalRoughness.uasset" 4002
"C:/Users/jessw/Documents/GitHub/CasualProductionDreamTeam/DreamRunner/Content/ThirdPerson/Lvl_ArtRoom.umap" 4003
"C:/Users/jessw/Documents/GitHub/CasualProductionDreamTeam/DreamRunner/Content/3DAssets/Obstacles/slide_under/textures/slide_under_initialShadingGroup_OcclusionRoughnessMetallic.uasset" 4004
"C:/Users/jessw/Documents/GitHub/CasualProductionDreamTeam/DreamRunner/Content/3DAssets/Obstacles/slide_under/textures/slide_under_initialShadingGroup_BaseColor.uasset" 4005
"C:/Users/jessw/Documents/GitHub/CasualProductionDreamTeam/DreamRunner/Content/3DAssets/Characters/body1.uasset" 4006
"/Game/ThirdPerson/Blueprints/GM_DreamRunner" 4007
"/Game/3DAssets/Obstacles/3wide_jump/WJ_low" 4008
"/Game/__ExternalActors__/ThirdPerson/Lvl_ThirdPerson/D/RI/R8L7GQXCHQGMMKBPTBJTNA" 4009
"/Game/Audio/Nightmare_style" 4010
"/Game/3DAssets/Obstacles/SingleLane_jump/Wall_low1" 4011
"../../../Engine/Content/EngineSounds/Submixes/MasterEQEffectPreset.uasset" 4012
"../../../Engine/Content/EngineSounds/Submixes/MasterEQSubmixDefault.uasset" 4013
"../../../Engine/Content/EngineSounds/Submixes/MasterReverbEffectPreset.uasset" 4014
"../../../Engine/Plugins/Interchange/Assets/Content/gltf/MaterialFunctions/MF_Emissive.uasset" 4015
"../../../Engine/Plugins/Interchange/Assets/Content/gltf/MaterialFunctions/MF_Occlusion.uasset" 4016
"../../../Engine/Plugins/Interchange/Assets/Content/gltf/MaterialFunctions/MF_Clearcoat.uasset" 4017
"../../../Engine/Plugins/Interchange/Assets/Content/gltf/MaterialFunctions/MF_Specular.uasset" 4018
"../../../Engine/Plugins/Interchange/Assets/Content/gltf/Textures/T_Generic_N.uasset" 4019
"../../../Engine/Plugins/Interchange/Assets/Content/gltf/Textures/T_Anisotropy_Direction_Linear.uasset" 4020
"../../../Engine/Content/EngineSounds/Submixes/MasterSubmixDefault.uasset" 4021
"../../../Engine/Plugins/Interchange/Assets/Content/gltf/MaterialBodies/MF_ClearCoat_Body.uasset" 4022
"../../../Engine/Plugins/Interchange/Assets/Content/gltf/MaterialFunctions/MF_SpecularAnisotropy.uasset" 4023
"../../../Engine/Plugins/Interchange/Assets/Content/gltf/MaterialFunctions/MF_RotateNormals_TS.uasset" 4024
"/Game/ThirdPerson/Lvl_ArtRoom" 4025
"../../../Engine/Content/Functions/Engine_MaterialFunctions01/Texturing/FlattenNormal.uasset" 4026
"../../../Engine/Plugins/Interchange/Assets/Content/gltf/MaterialFunctions/MF_ScaleNormal.uasset" 4027
"../../../Engine/Content/EngineSounds/Submixes/MasterReverbSubmixDefault.uasset" 4028
"../../../../../../Users/jessw/Documents/GitHub/CasualProductionDreamTeam/DreamRunner/Content/ThirdPerson/Lvl_ArtRoom.umap" 4029
"/Game/VNStuff/Content/Textures/UI/BoxLayouts2_0004_UI_Namebox1" 4030
"/Engine/EngineSounds/Submixes/MasterEQEffectPreset" 4031
"/Engine/EngineSounds/Submixes/MasterReverbEffectPreset" 4032
"../../../Engine/Plugins/Interchange/Assets/Content/gltf/MaterialFunctions/MF_TransformUVs.uasset" 4033
"../../../Engine/Plugins/Interchange/Assets/Content/gltf/MaterialFunctions/MF_Normals.uasset" 4034
"../../../Engine/Plugins/Interchange/Assets/Content/gltf/Textures/T_White_srgb.uasset" 4035
"../../../Engine/Plugins/Interchange/Assets/Content/gltf/MaterialInstances/MI_ClearCoat_Opaque.uasset" 4036
"../../../Engine/Plugins/Interchange/Assets/Content/gltf/MaterialFunctions/MF_BaseColor.uasset" 4037
"../../../Engine/Plugins/Interchange/Assets/Content/gltf/M_ClearCoat.uasset" 4038
"/InterchangeAssets/gltf/MaterialFunctions/MF_RotateNormals_TS" 4039
"../../../Engine/Plugins/Interchange/Assets/Content/Utilities/New_LUT.uasset" 4040
"../../../Engine/Content/Functions/Engine_MaterialFunctions03/Math/RemapValueRange.uasset" 4041
"../../../Engine/Plugins/Interchange/Assets/Content/gltf/MaterialFunctions/MF_RotateV2.uasset" 4042
"../../../Engine/Plugins/Interchange/Assets/Content/gltf/MaterialInstances/MI_ClearCoat_Blend.uasset" 4043
"../../../Engine/Plugins/Interchange/Assets/Content/gltf/MaterialInstances/MI_ClearCoat_Mask.uasset" 4044
"../../../Engine/Plugins/Interchange/Assets/Content/Functions/MF_Iridescence.uasset" 4045
"../../../Engine/Plugins/Interchange/Assets/Content/gltf/MaterialFunctions/MF_MetallicRoughness.uasset" 4046
"../../../Engine/Plugins/Interchange/Assets/Content/gltf/MaterialInstances/MI_ClearCoat_Opaque_DS.uasset" 4047
"../../../Engine/Plugins/Interchange/Assets/Content/Functions/MF_IridescenceNoLUT.uasset" 4048
"../../../Engine/Plugins/Interchange/Assets/Content/gltf/MaterialFunctions/MF_IOR.uasset" 4049
"../../../Engine/Plugins/Interchange/Assets/Content/gltf/MaterialFunctions/MF_Iridescence.uasset" 4050
"../../../Engine/Plugins/Interchange/Assets/Content/gltf/Textures/T_White_Linear.uasset" 4051
"/InterchangeAssets/gltf/MaterialFunctions/MF_ScaleNormal" 4052
"/InterchangeAssets/gltf/Textures/T_Generic_N" 4053
"/InterchangeAssets/gltf/MaterialFunctions/MF_SpecularAnisotropy" 4054
"/Engine/Functions/Engine_MaterialFunctions01/Texturing/FlattenNormal" 4055
"/Engine/EngineSounds/Submixes/MasterReverbSubmixDefault" 4056
"/Game/__ExternalActors__/ThirdPerson/Lvl_ThirdPerson/2/AM/9YGDW7FMEY1CZD31VUYO11" 4057
"../../../../../../Users/jessw/Documents/GitHub/CasualProductionDreamTeam/DreamRunner/Content/__ExternalActors__/ThirdPerson/Lvl_ThirdPerson/2/AM/9YGDW7FMEY1CZD31VUYO11.uasset" 4058
"../../../../../../Users/jessw/Documents/GitHub/CasualProductionDreamTeam/DreamRunner/Content/Materials/MI_Skybox.uasset" 4059
"../../../../../../Users/jessw/Documents/GitHub/CasualProductionDreamTeam/DreamRunner/Content/Materials/M_Skybox.uasset" 4060
"../../../../../../Users/jessw/Documents/GitHub/CasualProductionDreamTeam/DreamRunner/Content/Materials/sky_16_2k.uasset" 4061
"/Game/__ExternalActors__/ThirdPerson/Lvl_ThirdPerson/8/VS/XX060WNO6GEZU5BZQCLZPP" 4062
"../../../../../../Users/jessw/Documents/GitHub/CasualProductionDreamTeam/DreamRunner/Content/__ExternalActors__/ThirdPerson/Lvl_ThirdPerson/8/VS/XX060WNO6GEZU5BZQCLZPP.uasset" 4063
"/Game/__ExternalActors__/ThirdPerson/Lvl_ThirdPerson/9/5G/29Z6AXUGZPZ0CXHLK2DICG" 4064
"../../../../../../Users/jessw/Documents/GitHub/CasualProductionDreamTeam/DreamRunner/Content/__ExternalActors__/ThirdPerson/Lvl_ThirdPerson/9/5G/29Z6AXUGZPZ0CXHLK2DICG.uasset" 4065
"/Game/__ExternalActors__/ThirdPerson/Lvl_ThirdPerson/C/EE/HZ5WNBFZRJYQPUA6X8TVVT" 4066
"../../../../../../Users/jessw/Documents/GitHub/CasualProductionDreamTeam/DreamRunner/Content/__ExternalActors__/ThirdPerson/Lvl_ThirdPerson/C/EE/HZ5WNBFZRJYQPUA6X8TVVT.uasset" 4067
"/Game/__ExternalActors__/ThirdPerson/Lvl_ThirdPerson/C/HY/Q7CPP7VHOXBAMAJI90W626" 4068
"../../../../../../Users/jessw/Documents/GitHub/CasualProductionDreamTeam/DreamRunner/Content/__ExternalActors__/ThirdPerson/Lvl_ThirdPerson/C/HY/Q7CPP7VHOXBAMAJI90W626.uasset" 4069
"/Game/__ExternalActors__/ThirdPerson/Lvl_ThirdPerson/D/AY/KLCRMXKI9WR2P0GDY96C36" 4070
"../../../../../../Users/jessw/Documents/GitHub/CasualProductionDreamTeam/DreamRunner/Content/__ExternalActors__/ThirdPerson/Lvl_ThirdPerson/D/AY/KLCRMXKI9WR2P0GDY96C36.uasset" 4071
"/Game/__ExternalActors__/ThirdPerson/Lvl_ThirdPerson/E/96/RFQP83S9K0LC7IW8CXS6C0" 4072
"../../../../../../Users/jessw/Documents/GitHub/CasualProductionDreamTeam/DreamRunner/Content/__ExternalActors__/ThirdPerson/Lvl_ThirdPerson/E/96/RFQP83S9K0LC7IW8CXS6C0.uasset" 4073
"/Game/__ExternalActors__/ThirdPerson/Lvl_ThirdPerson/E/BH/C3PCS37OL9OSMTNQAR4Q0Q" 4074
"../../../../../../Users/jessw/Documents/GitHub/CasualProductionDreamTeam/DreamRunner/Content/__ExternalActors__/ThirdPerson/Lvl_ThirdPerson/E/BH/C3PCS37OL9OSMTNQAR4Q0Q.uasset" 4075
"../../../../../../Users/jessw/Documents/GitHub/CasualProductionDreamTeam/DreamRunner/Content/Audio/Ethereal_Style.uasset" 4076
"/Game/__ExternalActors__/ThirdPerson/Lvl_ThirdPerson/F/4G/TYFCMQ9MC435YW6FZBF5FS" 4077
"../../../../../../Users/jessw/Documents/GitHub/CasualProductionDreamTeam/DreamRunner/Content/__ExternalActors__/ThirdPerson/Lvl_ThirdPerson/F/4G/TYFCMQ9MC435YW6FZBF5FS.uasset" 4078
"../../../Engine/Plugins/Interchange/Assets/Content/gltf/MaterialInstances/MI_ClearCoat_Mask_DS.uasset" 4079
"../../../Engine/Plugins/Interchange/Assets/Content/gltf/MaterialInstances/MI_ClearCoat_Blend_DS.uasset" 4080
"../../../Engine/Plugins/Interchange/Assets/Content/gltf/M_Default.uasset" 4081
"../../../Engine/Plugins/Interchange/Assets/Content/gltf/MaterialInstances/MI_Default_Mask.uasset" 4082
"../../../Engine/Plugins/Interchange/Assets/Content/gltf/MaterialInstances/MI_Default_Opaque.uasset" 4083
"../../../Engine/Plugins/Interchange/Assets/Content/gltf/MaterialInstances/MI_Default_Opaque_DS.uasset" 4084
"../../../Engine/Plugins/Interchange/Assets/Content/gltf/MaterialBodies/MF_Default_Body.uasset" 4085
"../../../Engine/Plugins/Interchange/Assets/Content/gltf/MaterialInstances/MI_Default_Blend.uasset" 4086
"../../../Engine/Plugins/Interchange/Assets/Content/gltf/MaterialInstances/MI_Default_Mask_DS.uasset" 4087
"/InterchangeAssets/gltf/MaterialInstances/MI_ClearCoat_Opaque_DS" 4088
"/InterchangeAssets/gltf/MaterialInstances/MI_ClearCoat_Blend" 4089
"../../../Engine/Plugins/Interchange/Assets/Shaders/ThinFilmFunctions.usf" 4090
"/InterchangeAssets/gltf/MaterialInstances/MI_ClearCoat_Mask" 4091
"/InterchangeAssets/gltf/MaterialInstances/MI_ClearCoat_Opaque" 4092
"/InterchangeAssets/gltf/MaterialInstances/MI_ClearCoat_Blend_DS" 4093
"/InterchangeAssets/gltf/MaterialInstances/MI_ClearCoat_Mask_DS" 4094
"../../../Engine/Plugins/Interchange/Assets/Content/gltf/MaterialInstances/MI_Default_Blend_DS.uasset" 4095
"../../../Engine/Plugins/Interchange/Assets/Content/gltf/M_Sheen.uasset" 4096
"../../../Engine/Plugins/Interchange/Assets/Content/gltf/MaterialInstances/MI_Sheen_Mask.uasset" 4097
"../../../Engine/Plugins/Interchange/Assets/Content/gltf/MaterialFunctions/MF_Fresnel_DS.uasset" 4098
"../../../Engine/Plugins/Interchange/Assets/Content/gltf/M_Transmission.uasset" 4099
"../../../Engine/Plugins/Interchange/Assets/Content/gltf/MaterialBodies/MF_Transmission_Body.uasset" 4100
"../../../Engine/Plugins/Interchange/Assets/Content/gltf/MaterialFunctions/MF_SpecGlossToMetalRoughness.uasset" 4101
"../../../Engine/Plugins/Interchange/Assets/Content/gltf/MaterialInstances/MI_Sheen_Opaque_DS.uasset" 4102
"/InterchangeAssets/gltf/MaterialInstances/MI_Default_Mask_DS" 4103
"../../../Engine/Plugins/Interchange/Assets/Content/gltf/MaterialBodies/MF_SpecularGlossiness_Body.uasset" 4104
"../../../Engine/Plugins/Interchange/Assets/Content/gltf/M_SpecularGlossiness.uasset" 4105
"../../../Engine/Plugins/Interchange/Assets/Content/gltf/MaterialInstances/MI_Sheen_Blend_DS.uasset" 4106
"../../../Engine/Plugins/Interchange/Assets/Content/gltf/MaterialInstances/MI_Transmission.uasset" 4107
"../../../Engine/Plugins/Interchange/Assets/Content/gltf/MaterialInstances/MI_Sheen_Blend.uasset" 4108
"../../../Engine/Plugins/Interchange/Assets/Content/gltf/MaterialFunctions/MF_Transmission.uasset" 4109
"../../../Engine/Plugins/Interchange/Assets/Content/gltf/MaterialFunctions/MF_Temporal_Blur.uasset" 4110
"../../../Engine/Content/Functions/Engine_MaterialFunctions02/Math/AddComponents.uasset" 4111
"../../../Engine/Plugins/Interchange/Assets/Content/gltf/MaterialInstances/MI_Sheen_Opaque.uasset" 4112
"../../../Engine/Plugins/Interchange/Assets/Content/gltf/MaterialFunctions/MF_DiffuseSpecGloss.uasset" 4113
"../../../Engine/Plugins/Interchange/Assets/Content/gltf/MaterialBodies/MF_Sheen_Body.uasset" 4114
"../../../Engine/Plugins/Interchange/Assets/Content/gltf/MaterialInstances/MI_Sheen_Mask_DS.uasset" 4115
"../../../Engine/Plugins/Interchange/Assets/Content/gltf/MaterialFunctions/MF_MaxComponentValue.uasset" 4116
"../../../Engine/Content/Functions/Engine_MaterialFunctions02/Texturing/ScreenAlignedPixelToPixelUVs.uasset" 4117
"../../../Engine/Plugins/Interchange/Assets/Content/gltf/MaterialFunctions/MF_Sheen.uasset" 4118
"../../../Engine/Plugins/Interchange/Assets/Content/gltf/MaterialFunctions/MF_PerceivedBrightness.uasset" 4119
"../../../Engine/Plugins/Interchange/Assets/Content/gltf/MaterialInstances/MI_Transmission_DS.uasset" 4120
"/InterchangeAssets/gltf/MaterialInstances/MI_Default_Opaque_DS" 4121
"/InterchangeAssets/gltf/MaterialInstances/MI_Default_Blend" 4122
"/InterchangeAssets/gltf/MaterialInstances/MI_Default_Mask" 4123
"/InterchangeAssets/gltf/MaterialInstances/MI_Default_Opaque" 4124
"/InterchangeAssets/gltf/MaterialInstances/MI_Default_Blend_DS" 4125
"../../../Engine/Plugins/Interchange/Assets/Content/gltf/MaterialInstances/MI_SpecularGlossiness_Opaque.uasset" 4126
"../../../Engine/Plugins/Interchange/Assets/Content/gltf/MaterialInstances/MI_SpecularGlossiness_Blend.uasset" 4127
"../../../Engine/Plugins/Interchange/Assets/Content/gltf/MaterialInstances/MI_SpecularGlossiness_Mask.uasset" 4128
"../../../Engine/Plugins/Interchange/Assets/Content/gltf/MaterialInstances/MI_SpecularGlossiness_Mask_DS.uasset" 4129
"../../../Engine/Plugins/Interchange/Assets/Content/gltf/MaterialInstances/MI_SpecularGlossiness_Opaque_DS.uasset" 4130
"../../../Engine/Plugins/Interchange/Assets/Content/gltf/MaterialInstances/MI_SpecularGlossiness_Blend_DS.uasset" 4131
"../../../Engine/Content/Functions/Engine_MaterialFunctions01/Volumetrics/BeersLaw.uasset" 4132
"../../../Engine/Plugins/Interchange/Assets/Content/Functions/MX_Transmission.uasset" 4133
"/InterchangeAssets/gltf/M_SpecularGlossiness" 4134
"/InterchangeAssets/gltf/MaterialInstances/MI_Transmission_DS" 4135
"/InterchangeAssets/gltf/MaterialInstances/MI_Transmission" 4136
"/InterchangeAssets/gltf/MaterialInstances/MI_Sheen_Blend_DS" 4137
"/InterchangeAssets/gltf/MaterialInstances/MI_Sheen_Mask_DS" 4138
"/InterchangeAssets/gltf/MaterialInstances/MI_Sheen_Opaque_DS" 4139
"/InterchangeAssets/gltf/MaterialInstances/MI_SpecularGlossiness_Mask_DS" 4140
"/InterchangeAssets/gltf/MaterialInstances/MI_Sheen_Blend" 4141
"/InterchangeAssets/gltf/MaterialInstances/MI_SpecularGlossiness_Blend" 4142
"/InterchangeAssets/gltf/MaterialInstances/MI_Sheen_Mask" 4143
"/InterchangeAssets/gltf/MaterialInstances/MI_Sheen_Opaque" 4144
"/InterchangeAssets/gltf/MaterialInstances/MI_SpecularGlossiness_Mask" 4145
"/InterchangeAssets/gltf/MaterialInstances/MI_SpecularGlossiness_Opaque" 4146
"../../../Engine/Content/Functions/Substrate/MF_SchlickInternal.uasset" 4147
"../../../Engine/Plugins/Interchange/Assets/Content/Functions/MF_OrenNayerView.uasset" 4148
"../../../Engine/Plugins/Interchange/Assets/Content/Functions/MX_OpenPBR_Translucent.uasset" 4149
"../../../Engine/Plugins/Interchange/Assets/Content/gltf/MaterialInstances/MI_Unlit_Blend_DS.uasset" 4150
"../../../Engine/Plugins/Interchange/Assets/Content/gltf/MaterialInstances/MI_Unlit_Mask_DS.uasset" 4151
"../../../Engine/Plugins/Interchange/Assets/Content/gltf/MaterialInstances/MI_Unlit_Blend.uasset" 4152
"../../../Engine/Plugins/Interchange/Assets/Content/Functions/MX_OpenPBR_Opaque.uasset" 4153
"../../../Engine/Plugins/Animation/ControlRig/Content/Controls/ControlRig_Sphere_solid.uasset" 4154
"../../../Engine/Plugins/Interchange/Assets/Content/gltf/M_Unlit.uasset" 4155
"../../../Engine/Plugins/Animation/ControlRig/Content/Controls/ControlRig_Arrow_3mm.uasset" 4156
"../../../Engine/Plugins/Interchange/Assets/Content/gltf/MaterialInstances/MI_Unlit_Opaque.uasset" 4157
"../../../Engine/Plugins/Animation/ControlRig/Content/Controls/ControlRig_Box_1mm.uasset" 4158
"../../../Engine/Plugins/Animation/ControlRig/Content/Controls/ControlRig_Arrow_1mm.uasset" 4159
"../../../Engine/Plugins/Animation/ControlRig/Content/Controls/ControlRig_Arrow2_solid.uasset" 4160
"../../../Engine/Plugins/Animation/ControlRig/Content/Controls/ControlRig_Arrow4_1mm.uasset" 4161
"../../../Engine/Plugins/Animation/ControlRig/Content/Controls/ControlRig_Box_3mm.uasset" 4162
"../../../Engine/Plugins/Animation/ControlRig/Content/Controls/ControlRig_Box_solid.uasset" 4163
"../../../Engine/Plugins/Animation/ControlRig/Content/Controls/ControlRig_Arrow4_3mm.uasset" 4164
"../../../Engine/Plugins/Interchange/Assets/Content/Functions/MX_TransmissionSurface.uasset" 4165
"../../../Engine/Plugins/Animation/ControlRig/Content/Controls/ControlRig_Arrow2_1mm.uasset" 4166
"/InterchangeAssets/Functions/MX_Transmission" 4167
"../../../Engine/Plugins/Interchange/Assets/Content/gltf/MaterialInstances/MI_Unlit_Opaque_DS.uasset" 4168
"../../../Engine/Plugins/Interchange/Assets/Content/gltf/MaterialInstances/MI_Unlit_Mask.uasset" 4169
"../../../Engine/Plugins/Animation/ControlRig/Content/Controls/ControlRig_Arrow_solid.uasset" 4170
"../../../Engine/Plugins/Interchange/Assets/Content/Functions/MX_StandardSurface.uasset" 4171
"../../../Engine/Plugins/Animation/ControlRig/Content/Controls/ControlRig_Arrow2_3mm.uasset" 4172
"../../../Engine/Plugins/Animation/ControlRig/Content/Controls/ControlRig_Arrow4_solid.uasset" 4173
"../../../Engine/Plugins/Interchange/Assets/Content/gltf/MaterialBodies/MF_Unlit_Body.uasset" 4174
"../../../Engine/Plugins/Animation/ControlRig/Content/Controls/ControlRig_Circle_1mm.uasset" 4175
"/InterchangeAssets/gltf/MaterialInstances/MI_SpecularGlossiness_Blend_DS" 4176
"/InterchangeAssets/gltf/MaterialInstances/MI_SpecularGlossiness_Opaque_DS" 4177
"/InterchangeAssets/Functions/MF_OrenNayerView" 4178
"/Engine/Functions/Substrate/MF_SchlickInternal" 4179
"../../../Engine/Plugins/Animation/ControlRig/Content/Controls/ControlRig_Diamond_1mm.uasset" 4180
"../../../Engine/Plugins/Animation/ControlRig/Content/Controls/ControlRig_Circle_3mm.uasset" 4181
"/ControlRig/Controls/ControlRig_Circle_1mm" 4182
"../../../Engine/Plugins/Animation/ControlRig/Content/Controls/ControlRig_Circle_solid.uasset" 4183
"../../../Engine/Plugins/Animation/ControlRig/Content/Controls/ControlRig_Diamond_3mm.uasset" 4184
"../../../Engine/Plugins/Animation/ControlRig/Content/Controls/ControlRig_Diamond_solid.uasset" 4185
"../../../Engine/Plugins/Animation/ControlRig/Content/Controls/ControlRig_HalfCircle_1mm.uasset" 4186
"/ControlRig/Controls/ControlRig_Box_solid" 4187
"/ControlRig/Controls/ControlRig_Box_3mm" 4188
"/ControlRig/Controls/ControlRig_Box_1mm" 4189
"/ControlRig/Controls/ControlRig_Arrow_solid" 4190
"/ControlRig/Controls/ControlRig_Arrow_3mm" 4191
"/ControlRig/Controls/ControlRig_Arrow_1mm" 4192
"/ControlRig/Controls/ControlRig_Arrow4_solid" 4193
"/ControlRig/Controls/ControlRig_Arrow4_3mm" 4194
"/ControlRig/Controls/ControlRig_Arrow4_1mm" 4195
"/ControlRig/Controls/ControlRig_Arrow2_solid" 4196
"/ControlRig/Controls/ControlRig_Arrow2_3mm" 4197
"/ControlRig/Controls/ControlRig_Arrow2_1mm" 4198
"/ControlRig/Controls/ControlRig_Sphere_solid" 4199
"/InterchangeAssets/Functions/MX_OpenPBR_Opaque" 4200
"/InterchangeAssets/gltf/MaterialInstances/MI_Unlit_Blend_DS" 4201
"/InterchangeAssets/gltf/MaterialInstances/MI_Unlit_Mask_DS" 4202
"/InterchangeAssets/gltf/MaterialInstances/MI_Unlit_Opaque_DS" 4203
"/InterchangeAssets/gltf/MaterialInstances/MI_Unlit_Blend" 4204
"/InterchangeAssets/gltf/MaterialInstances/MI_Unlit_Mask" 4205
"/InterchangeAssets/gltf/MaterialInstances/MI_Unlit_Opaque" 4206
"/InterchangeAssets/Functions/MX_OpenPBR_Translucent" 4207
"../../../Engine/Plugins/Animation/ControlRig/Content/Controls/ControlRig_Hexagon_solid.uasset" 4208
"../../../Engine/Plugins/Animation/ControlRig/Content/Controls/ControlRig_Octagon_1mm.uasset" 4209
"../../../Engine/Plugins/Animation/ControlRig/Content/Controls/ControlRig_QuarterCircle_3mm.uasset" 4210
"../../../Engine/Plugins/Animation/ControlRig/Content/Controls/ControlRig_RoundedSquare_3mm.uasset" 4211
"../../../Engine/Plugins/Animation/ControlRig/Content/Controls/ControlRig_RoundedSquare_1mm.uasset" 4212
"../../../Engine/Plugins/Animation/ControlRig/Content/Controls/ControlRig_Hexagon_1mm.uasset" 4213
"../../../Engine/Plugins/Animation/ControlRig/Content/Controls/ControlRig_Octagon_solid.uasset" 4214
"../../../Engine/Plugins/Animation/ControlRig/Content/Controls/ControlRig_Hexagon_3mm.uasset" 4215
"/ControlRig/Controls/ControlRig_HalfCircle_1mm" 4216
"../../../Engine/Plugins/Animation/ControlRig/Content/Controls/ControlRig_RoundedTriangle_3mm.uasset" 4217
"../../../Engine/Plugins/Animation/ControlRig/Content/Controls/ControlRig_Sphere_1mm.uasset" 4218
"../../../Engine/Plugins/Animation/ControlRig/Content/Controls/ControlRig_QuarterCircle_1mm.uasset" 4219
"../../../Engine/Plugins/Animation/ControlRig/Content/Controls/ControlRig_RoundedTriangle_solid.uasset" 4220
"../../../Engine/Plugins/Animation/ControlRig/Content/Controls/ControlRig_Star4_1mm.uasset" 4221
"../../../Engine/Plugins/Animation/ControlRig/Content/Controls/ControlRig_Square_solid.uasset" 4222
"../../../Engine/Plugins/Animation/ControlRig/Content/Controls/ControlRig_Pyramid_solid.uasset" 4223
"../../../Engine/Plugins/Animation/ControlRig/Content/Controls/ControlRig_Sphere_3mm.uasset" 4224
"../../../Engine/Plugins/Animation/ControlRig/Content/Controls/ControlRig_Square_1mm.uasset" 4225
"../../../Engine/Plugins/Animation/ControlRig/Content/Controls/ControlRig_RoundedSquare_solid.uasset" 4226
"../../../Engine/Plugins/Animation/ControlRig/Content/Controls/ControlRig_RoundedTriangle_1mm.uasset" 4227
"../../../Engine/Plugins/Animation/ControlRig/Content/Controls/ControlRig_Square_3mm.uasset" 4228
"../../../Engine/Plugins/Animation/ControlRig/Content/Controls/ControlRig_HalfCircle_solid.uasset" 4229
"../../../Engine/Plugins/Animation/ControlRig/Content/Controls/ControlRig_Pyramid_1mm.uasset" 4230
"../../../Engine/Plugins/Animation/ControlRig/Content/Controls/ControlRig_QuarterCircle_solid.uasset" 4231
"../../../Engine/Plugins/Animation/ControlRig/Content/Controls/ControlRig_HalfCircle_3mm.uasset" 4232
"../../../Engine/Plugins/Animation/ControlRig/Content/Controls/ControlRig_Pyramid_3mm.uasset" 4233
"../../../Engine/Plugins/Animation/ControlRig/Content/Controls/ControlRig_Octagon_3mm.uasset" 4234
"/ControlRig/Controls/ControlRig_Diamond_solid" 4235
"/ControlRig/Controls/ControlRig_Diamond_3mm" 4236
"/ControlRig/Controls/ControlRig_Diamond_1mm" 4237
"/ControlRig/Controls/ControlRig_Circle_solid" 4238
"/ControlRig/Controls/ControlRig_Circle_3mm" 4239
"../../../Engine/Plugins/Animation/ControlRig/Content/Controls/ControlRig_Star4_3mm.uasset" 4240
"../../../Engine/Plugins/Animation/ControlRig/Content/Controls/ControlRig_Triangle_3mm.uasset" 4241
"../../../Engine/Plugins/Animation/ControlRig/Content/Controls/ControlRig_Wedge_1mm.uasset" 4242
"../../../Engine/Plugins/Animation/ControlRig/Content/Controls/ControlRig_Triangle_solid.uasset" 4243
"/ControlRig/Controls/ControlRig_Star4_1mm" 4244
"../../../Engine/Plugins/Animation/ControlRig/Content/Controls/ControlRig_Triangle_1mm.uasset" 4245
"../../../Engine/Plugins/Animation/ControlRig/Content/Controls/ControlRig_Star4_solid.uasset" 4246
"/ControlRig/Controls/ControlRig_Square_solid" 4247
"/ControlRig/Controls/ControlRig_Square_3mm" 4248
"/ControlRig/Controls/ControlRig_Square_1mm" 4249
"/ControlRig/Controls/ControlRig_Sphere_3mm" 4250
"/ControlRig/Controls/ControlRig_Sphere_1mm" 4251
"/ControlRig/Controls/ControlRig_RoundedTriangle_solid" 4252
"/ControlRig/Controls/ControlRig_RoundedTriangle_3mm" 4253
"/ControlRig/Controls/ControlRig_RoundedTriangle_1mm" 4254
"/ControlRig/Controls/ControlRig_RoundedSquare_solid" 4255
"/ControlRig/Controls/ControlRig_RoundedSquare_3mm" 4256
"/ControlRig/Controls/ControlRig_RoundedSquare_1mm" 4257
"/ControlRig/Controls/ControlRig_QuarterCircle_solid" 4258
"/ControlRig/Controls/ControlRig_QuarterCircle_3mm" 4259
"/ControlRig/Controls/ControlRig_QuarterCircle_1mm" 4260
"/ControlRig/Controls/ControlRig_Pyramid_solid" 4261
"/ControlRig/Controls/ControlRig_Pyramid_3mm" 4262
"/ControlRig/Controls/ControlRig_Pyramid_1mm" 4263
"/ControlRig/Controls/ControlRig_Octagon_solid" 4264
"/ControlRig/Controls/ControlRig_Octagon_3mm" 4265
"/ControlRig/Controls/ControlRig_Octagon_1mm" 4266
"/ControlRig/Controls/ControlRig_Hexagon_solid" 4267
"/ControlRig/Controls/ControlRig_Hexagon_3mm" 4268
"/ControlRig/Controls/ControlRig_Hexagon_1mm" 4269
"/ControlRig/Controls/ControlRig_HalfCircle_solid" 4270
"/ControlRig/Controls/ControlRig_HalfCircle_3mm" 4271
"/ControlRig/Controls/ControlRig_Wedge_1mm" 4272
"../../../Engine/Content/Maps/Entry.umap" 4273
"../../../Engine/Plugins/Animation/ControlRig/Content/Controls/ControlRig_Wedge_solid.uasset" 4274
"../../../Engine/Content/Maps/Entry_BuiltData.uasset" 4275
"../../../Engine/Plugins/Animation/ControlRig/Content/Controls/ControlRig_Wedge_3mm.uasset" 4276
"/ControlRig/Controls/ControlRig_Triangle_solid" 4277
"/ControlRig/Controls/ControlRig_Triangle_3mm" 4278
"/ControlRig/Controls/ControlRig_Triangle_1mm" 4279
"/ControlRig/Controls/ControlRig_Star4_solid" 4280
"/ControlRig/Controls/ControlRig_Star4_3mm" 4281
"/Engine/Maps/Entry" 4282
"/ControlRig/Controls/ControlRig_Wedge_solid" 4283
"/ControlRig/Controls/ControlRig_Wedge_3mm" 4284
"../../../Engine/Content/EditorMaterials/PreviewShadowIndicator.uasset" 4285
"../../../Engine/Content/EngineMaterials/Substrate/GLints/dict_16_192_64_0p5_0p02_0000_0002.uasset" 4286
"../../../Engine/Content/EngineMaterials/Substrate/GLints/dict_16_192_64_0p5_0p02_0000_0006.uasset" 4287
"../../../Engine/Content/EngineMaterials/Substrate/GLints/dict_16_192_64_0p5_0p02_0000_0004.uasset" 4288
"../../../Engine/Content/EngineMaterials/Substrate/GLints/dict_16_192_64_0p5_0p02_0000_0011.uasset" 4289
"../../../Engine/Content/EngineMaterials/Substrate/GLints/dict_16_192_64_0p5_0p02_0000_0003.uasset" 4290
"../../../Engine/Content/EngineMaterials/Substrate/GLints/dict_16_192_64_0p5_0p02_0000_0009.uasset" 4291
"../../../Engine/Content/EngineMaterials/Substrate/GLints/dict_16_192_64_0p5_0p02_0000_0008.uasset" 4292
"../../../Engine/Content/EngineMaterials/Substrate/GLints/dict_16_192_64_0p5_0p02_0001_0000.uasset" 4293
"../../../Engine/Content/EditorMaterials/PreviewShadowIndicatorMaterial.uasset" 4294
"../../../Engine/Content/EngineMaterials/Substrate/GLints/dict_16_192_64_0p5_0p02_0000_0014.uasset" 4295
"../../../Engine/Content/EngineMaterials/Substrate/GLints/dict_16_192_64_0p5_0p02_0001_0002.uasset" 4296
"../../../Engine/Content/EngineMaterials/Substrate/GLints/dict_16_192_64_0p5_0p02_0001_0001.uasset" 4297
"../../../Engine/Content/EngineMaterials/Substrate/GLints/dict_16_192_64_0p5_0p02_0001_0008.uasset" 4298
"../../../Engine/Content/EngineMaterials/Substrate/GLints/dict_16_192_64_0p5_0p02_0001_0007.uasset" 4299
"../../../Engine/Content/EngineMaterials/Substrate/GLints/dict_16_192_64_0p5_0p02_0000_0013.uasset" 4300
"../../../Engine/Content/EngineMaterials/Substrate/GLints/dict_16_192_64_0p5_0p02_0001_0004.uasset" 4301
"../../../Engine/Content/EngineMaterials/Substrate/GLints/dict_16_192_64_0p5_0p02_0001_0009.uasset" 4302
"../../../Engine/Content/EngineMaterials/Substrate/GLints/dict_16_192_64_0p5_0p02_0001_0006.uasset" 4303
"../../../Engine/Content/EngineMaterials/Substrate/GLints/dict_16_192_64_0p5_0p02_0001_0011.uasset" 4304
"../../../Engine/Content/EngineMaterials/Substrate/GLints/dict_16_192_64_0p5_0p02_0001_0010.uasset" 4305
"../../../Engine/Content/EngineMaterials/Substrate/GLints/dict_16_192_64_0p5_0p02_0001_0013.uasset" 4306
"../../../Engine/Content/EngineMaterials/Substrate/GLints/dict_16_192_64_0p5_0p02_0000_0001.uasset" 4307
"../../../Engine/Content/EngineMaterials/Substrate/GLints/dict_16_192_64_0p5_0p02_0000_0005.uasset" 4308
"../../../Engine/Content/EngineMaterials/Substrate/GLints/dict_16_192_64_0p5_0p02_0000_0000.uasset" 4309
"../../../Engine/Content/EngineMaterials/Substrate/GLints/dict_16_192_64_0p5_0p02_0000_0007.uasset" 4310
"../../../Engine/Content/EngineMaterials/Substrate/GLints/dict_16_192_64_0p5_0p02_0000_0012.uasset" 4311
"../../../Engine/Content/EngineMaterials/Substrate/GLints/dict_16_192_64_0p5_0p02_0001_0003.uasset" 4312
"../../../Engine/Content/EngineMaterials/Substrate/GLints/dict_16_192_64_0p5_0p02_0001_0005.uasset" 4313
"../../../Engine/Content/EngineMaterials/Substrate/GLints/dict_16_192_64_0p5_0p02_0000_0010.uasset" 4314
"../../../Engine/Content/EngineMaterials/Substrate/GLints/dict_16_192_64_0p5_0p02_0001_0012.uasset" 4315
"../../../Engine/Content/EngineMaterials/Substrate/GLints/dict_16_192_64_0p5_0p02_0000_0015.uasset" 4316
"/Engine/EngineMaterials/Substrate/GLints/dict_16_192_64_0p5_0p02_0000_0006" 4317
"/Engine/EngineMaterials/Substrate/GLints/dict_16_192_64_0p5_0p02_0000_0011" 4318
"/Engine/EngineMaterials/Substrate/GLints/dict_16_192_64_0p5_0p02_0000_0004" 4319
"/Engine/EditorMaterials/PreviewShadowIndicator" 4320
"/Engine/EngineMaterials/Substrate/GLints/dict_16_192_64_0p5_0p02_0000_0002" 4321
"../../../Engine/Content/EngineMaterials/Substrate/GLints/dict_16_192_64_0p5_0p02_0001_0014.uasset" 4322
"../../../Engine/Content/EngineMaterials/Substrate/GLints/dict_16_192_64_0p5_0p02_0002_0000.uasset" 4323
"../../../Engine/Content/EngineMaterials/Substrate/GLints/dict_16_192_64_0p5_0p02_0002_0001.uasset" 4324
"../../../Engine/Content/EngineMaterials/Substrate/GLints/dict_16_192_64_0p5_0p02_0001_0015.uasset" 4325
"/Engine/EngineMaterials/Substrate/GLints/dict_16_192_64_0p5_0p02_0001_0013" 4326
"../../../Engine/Content/EngineMaterials/Substrate/GLints/dict_16_192_64_0p5_0p02_0002_0002.uasset" 4327
"/Engine/EngineMaterials/Substrate/GLints/dict_16_192_64_0p5_0p02_0001_0012" 4328
"/Engine/EngineMaterials/Substrate/GLints/dict_16_192_64_0p5_0p02_0001_0011" 4329
"/Engine/EngineMaterials/Substrate/GLints/dict_16_192_64_0p5_0p02_0001_0010" 4330
"/Engine/EngineMaterials/Substrate/GLints/dict_16_192_64_0p5_0p02_0001_0009" 4331
"/Engine/EngineMaterials/Substrate/GLints/dict_16_192_64_0p5_0p02_0001_0008" 4332
"/Engine/EngineMaterials/Substrate/GLints/dict_16_192_64_0p5_0p02_0001_0007" 4333
"/Engine/EngineMaterials/Substrate/GLints/dict_16_192_64_0p5_0p02_0001_0006" 4334
"/Engine/EngineMaterials/Substrate/GLints/dict_16_192_64_0p5_0p02_0001_0005" 4335
"/Engine/EngineMaterials/Substrate/GLints/dict_16_192_64_0p5_0p02_0001_0004" 4336
"/Engine/EngineMaterials/Substrate/GLints/dict_16_192_64_0p5_0p02_0001_0003" 4337
"/Engine/EngineMaterials/Substrate/GLints/dict_16_192_64_0p5_0p02_0001_0002" 4338
"/Engine/EngineMaterials/Substrate/GLints/dict_16_192_64_0p5_0p02_0001_0001" 4339
"/Engine/EngineMaterials/Substrate/GLints/dict_16_192_64_0p5_0p02_0001_0000" 4340
"/Engine/EngineMaterials/Substrate/GLints/dict_16_192_64_0p5_0p02_0000_0015" 4341
"/Engine/EngineMaterials/Substrate/GLints/dict_16_192_64_0p5_0p02_0000_0014" 4342
"/Engine/EngineMaterials/Substrate/GLints/dict_16_192_64_0p5_0p02_0000_0007" 4343
"/Engine/EngineMaterials/Substrate/GLints/dict_16_192_64_0p5_0p02_0000_0005" 4344
"/Engine/EngineMaterials/Substrate/GLints/dict_16_192_64_0p5_0p02_0000_0013" 4345
"/Engine/EngineMaterials/Substrate/GLints/dict_16_192_64_0p5_0p02_0000_0012" 4346
"/Engine/EngineMaterials/Substrate/GLints/dict_16_192_64_0p5_0p02_0000_0010" 4347
"/Engine/EngineMaterials/Substrate/GLints/dict_16_192_64_0p5_0p02_0000_0009" 4348
"/Engine/EngineMaterials/Substrate/GLints/dict_16_192_64_0p5_0p02_0000_0008" 4349
"/Engine/EngineMaterials/Substrate/GLints/dict_16_192_64_0p5_0p02_0000_0001" 4350
"/Engine/EngineMaterials/Substrate/GLints/dict_16_192_64_0p5_0p02_0000_0000" 4351
"/Engine/EditorMaterials/PreviewShadowIndicatorMaterial" 4352
"/Engine/EngineMaterials/Substrate/GLints/dict_16_192_64_0p5_0p02_0000_0003" 4353
"/Engine/EngineMaterials/Substrate/GLints/dict_16_192_64_0p5_0p02_0001_0014" 4354
"../../../Engine/Content/EngineMaterials/Substrate/GLints/dict_16_192_64_0p5_0p02_0002_0003.uasset" 4355
"../../../Engine/Content/EngineMaterials/Substrate/GLints/dict_16_192_64_0p5_0p02_0002_0006.uasset" 4356
"../../../Engine/Content/EngineMaterials/Substrate/GLints/dict_16_192_64_0p5_0p02_0002_0007.uasset" 4357
"../../../Engine/Content/EngineMaterials/Substrate/GLints/dict_16_192_64_0p5_0p02_0002_0005.uasset" 4358
"../../../Engine/Content/EngineMaterials/Substrate/GLints/dict_16_192_64_0p5_0p02_0002_0004.uasset" 4359
"../../../Engine/Content/EngineMaterials/Substrate/GLints/dict_16_192_64_0p5_0p02_0002_0011.uasset" 4360
"../../../Engine/Content/EngineMaterials/Substrate/GLints/dict_16_192_64_0p5_0p02_0002_0010.uasset" 4361
"../../../Engine/Content/EngineMaterials/Substrate/GLints/dict_16_192_64_0p5_0p02_0002_0014.uasset" 4362
"../../../Engine/Content/EngineMaterials/Substrate/GLints/dict_16_192_64_0p5_0p02_0002_0012.uasset" 4363
"../../../Engine/Content/EngineMaterials/Substrate/GLints/dict_16_192_64_0p5_0p02_0003_0001.uasset" 4364
"../../../Engine/Content/EngineMaterials/Substrate/GLints/dict_16_192_64_0p5_0p02_0003_0000.uasset" 4365
"../../../Engine/Content/EngineMaterials/Substrate/GLints/dict_16_192_64_0p5_0p02_0002_0013.uasset" 4366
"../../../Engine/Content/EngineMaterials/Substrate/GLints/dict_16_192_64_0p5_0p02_0002_0015.uasset" 4367
"../../../Engine/Content/EngineMaterials/Substrate/GLints/dict_16_192_64_0p5_0p02_0003_0004.uasset" 4368
"../../../Engine/Content/EngineMaterials/Substrate/GLints/dict_16_192_64_0p5_0p02_0003_0006.uasset" 4369
"../../../Engine/Content/EngineMaterials/Substrate/GLints/dict_16_192_64_0p5_0p02_0002_0008.uasset" 4370
"../../../Engine/Content/EngineMaterials/Substrate/GLints/dict_16_192_64_0p5_0p02_0003_0014.uasset" 4371
"../../../Engine/Content/EngineMaterials/Substrate/GLints/dict_16_192_64_0p5_0p02_0003_0009.uasset" 4372
"../../../Engine/Content/EngineMaterials/Substrate/GLints/dict_16_192_64_0p5_0p02_0003_0002.uasset" 4373
"../../../Engine/Content/EngineMaterials/Substrate/GLints/dict_16_192_64_0p5_0p02_0003_0012.uasset" 4374
"../../../Engine/Content/EngineMaterials/Substrate/GLints/dict_16_192_64_0p5_0p02_0003_0013.uasset" 4375
"../../../Engine/Content/EngineMaterials/Substrate/GLints/dict_16_192_64_0p5_0p02_0003_0010.uasset" 4376
"../../../Engine/Content/EngineMaterials/Substrate/GLints/dict_16_192_64_0p5_0p02_0003_0005.uasset" 4377
"../../../Engine/Content/EngineMaterials/Substrate/GLints/dict_16_192_64_0p5_0p02_0003_0011.uasset" 4378
"../../../Engine/Content/EngineMaterials/Substrate/GLints/dict_16_192_64_0p5_0p02_0003_0003.uasset" 4379
"../../../Engine/Content/EngineMaterials/Substrate/GLints/dict_16_192_64_0p5_0p02_0003_0007.uasset" 4380
"../../../Engine/Content/EngineMaterials/Substrate/GLints/dict_16_192_64_0p5_0p02_0003_0008.uasset" 4381
"../../../Engine/Content/EngineMaterials/Substrate/GLints/dict_16_192_64_0p5_0p02_0002_0009.uasset" 4382
"../../../Engine/Plugins/Animation/DeformerGraph/Shaders/Private/DataInterfaceCustomComputeKernel.ush" 4383
"../../../Engine/Plugins/Animation/DeformerGraph/Shaders/Private/DataInterfaceCloth.ush" 4384
"../../../Engine/Plugins/Animation/DeformerGraph/Shaders/Private/DataInterfaceSkinnedMeshRead.ush" 4385
"../../../Engine/Plugins/Animation/DeformerGraph/Shaders/Private/DataInterfaceSkeleton.ush" 4386
"../../../Engine/Plugins/Animation/DeformerGraph/Shaders/Private/DataInterfaceSkeletonCommon.ush" 4387
"../../../Engine/Plugins/Animation/DeformerGraph/Shaders/Private/DataInterfaceMorphTarget.ush" 4388
"../../../Engine/Plugins/Animation/DeformerGraph/Shaders/Private/DataInterfaceSkinnedMeshWrite.ush" 4389
"../../../Engine/Plugins/Animation/DeformerGraph/Shaders/Private/DataInterfaceRawBuffer.ush" 4390
"../../../Engine/Plugins/Runtime/ComputeFramework/Shaders/Private/BufferAlias.ush" 4391
"../../../Engine/Plugins/Animation/DeformerGraph/Shaders/Private/DataInterfaceSkinnedMesh.ush" 4392
"../../../Engine/Plugins/Animation/DeformerGraph/Shaders/Private/DataInterfaceHalfEdge.ush" 4393
"/Engine/EngineMaterials/Substrate/GLints/dict_16_192_64_0p5_0p02_0003_0001" 4394
"/Engine/EngineMaterials/Substrate/GLints/dict_16_192_64_0p5_0p02_0002_0014" 4395
"/Engine/EngineMaterials/Substrate/GLints/dict_16_192_64_0p5_0p02_0002_0002" 4396
"/Engine/EngineMaterials/Substrate/GLints/dict_16_192_64_0p5_0p02_0002_0012" 4397
"/Engine/EngineMaterials/Substrate/GLints/dict_16_192_64_0p5_0p02_0002_0011" 4398
"/Engine/EngineMaterials/Substrate/GLints/dict_16_192_64_0p5_0p02_0002_0001" 4399
"/Engine/EngineMaterials/Substrate/GLints/dict_16_192_64_0p5_0p02_0002_0000" 4400
"/Engine/EngineMaterials/Substrate/GLints/dict_16_192_64_0p5_0p02_0002_0010" 4401
"/Engine/EngineMaterials/Substrate/GLints/dict_16_192_64_0p5_0p02_0002_0007" 4402
"/Engine/EngineMaterials/Substrate/GLints/dict_16_192_64_0p5_0p02_0002_0006" 4403
"/Engine/EngineMaterials/Substrate/GLints/dict_16_192_64_0p5_0p02_0002_0005" 4404
"/Engine/EngineMaterials/Substrate/GLints/dict_16_192_64_0p5_0p02_0001_0015" 4405
"/Engine/EngineMaterials/Substrate/GLints/dict_16_192_64_0p5_0p02_0002_0003" 4406
"../../../Engine/Content/EngineMaterials/Substrate/GLints/dict_16_192_64_0p5_0p02_0004_0002.uasset" 4407
"../../../Engine/Content/EngineMaterials/Substrate/GLints/dict_16_192_64_0p5_0p02_0004_0000.uasset" 4408
"../../../Engine/Content/EngineMaterials/Substrate/GLints/dict_16_192_64_0p5_0p02_0003_0015.uasset" 4409
"../../../Engine/Content/EngineMaterials/Substrate/GLints/dict_16_192_64_0p5_0p02_0004_0004.uasset" 4410
"../../../Engine/Content/EngineMaterials/Substrate/GLints/dict_16_192_64_0p5_0p02_0004_0003.uasset" 4411
"../../../Engine/Content/EngineMaterials/Substrate/GLints/dict_16_192_64_0p5_0p02_0004_0005.uasset" 4412
"../../../Engine/Content/EngineMaterials/Substrate/GLints/dict_16_192_64_0p5_0p02_0004_0007.uasset" 4413
"../../../Engine/Content/EngineMaterials/Substrate/GLints/dict_16_192_64_0p5_0p02_0004_0011.uasset" 4414
"../../../Engine/Content/EngineMaterials/Substrate/GLints/dict_16_192_64_0p5_0p02_0004_0009.uasset" 4415
"../../../Engine/Content/EngineMaterials/Substrate/GLints/dict_16_192_64_0p5_0p02_0004_0010.uasset" 4416
"../../../Engine/Content/EngineMaterials/Substrate/GLints/dict_16_192_64_0p5_0p02_0004_0006.uasset" 4417
"../../../Engine/Content/EngineMaterials/Substrate/GLints/dict_16_192_64_0p5_0p02_0004_0001.uasset" 4418
"../../../Engine/Content/EngineMaterials/Substrate/GLints/dict_16_192_64_0p5_0p02_0004_0008.uasset" 4419
"/Engine/EngineMaterials/Substrate/GLints/dict_16_192_64_0p5_0p02_0003_0014" 4420
"/Engine/EngineMaterials/Substrate/GLints/dict_16_192_64_0p5_0p02_0003_0013" 4421
"/Engine/EngineMaterials/Substrate/GLints/dict_16_192_64_0p5_0p02_0003_0012" 4422
"/Engine/EngineMaterials/Substrate/GLints/dict_16_192_64_0p5_0p02_0003_0011" 4423
"/Engine/EngineMaterials/Substrate/GLints/dict_16_192_64_0p5_0p02_0003_0010" 4424
"/Engine/EngineMaterials/Substrate/GLints/dict_16_192_64_0p5_0p02_0003_0009" 4425
"/Engine/EngineMaterials/Substrate/GLints/dict_16_192_64_0p5_0p02_0003_0008" 4426
"/Engine/EngineMaterials/Substrate/GLints/dict_16_192_64_0p5_0p02_0003_0007" 4427
"/Engine/EngineMaterials/Substrate/GLints/dict_16_192_64_0p5_0p02_0003_0006" 4428
"/Engine/EngineMaterials/Substrate/GLints/dict_16_192_64_0p5_0p02_0003_0005" 4429
"/Engine/EngineMaterials/Substrate/GLints/dict_16_192_64_0p5_0p02_0003_0004" 4430
"/Engine/EngineMaterials/Substrate/GLints/dict_16_192_64_0p5_0p02_0003_0003" 4431
"/Engine/EngineMaterials/Substrate/GLints/dict_16_192_64_0p5_0p02_0003_0002" 4432
"/Engine/EngineMaterials/Substrate/GLints/dict_16_192_64_0p5_0p02_0003_0000" 4433
"/Engine/EngineMaterials/Substrate/GLints/dict_16_192_64_0p5_0p02_0002_0015" 4434
"/Engine/EngineMaterials/Substrate/GLints/dict_16_192_64_0p5_0p02_0002_0013" 4435
"/Engine/EngineMaterials/Substrate/GLints/dict_16_192_64_0p5_0p02_0002_0009" 4436
"/Engine/EngineMaterials/Substrate/GLints/dict_16_192_64_0p5_0p02_0002_0008" 4437
"/Engine/EngineMaterials/Substrate/GLints/dict_16_192_64_0p5_0p02_0004_0002" 4438
"/Engine/EngineMaterials/Substrate/GLints/dict_16_192_64_0p5_0p02_0004_0000" 4439
"/Engine/EngineMaterials/Substrate/GLints/dict_16_192_64_0p5_0p02_0002_0004" 4440
"/Engine/EngineMaterials/Substrate/GLints/dict_16_192_64_0p5_0p02_0003_0015" 4441
"../../../Engine/Content/EngineMaterials/Substrate/GLints/dict_16_192_64_0p5_0p02_0004_0012.uasset" 4442
"../../../Engine/Content/EngineMaterials/Substrate/GLints/dict_16_192_64_0p5_0p02_0004_0015.uasset" 4443
"../../../Engine/Content/EngineMaterials/Substrate/GLints/dict_16_192_64_0p5_0p02_0004_0013.uasset" 4444
"../../../Engine/Content/EngineMaterials/Substrate/GLints/dict_16_192_64_0p5_0p02_0004_0014.uasset" 4445
"../../../Engine/Content/EngineMaterials/Substrate/GLints/dict_16_192_64_0p5_0p02_0005_0001.uasset" 4446
"../../../Engine/Content/EngineMaterials/Substrate/GLints/dict_16_192_64_0p5_0p02_0005_0000.uasset" 4447
"../../../Engine/Content/EngineMaterials/Substrate/GLints/dict_16_192_64_0p5_0p02_0005_0005.uasset" 4448
"../../../Engine/Content/EngineMaterials/Substrate/GLints/dict_16_192_64_0p5_0p02_0005_0006.uasset" 4449
"../../../Engine/Content/EngineMaterials/Substrate/GLints/dict_16_192_64_0p5_0p02_0005_0002.uasset" 4450
"../../../Engine/Content/EngineMaterials/Substrate/GLints/dict_16_192_64_0p5_0p02_0005_0007.uasset" 4451
"../../../Engine/Content/EngineMaterials/Substrate/GLints/dict_16_192_64_0p5_0p02_0005_0008.uasset" 4452
"../../../Engine/Content/EngineMaterials/Substrate/GLints/dict_16_192_64_0p5_0p02_0005_0004.uasset" 4453
"../../../Engine/Content/EngineMaterials/Substrate/GLints/dict_16_192_64_0p5_0p02_0005_0010.uasset" 4454
"../../../Engine/Content/EngineMaterials/Substrate/GLints/dict_16_192_64_0p5_0p02_0005_0003.uasset" 4455
"../../../Engine/Content/EngineMaterials/Substrate/GLints/dict_16_192_64_0p5_0p02_0005_0009.uasset" 4456
"../../../Engine/Content/EngineMaterials/Substrate/GLints/dict_16_192_64_0p5_0p02_0005_0011.uasset" 4457
"../../../Engine/Content/EngineMaterials/Substrate/GLints/dict_16_192_64_0p5_0p02_0006_0000.uasset" 4458
"../../../Engine/Content/EngineMaterials/Substrate/GLints/dict_16_192_64_0p5_0p02_0005_0012.uasset" 4459
"../../../Engine/Content/EngineMaterials/Substrate/GLints/dict_16_192_64_0p5_0p02_0005_0014.uasset" 4460
"../../../Engine/Content/EngineMaterials/Substrate/GLints/dict_16_192_64_0p5_0p02_0005_0015.uasset" 4461
"../../../Engine/Content/EngineMaterials/Substrate/GLints/dict_16_192_64_0p5_0p02_0006_0001.uasset" 4462
"../../../Engine/Content/EngineMaterials/Substrate/GLints/dict_16_192_64_0p5_0p02_0005_0013.uasset" 4463
"/Engine/EngineMaterials/Substrate/GLints/dict_16_192_64_0p5_0p02_0005_0010" 4464
"/Engine/EngineMaterials/Substrate/GLints/dict_16_192_64_0p5_0p02_0005_0009" 4465
"/Engine/EngineMaterials/Substrate/GLints/dict_16_192_64_0p5_0p02_0005_0008" 4466
"/Engine/EngineMaterials/Substrate/GLints/dict_16_192_64_0p5_0p02_0005_0007" 4467
"/Engine/EngineMaterials/Substrate/GLints/dict_16_192_64_0p5_0p02_0005_0006" 4468
"/Engine/EngineMaterials/Substrate/GLints/dict_16_192_64_0p5_0p02_0005_0005" 4469
"/Engine/EngineMaterials/Substrate/GLints/dict_16_192_64_0p5_0p02_0004_0011" 4470
"/Engine/EngineMaterials/Substrate/GLints/dict_16_192_64_0p5_0p02_0005_0004" 4471
"/Engine/EngineMaterials/Substrate/GLints/dict_16_192_64_0p5_0p02_0005_0003" 4472
"/Engine/EngineMaterials/Substrate/GLints/dict_16_192_64_0p5_0p02_0004_0010" 4473
"/Engine/EngineMaterials/Substrate/GLints/dict_16_192_64_0p5_0p02_0004_0009" 4474
"/Engine/EngineMaterials/Substrate/GLints/dict_16_192_64_0p5_0p02_0005_0002" 4475
"/Engine/EngineMaterials/Substrate/GLints/dict_16_192_64_0p5_0p02_0004_0008" 4476
"/Engine/EngineMaterials/Substrate/GLints/dict_16_192_64_0p5_0p02_0004_0007" 4477
"/Engine/EngineMaterials/Substrate/GLints/dict_16_192_64_0p5_0p02_0004_0006" 4478
"/Engine/EngineMaterials/Substrate/GLints/dict_16_192_64_0p5_0p02_0004_0005" 4479
"/Engine/EngineMaterials/Substrate/GLints/dict_16_192_64_0p5_0p02_0004_0004" 4480
"/Engine/EngineMaterials/Substrate/GLints/dict_16_192_64_0p5_0p02_0005_0001" 4481
"/Engine/EngineMaterials/Substrate/GLints/dict_16_192_64_0p5_0p02_0005_0000" 4482
"/Engine/EngineMaterials/Substrate/GLints/dict_16_192_64_0p5_0p02_0004_0003" 4483
"/Engine/EngineMaterials/Substrate/GLints/dict_16_192_64_0p5_0p02_0004_0015" 4484
"/Engine/EngineMaterials/Substrate/GLints/dict_16_192_64_0p5_0p02_0004_0001" 4485
"/Engine/EngineMaterials/Substrate/GLints/dict_16_192_64_0p5_0p02_0004_0014" 4486
"/Engine/EngineMaterials/Substrate/GLints/dict_16_192_64_0p5_0p02_0004_0013" 4487
"/Engine/EngineMaterials/Substrate/GLints/dict_16_192_64_0p5_0p02_0004_0012" 4488
"../../../Engine/Content/EngineMaterials/Substrate/GLints/dict_16_192_64_0p5_0p02_0006_0002.uasset" 4489
"../../../Engine/Content/EngineMaterials/Substrate/GLints/dict_16_192_64_0p5_0p02_0006_0008.uasset" 4490
"../../../Engine/Content/EngineMaterials/Substrate/GLints/dict_16_192_64_0p5_0p02_0006_0009.uasset" 4491
"../../../Engine/Content/EngineMaterials/Substrate/GLints/dict_16_192_64_0p5_0p02_0006_0004.uasset" 4492
"../../../Engine/Content/EngineMaterials/Substrate/GLints/dict_16_192_64_0p5_0p02_0006_0006.uasset" 4493
"../../../Engine/Content/EngineMaterials/Substrate/GLints/dict_16_192_64_0p5_0p02_0006_0011.uasset" 4494
"../../../Engine/Content/EngineMaterials/Substrate/GLints/dict_16_192_64_0p5_0p02_0006_0014.uasset" 4495
"../../../Engine/Content/EngineMaterials/Substrate/GLints/dict_16_192_64_0p5_0p02_0006_0010.uasset" 4496
"../../../Engine/Content/EngineMaterials/Substrate/GLints/dict_16_192_64_0p5_0p02_0006_0015.uasset" 4497
"../../../Engine/Content/EngineMaterials/Substrate/GLints/dict_16_192_64_0p5_0p02_0006_0013.uasset" 4498
"../../../Engine/Content/EngineMaterials/Substrate/GLints/dict_16_192_64_0p5_0p02_0007_0000.uasset" 4499
"../../../Engine/Content/EngineMaterials/Substrate/GLints/dict_16_192_64_0p5_0p02_0007_0001.uasset" 4500
"../../../Engine/Content/EngineMaterials/Substrate/GLints/dict_16_192_64_0p5_0p02_0006_0007.uasset" 4501
"../../../Engine/Content/EngineMaterials/Substrate/GLints/dict_16_192_64_0p5_0p02_0006_0005.uasset" 4502
"../../../Engine/Content/EngineMaterials/Substrate/GLints/dict_16_192_64_0p5_0p02_0006_0012.uasset" 4503
"../../../Engine/Content/EngineMaterials/Substrate/GLints/dict_16_192_64_0p5_0p02_0006_0003.uasset" 4504
"../../../Engine/Content/EngineMaterials/Substrate/GLints/dict_16_192_64_0p5_0p02_0007_0007.uasset" 4505
"../../../Engine/Content/EngineMaterials/Substrate/GLints/dict_16_192_64_0p5_0p02_0007_0008.uasset" 4506
"../../../Engine/Content/EngineMaterials/Substrate/GLints/dict_16_192_64_0p5_0p02_0007_0004.uasset" 4507
"../../../Engine/Content/EngineMaterials/Substrate/GLints/dict_16_192_64_0p5_0p02_0007_0002.uasset" 4508
"../../../Engine/Content/EngineMaterials/Substrate/GLints/dict_16_192_64_0p5_0p02_0007_0009.uasset" 4509
"../../../Engine/Content/EngineMaterials/Substrate/GLints/dict_16_192_64_0p5_0p02_0007_0003.uasset" 4510
"../../../Engine/Content/EngineMaterials/Substrate/GLints/dict_16_192_64_0p5_0p02_0007_0005.uasset" 4511
"../../../Engine/Content/EngineMaterials/Substrate/GLints/dict_16_192_64_0p5_0p02_0007_0010.uasset" 4512
"../../../Engine/Content/EngineMaterials/Substrate/GLints/dict_16_192_64_0p5_0p02_0007_0006.uasset" 4513
"/Engine/EngineMaterials/Substrate/GLints/dict_16_192_64_0p5_0p02_0006_0001" 4514
"/Engine/EngineMaterials/Substrate/GLints/dict_16_192_64_0p5_0p02_0006_0000" 4515
"/Engine/EngineMaterials/Substrate/GLints/dict_16_192_64_0p5_0p02_0005_0015" 4516
"/Engine/EngineMaterials/Substrate/GLints/dict_16_192_64_0p5_0p02_0005_0014" 4517
"/Engine/EngineMaterials/Substrate/GLints/dict_16_192_64_0p5_0p02_0005_0013" 4518
"/Engine/EngineMaterials/Substrate/GLints/dict_16_192_64_0p5_0p02_0005_0012" 4519
"/Engine/EngineMaterials/Substrate/GLints/dict_16_192_64_0p5_0p02_0005_0011" 4520
"/Engine/EngineMaterials/Substrate/GLints/dict_16_192_64_0p5_0p02_0007_0001" 4521
"/Engine/EngineMaterials/Substrate/GLints/dict_16_192_64_0p5_0p02_0007_0000" 4522
"/Engine/EngineMaterials/Substrate/GLints/dict_16_192_64_0p5_0p02_0006_0015" 4523
"/Engine/EngineMaterials/Substrate/GLints/dict_16_192_64_0p5_0p02_0006_0014" 4524
"/Engine/EngineMaterials/Substrate/GLints/dict_16_192_64_0p5_0p02_0006_0013" 4525
"/Engine/EngineMaterials/Substrate/GLints/dict_16_192_64_0p5_0p02_0006_0012" 4526
"/Engine/EngineMaterials/Substrate/GLints/dict_16_192_64_0p5_0p02_0006_0011" 4527
"/Engine/EngineMaterials/Substrate/GLints/dict_16_192_64_0p5_0p02_0006_0010" 4528
"/Engine/EngineMaterials/Substrate/GLints/dict_16_192_64_0p5_0p02_0006_0009" 4529
"/Engine/EngineMaterials/Substrate/GLints/dict_16_192_64_0p5_0p02_0006_0008" 4530
"/Engine/EngineMaterials/Substrate/GLints/dict_16_192_64_0p5_0p02_0006_0007" 4531
"/Engine/EngineMaterials/Substrate/GLints/dict_16_192_64_0p5_0p02_0006_0006" 4532
"/Engine/EngineMaterials/Substrate/GLints/dict_16_192_64_0p5_0p02_0006_0005" 4533
"/Engine/EngineMaterials/Substrate/GLints/dict_16_192_64_0p5_0p02_0006_0004" 4534
"/Engine/EngineMaterials/Substrate/GLints/dict_16_192_64_0p5_0p02_0006_0003" 4535
"/Engine/EngineMaterials/Substrate/GLints/dict_16_192_64_0p5_0p02_0006_0002" 4536
"../../../Engine/Content/EngineMaterials/Substrate/GLints/dict_16_192_64_0p5_0p02_0007_0015.uasset" 4537
"../../../Engine/Content/EngineMaterials/Substrate/GLints/dict_16_192_64_0p5_0p02_0007_0014.uasset" 4538
"../../../Engine/Content/EngineMaterials/Substrate/GLints/dict_16_192_64_0p5_0p02_0008_0000.uasset" 4539
"../../../Engine/Content/EngineMaterials/Substrate/GLints/dict_16_192_64_0p5_0p02_0007_0012.uasset" 4540
"../../../Engine/Content/EngineMaterials/Substrate/GLints/dict_16_192_64_0p5_0p02_0007_0013.uasset" 4541
"../../../Engine/Content/EngineMaterials/Substrate/GLints/dict_16_192_64_0p5_0p02_0008_0004.uasset" 4542
"../../../Engine/Content/EngineMaterials/Substrate/GLints/dict_16_192_64_0p5_0p02_0008_0007.uasset" 4543
"../../../Engine/Content/EngineMaterials/Substrate/GLints/dict_16_192_64_0p5_0p02_0008_0008.uasset" 4544
"../../../Engine/Content/EngineMaterials/Substrate/GLints/dict_16_192_64_0p5_0p02_0008_0011.uasset" 4545
"../../../Engine/Content/EngineMaterials/Substrate/GLints/dict_16_192_64_0p5_0p02_0008_0009.uasset" 4546
"../../../Engine/Content/EngineMaterials/Substrate/GLints/dict_16_192_64_0p5_0p02_0008_0015.uasset" 4547
"../../../Engine/Content/EngineMaterials/Substrate/GLints/dict_16_192_64_0p5_0p02_0009_0000.uasset" 4548
"../../../Engine/Content/EngineMaterials/Substrate/GLints/dict_16_192_64_0p5_0p02_0009_0001.uasset" 4549
"../../../Engine/Content/EngineMaterials/Substrate/GLints/dict_16_192_64_0p5_0p02_0008_0013.uasset" 4550
"../../../Engine/Content/EngineMaterials/Substrate/GLints/dict_16_192_64_0p5_0p02_0007_0011.uasset" 4551
"../../../Engine/Content/EngineMaterials/Substrate/GLints/dict_16_192_64_0p5_0p02_0008_0001.uasset" 4552
"../../../Engine/Content/EngineMaterials/Substrate/GLints/dict_16_192_64_0p5_0p02_0008_0010.uasset" 4553
"../../../Engine/Content/EngineMaterials/Substrate/GLints/dict_16_192_64_0p5_0p02_0008_0002.uasset" 4554
"../../../Engine/Content/EngineMaterials/Substrate/GLints/dict_16_192_64_0p5_0p02_0008_0005.uasset" 4555
"../../../Engine/Content/EngineMaterials/Substrate/GLints/dict_16_192_64_0p5_0p02_0008_0003.uasset" 4556
"../../../Engine/Content/EngineMaterials/Substrate/GLints/dict_16_192_64_0p5_0p02_0008_0014.uasset" 4557
"../../../Engine/Content/EngineMaterials/Substrate/GLints/dict_16_192_64_0p5_0p02_0008_0012.uasset" 4558
"../../../Engine/Content/EngineMaterials/Substrate/GLints/dict_16_192_64_0p5_0p02_0008_0006.uasset" 4559
"/Engine/EngineMaterials/Substrate/GLints/dict_16_192_64_0p5_0p02_0007_0010" 4560
"/Engine/EngineMaterials/Substrate/GLints/dict_16_192_64_0p5_0p02_0007_0009" 4561
"/Engine/EngineMaterials/Substrate/GLints/dict_16_192_64_0p5_0p02_0007_0008" 4562
"/Engine/EngineMaterials/Substrate/GLints/dict_16_192_64_0p5_0p02_0007_0007" 4563
"/Engine/EngineMaterials/Substrate/GLints/dict_16_192_64_0p5_0p02_0007_0006" 4564
"/Engine/EngineMaterials/Substrate/GLints/dict_16_192_64_0p5_0p02_0007_0005" 4565
"/Engine/EngineMaterials/Substrate/GLints/dict_16_192_64_0p5_0p02_0007_0004" 4566
"/Engine/EngineMaterials/Substrate/GLints/dict_16_192_64_0p5_0p02_0007_0003" 4567
"/Engine/EngineMaterials/Substrate/GLints/dict_16_192_64_0p5_0p02_0007_0002" 4568
"/Engine/EngineMaterials/Substrate/GLints/dict_16_192_64_0p5_0p02_0008_0000" 4569
"/Engine/EngineMaterials/Substrate/GLints/dict_16_192_64_0p5_0p02_0007_0015" 4570
"/Engine/EngineMaterials/Substrate/GLints/dict_16_192_64_0p5_0p02_0007_0014" 4571
"/Engine/EngineMaterials/Substrate/GLints/dict_16_192_64_0p5_0p02_0007_0013" 4572
"/Engine/EngineMaterials/Substrate/GLints/dict_16_192_64_0p5_0p02_0007_0012" 4573
"../../../Engine/Content/EngineMaterials/Substrate/GLints/dict_16_192_64_0p5_0p02_0009_0008.uasset" 4574
"../../../Engine/Content/EngineMaterials/Substrate/GLints/dict_16_192_64_0p5_0p02_0009_0010.uasset" 4575
"../../../Engine/Content/EngineMaterials/Substrate/GLints/dict_16_192_64_0p5_0p02_0009_0006.uasset" 4576
"../../../Engine/Content/EngineMaterials/Substrate/GLints/dict_16_192_64_0p5_0p02_0009_0013.uasset" 4577
"../../../Engine/Content/EngineMaterials/Substrate/GLints/dict_16_192_64_0p5_0p02_0009_0005.uasset" 4578
"../../../Engine/Content/EngineMaterials/Substrate/GLints/dict_16_192_64_0p5_0p02_0009_0002.uasset" 4579
"../../../Engine/Content/EngineMaterials/Substrate/GLints/dict_16_192_64_0p5_0p02_0009_0015.uasset" 4580
"../../../Engine/Content/EngineMaterials/Substrate/GLints/dict_16_192_64_0p5_0p02_0009_0012.uasset" 4581
"../../../Engine/Content/EngineMaterials/Substrate/GLints/dict_16_192_64_0p5_0p02_0009_0007.uasset" 4582
"../../../Engine/Content/EngineMaterials/Substrate/GLints/dict_16_192_64_0p5_0p02_0009_0009.uasset" 4583
"/Engine/EngineMaterials/Substrate/GLints/dict_16_192_64_0p5_0p02_0009_0001" 4584
"../../../Engine/Content/EngineMaterials/Substrate/GLints/dict_16_192_64_0p5_0p02_0009_0014.uasset" 4585
"../../../Engine/Content/EngineMaterials/Substrate/GLints/dict_16_192_64_0p5_0p02_0009_0011.uasset" 4586
"../../../Engine/Content/EngineMaterials/Substrate/GLints/dict_16_192_64_0p5_0p02_0009_0003.uasset" 4587
"../../../Engine/Content/EngineMaterials/Substrate/GLints/dict_16_192_64_0p5_0p02_0009_0004.uasset" 4588
"/Engine/EngineMaterials/Substrate/GLints/dict_16_192_64_0p5_0p02_0009_0000" 4589
"/Engine/EngineMaterials/Substrate/GLints/dict_16_192_64_0p5_0p02_0008_0015" 4590
"/Engine/EngineMaterials/Substrate/GLints/dict_16_192_64_0p5_0p02_0008_0014" 4591
"/Engine/EngineMaterials/Substrate/GLints/dict_16_192_64_0p5_0p02_0008_0013" 4592
"/Engine/EngineMaterials/Substrate/GLints/dict_16_192_64_0p5_0p02_0008_0012" 4593
"/Engine/EngineMaterials/Substrate/GLints/dict_16_192_64_0p5_0p02_0008_0011" 4594
"/Engine/EngineMaterials/Substrate/GLints/dict_16_192_64_0p5_0p02_0008_0010" 4595
"/Engine/EngineMaterials/Substrate/GLints/dict_16_192_64_0p5_0p02_0008_0009" 4596
"/Engine/EngineMaterials/Substrate/GLints/dict_16_192_64_0p5_0p02_0008_0008" 4597
"/Engine/EngineMaterials/Substrate/GLints/dict_16_192_64_0p5_0p02_0008_0007" 4598
"/Engine/EngineMaterials/Substrate/GLints/dict_16_192_64_0p5_0p02_0008_0006" 4599
"/Engine/EngineMaterials/Substrate/GLints/dict_16_192_64_0p5_0p02_0008_0005" 4600
"/Engine/EngineMaterials/Substrate/GLints/dict_16_192_64_0p5_0p02_0008_0004" 4601
"/Engine/EngineMaterials/Substrate/GLints/dict_16_192_64_0p5_0p02_0008_0003" 4602
"/Engine/EngineMaterials/Substrate/GLints/dict_16_192_64_0p5_0p02_0008_0002" 4603
"/Engine/EngineMaterials/Substrate/GLints/dict_16_192_64_0p5_0p02_0008_0001" 4604
"/Engine/EngineMaterials/Substrate/GLints/dict_16_192_64_0p5_0p02_0007_0011" 4605
"../../../Engine/Content/EngineMaterials/Substrate/GLints/dict_16_192_64_0p5_0p02_0010_0004.uasset" 4606
"../../../Engine/Content/EngineMaterials/Substrate/GLints/dict_16_192_64_0p5_0p02_0010_0008.uasset" 4607
"../../../Engine/Content/EngineMaterials/Substrate/GLints/dict_16_192_64_0p5_0p02_0010_0007.uasset" 4608
"../../../Engine/Content/EngineMaterials/Substrate/GLints/dict_16_192_64_0p5_0p02_0010_0001.uasset" 4609
"../../../Engine/Content/EngineMaterials/Substrate/GLints/dict_16_192_64_0p5_0p02_0010_0011.uasset" 4610
"../../../Engine/Content/EngineMaterials/Substrate/GLints/dict_16_192_64_0p5_0p02_0010_0006.uasset" 4611
"../../../Engine/Content/EngineMaterials/Substrate/GLints/dict_16_192_64_0p5_0p02_0010_0010.uasset" 4612
"../../../Engine/Content/EngineMaterials/Substrate/GLints/dict_16_192_64_0p5_0p02_0010_0014.uasset" 4613
"../../../Engine/Content/EngineMaterials/Substrate/GLints/dict_16_192_64_0p5_0p02_0010_0009.uasset" 4614
"../../../Engine/Content/EngineMaterials/Substrate/GLints/dict_16_192_64_0p5_0p02_0010_0015.uasset" 4615
"../../../Engine/Content/EngineMaterials/Substrate/GLints/dict_16_192_64_0p5_0p02_0011_0000.uasset" 4616
"/Engine/EngineMaterials/Substrate/GLints/dict_16_192_64_0p5_0p02_0009_0015" 4617
"../../../Engine/Content/EngineMaterials/Substrate/GLints/dict_16_192_64_0p5_0p02_0011_0001.uasset" 4618
"../../../Engine/Content/EngineMaterials/Substrate/GLints/dict_16_192_64_0p5_0p02_0010_0013.uasset" 4619
"../../../Engine/Content/EngineMaterials/Substrate/GLints/dict_16_192_64_0p5_0p02_0010_0003.uasset" 4620
"../../../Engine/Content/EngineMaterials/Substrate/GLints/dict_16_192_64_0p5_0p02_0010_0012.uasset" 4621
"/Engine/EngineMaterials/Substrate/GLints/dict_16_192_64_0p5_0p02_0009_0014" 4622
"../../../Engine/Content/EngineMaterials/Substrate/GLints/dict_16_192_64_0p5_0p02_0010_0002.uasset" 4623
"../../../Engine/Content/EngineMaterials/Substrate/GLints/dict_16_192_64_0p5_0p02_0010_0000.uasset" 4624
"/Engine/EngineMaterials/Substrate/GLints/dict_16_192_64_0p5_0p02_0009_0013" 4625
"../../../Engine/Content/EngineMaterials/Substrate/GLints/dict_16_192_64_0p5_0p02_0010_0005.uasset" 4626
"/Engine/EngineMaterials/Substrate/GLints/dict_16_192_64_0p5_0p02_0009_0012" 4627
"/Engine/EngineMaterials/Substrate/GLints/dict_16_192_64_0p5_0p02_0009_0011" 4628
"/Engine/EngineMaterials/Substrate/GLints/dict_16_192_64_0p5_0p02_0009_0010" 4629
"/Engine/EngineMaterials/Substrate/GLints/dict_16_192_64_0p5_0p02_0009_0009" 4630
"/Engine/EngineMaterials/Substrate/GLints/dict_16_192_64_0p5_0p02_0009_0008" 4631
"/Engine/EngineMaterials/Substrate/GLints/dict_16_192_64_0p5_0p02_0009_0007" 4632
"/Engine/EngineMaterials/Substrate/GLints/dict_16_192_64_0p5_0p02_0010_0008" 4633
"/Engine/EngineMaterials/Substrate/GLints/dict_16_192_64_0p5_0p02_0010_0007" 4634
"/Engine/EngineMaterials/Substrate/GLints/dict_16_192_64_0p5_0p02_0010_0004" 4635
"/Engine/EngineMaterials/Substrate/GLints/dict_16_192_64_0p5_0p02_0010_0001" 4636
"/Engine/EngineMaterials/Substrate/GLints/dict_16_192_64_0p5_0p02_0009_0006" 4637
"/Engine/EngineMaterials/Substrate/GLints/dict_16_192_64_0p5_0p02_0009_0005" 4638
"/Engine/EngineMaterials/Substrate/GLints/dict_16_192_64_0p5_0p02_0009_0004" 4639
"/Engine/EngineMaterials/Substrate/GLints/dict_16_192_64_0p5_0p02_0009_0003" 4640
"/Engine/EngineMaterials/Substrate/GLints/dict_16_192_64_0p5_0p02_0009_0002" 4641
"../../../Engine/Content/EngineMaterials/Substrate/GLints/dict_16_192_64_0p5_0p02_0011_0002.uasset" 4642
"../../../Engine/Content/EngineMaterials/Substrate/GLints/dict_16_192_64_0p5_0p02_0011_0013.uasset" 4643
"../../../Engine/Content/EngineMaterials/Substrate/GLints/dict_16_192_64_0p5_0p02_0011_0005.uasset" 4644
"../../../Engine/Content/EngineMaterials/Substrate/GLints/dict_16_192_64_0p5_0p02_0011_0012.uasset" 4645
"../../../Engine/Content/EngineMaterials/Substrate/GLints/dict_16_192_64_0p5_0p02_0012_0002.uasset" 4646
"../../../Engine/Content/EngineMaterials/Substrate/GLints/dict_16_192_64_0p5_0p02_0011_0014.uasset" 4647
"../../../Engine/Content/EngineMaterials/Substrate/GLints/dict_16_192_64_0p5_0p02_0011_0009.uasset" 4648
"../../../Engine/Content/EngineMaterials/Substrate/GLints/dict_16_192_64_0p5_0p02_0012_0003.uasset" 4649
"../../../Engine/Content/EngineMaterials/Substrate/GLints/dict_16_192_64_0p5_0p02_0012_0001.uasset" 4650
"../../../Engine/Content/EngineMaterials/Substrate/GLints/dict_16_192_64_0p5_0p02_0012_0000.uasset" 4651
"../../../Engine/Content/EngineMaterials/Substrate/GLints/dict_16_192_64_0p5_0p02_0011_0007.uasset" 4652
"../../../Engine/Content/EngineMaterials/Substrate/GLints/dict_16_192_64_0p5_0p02_0011_0011.uasset" 4653
"/Engine/EngineMaterials/Substrate/GLints/dict_16_192_64_0p5_0p02_0011_0001" 4654
"../../../Engine/Content/EngineMaterials/Substrate/GLints/dict_16_192_64_0p5_0p02_0011_0015.uasset" 4655
"/Engine/EngineMaterials/Substrate/GLints/dict_16_192_64_0p5_0p02_0011_0000" 4656
"/Engine/EngineMaterials/Substrate/GLints/dict_16_192_64_0p5_0p02_0010_0015" 4657
"/Engine/EngineMaterials/Substrate/GLints/dict_16_192_64_0p5_0p02_0010_0014" 4658
"../../../Engine/Content/EngineMaterials/Substrate/GLints/dict_16_192_64_0p5_0p02_0011_0004.uasset" 4659
"../../../Engine/Content/EngineMaterials/Substrate/GLints/dict_16_192_64_0p5_0p02_0011_0010.uasset" 4660
"/Engine/EngineMaterials/Substrate/GLints/dict_16_192_64_0p5_0p02_0010_0013" 4661
"../../../Engine/Content/EngineMaterials/Substrate/GLints/dict_16_192_64_0p5_0p02_0011_0003.uasset" 4662
"../../../Engine/Content/EngineMaterials/Substrate/GLints/dict_16_192_64_0p5_0p02_0011_0008.uasset" 4663
"/Engine/EngineMaterials/Substrate/GLints/dict_16_192_64_0p5_0p02_0010_0012" 4664
"/Engine/EngineMaterials/Substrate/GLints/dict_16_192_64_0p5_0p02_0010_0011" 4665
"/Engine/EngineMaterials/Substrate/GLints/dict_16_192_64_0p5_0p02_0010_0010" 4666
"../../../Engine/Content/EngineMaterials/Substrate/GLints/dict_16_192_64_0p5_0p02_0011_0006.uasset" 4667
"/Engine/EngineMaterials/Substrate/GLints/dict_16_192_64_0p5_0p02_0010_0009" 4668
"/Engine/EngineMaterials/Substrate/GLints/dict_16_192_64_0p5_0p02_0010_0006" 4669
"/Engine/EngineMaterials/Substrate/GLints/dict_16_192_64_0p5_0p02_0010_0005" 4670
"/Engine/EngineMaterials/Substrate/GLints/dict_16_192_64_0p5_0p02_0010_0003" 4671
"/Engine/EngineMaterials/Substrate/GLints/dict_16_192_64_0p5_0p02_0010_0002" 4672
"/Engine/EngineMaterials/Substrate/GLints/dict_16_192_64_0p5_0p02_0011_0002" 4673
"/Engine/EngineMaterials/Substrate/GLints/dict_16_192_64_0p5_0p02_0010_0000" 4674
"../../../Engine/Content/EngineMaterials/Substrate/GLints/dict_16_192_64_0p5_0p02_0012_0004.uasset" 4675
"../../../Engine/Content/EngineMaterials/Substrate/GLints/dict_16_192_64_0p5_0p02_0012_0005.uasset" 4676
"../../../Engine/Content/EngineMaterials/Substrate/GLints/dict_16_192_64_0p5_0p02_0012_0007.uasset" 4677
"../../../Engine/Content/EngineMaterials/Substrate/GLints/dict_16_192_64_0p5_0p02_0012_0008.uasset" 4678
"../../../Engine/Content/EngineMaterials/Substrate/GLints/dict_16_192_64_0p5_0p02_0012_0006.uasset" 4679
"../../../Engine/Content/EngineMaterials/Substrate/GLints/dict_16_192_64_0p5_0p02_0012_0014.uasset" 4680
"../../../Engine/Content/EngineMaterials/Substrate/GLints/dict_16_192_64_0p5_0p02_0012_0012.uasset" 4681
"/Engine/EngineMaterials/Substrate/GLints/dict_16_192_64_0p5_0p02_0012_0003" 4682
"../../../Engine/Content/EngineMaterials/Substrate/GLints/dict_16_192_64_0p5_0p02_0012_0009.uasset" 4683
"../../../Engine/Content/EngineMaterials/Substrate/GLints/dict_16_192_64_0p5_0p02_0013_0001.uasset" 4684
"../../../Engine/Content/EngineMaterials/Substrate/GLints/dict_16_192_64_0p5_0p02_0012_0010.uasset" 4685
"../../../Engine/Content/EngineMaterials/Substrate/GLints/dict_16_192_64_0p5_0p02_0012_0013.uasset" 4686
"../../../Engine/Content/EngineMaterials/Substrate/GLints/dict_16_192_64_0p5_0p02_0012_0015.uasset" 4687
"../../../Engine/Content/EngineMaterials/Substrate/GLints/dict_16_192_64_0p5_0p02_0013_0000.uasset" 4688
"../../../Engine/Content/EngineMaterials/Substrate/GLints/dict_16_192_64_0p5_0p02_0012_0011.uasset" 4689
"../../../Engine/Content/EngineMaterials/Substrate/GLints/dict_16_192_64_0p5_0p02_0013_0002.uasset" 4690
"/Engine/EngineMaterials/Substrate/GLints/dict_16_192_64_0p5_0p02_0012_0002" 4691
"/Engine/EngineMaterials/Substrate/GLints/dict_16_192_64_0p5_0p02_0012_0001" 4692
"/Engine/EngineMaterials/Substrate/GLints/dict_16_192_64_0p5_0p02_0012_0000" 4693
"/Engine/EngineMaterials/Substrate/GLints/dict_16_192_64_0p5_0p02_0011_0015" 4694
"/Engine/EngineMaterials/Substrate/GLints/dict_16_192_64_0p5_0p02_0011_0014" 4695
"/Engine/EngineMaterials/Substrate/GLints/dict_16_192_64_0p5_0p02_0011_0013" 4696
"/Engine/EngineMaterials/Substrate/GLints/dict_16_192_64_0p5_0p02_0011_0012" 4697
"/Engine/EngineMaterials/Substrate/GLints/dict_16_192_64_0p5_0p02_0011_0011" 4698
"/Engine/EngineMaterials/Substrate/GLints/dict_16_192_64_0p5_0p02_0011_0010" 4699
"/Engine/EngineMaterials/Substrate/GLints/dict_16_192_64_0p5_0p02_0011_0009" 4700
"/Engine/EngineMaterials/Substrate/GLints/dict_16_192_64_0p5_0p02_0011_0008" 4701
"/Engine/EngineMaterials/Substrate/GLints/dict_16_192_64_0p5_0p02_0011_0007" 4702
"/Engine/EngineMaterials/Substrate/GLints/dict_16_192_64_0p5_0p02_0011_0006" 4703
"/Engine/EngineMaterials/Substrate/GLints/dict_16_192_64_0p5_0p02_0011_0005" 4704
"/Engine/EngineMaterials/Substrate/GLints/dict_16_192_64_0p5_0p02_0011_0004" 4705
"/Engine/EngineMaterials/Substrate/GLints/dict_16_192_64_0p5_0p02_0011_0003" 4706
"/Engine/EngineMaterials/Substrate/GLints/dict_16_192_64_0p5_0p02_0012_0005" 4707
"../../../Engine/Content/EngineMaterials/Substrate/GLints/dict_16_192_64_0p5_0p02_0013_0003.uasset" 4708
"../../../Engine/Content/EngineMaterials/Substrate/GLints/dict_16_192_64_0p5_0p02_0013_0009.uasset" 4709
"../../../Engine/Content/EngineMaterials/Substrate/GLints/dict_16_192_64_0p5_0p02_0013_0012.uasset" 4710
"../../../Engine/Content/EngineMaterials/Substrate/GLints/dict_16_192_64_0p5_0p02_0013_0015.uasset" 4711
"../../../Engine/Content/EngineMaterials/Substrate/GLints/dict_16_192_64_0p5_0p02_0014_0000.uasset" 4712
"../../../Engine/Content/EngineMaterials/Substrate/GLints/dict_16_192_64_0p5_0p02_0014_0002.uasset" 4713
"/Engine/EngineMaterials/Substrate/GLints/dict_16_192_64_0p5_0p02_0013_0002" 4714
"../../../Engine/Content/EngineMaterials/Substrate/GLints/dict_16_192_64_0p5_0p02_0014_0001.uasset" 4715
"../../../Engine/Content/EngineMaterials/Substrate/GLints/dict_16_192_64_0p5_0p02_0014_0003.uasset" 4716
"../../../Engine/Content/EngineMaterials/Substrate/GLints/dict_16_192_64_0p5_0p02_0013_0010.uasset" 4717
"../../../Engine/Content/EngineMaterials/Substrate/GLints/dict_16_192_64_0p5_0p02_0013_0008.uasset" 4718
"../../../Engine/Content/EngineMaterials/Substrate/GLints/dict_16_192_64_0p5_0p02_0013_0013.uasset" 4719
"../../../Engine/Content/EngineMaterials/Substrate/GLints/dict_16_192_64_0p5_0p02_0013_0007.uasset" 4720
"../../../Engine/Content/EngineMaterials/Substrate/GLints/dict_16_192_64_0p5_0p02_0014_0004.uasset" 4721
"../../../Engine/Content/EngineMaterials/Substrate/GLints/dict_16_192_64_0p5_0p02_0013_0014.uasset" 4722
"/Engine/EngineMaterials/Substrate/GLints/dict_16_192_64_0p5_0p02_0013_0001" 4723
"../../../Engine/Content/EngineMaterials/Substrate/GLints/dict_16_192_64_0p5_0p02_0013_0006.uasset" 4724
"../../../Engine/Content/EngineMaterials/Substrate/GLints/dict_16_192_64_0p5_0p02_0013_0011.uasset" 4725
"/Engine/EngineMaterials/Substrate/GLints/dict_16_192_64_0p5_0p02_0013_0000" 4726
"../../../Engine/Content/EngineMaterials/Substrate/GLints/dict_16_192_64_0p5_0p02_0013_0004.uasset" 4727
"/Engine/EngineMaterials/Substrate/GLints/dict_16_192_64_0p5_0p02_0012_0015" 4728
"../../../Engine/Content/EngineMaterials/Substrate/GLints/dict_16_192_64_0p5_0p02_0013_0005.uasset" 4729
"/Engine/EngineMaterials/Substrate/GLints/dict_16_192_64_0p5_0p02_0012_0014" 4730
"/Engine/EngineMaterials/Substrate/GLints/dict_16_192_64_0p5_0p02_0012_0013" 4731
"/Engine/EngineMaterials/Substrate/GLints/dict_16_192_64_0p5_0p02_0012_0012" 4732
"/Engine/EngineMaterials/Substrate/GLints/dict_16_192_64_0p5_0p02_0012_0011" 4733
"/Engine/EngineMaterials/Substrate/GLints/dict_16_192_64_0p5_0p02_0012_0010" 4734
"/Engine/EngineMaterials/Substrate/GLints/dict_16_192_64_0p5_0p02_0012_0009" 4735
"/Engine/EngineMaterials/Substrate/GLints/dict_16_192_64_0p5_0p02_0012_0008" 4736
"/Engine/EngineMaterials/Substrate/GLints/dict_16_192_64_0p5_0p02_0012_0007" 4737
"/Engine/EngineMaterials/Substrate/GLints/dict_16_192_64_0p5_0p02_0012_0006" 4738
"/Engine/EngineMaterials/Substrate/GLints/dict_16_192_64_0p5_0p02_0013_0003" 4739
"/Engine/EngineMaterials/Substrate/GLints/dict_16_192_64_0p5_0p02_0012_0004" 4740
"../../../Engine/Content/EngineMaterials/Substrate/GLints/dict_16_192_64_0p5_0p02_0014_0007.uasset" 4741
"../../../Engine/Content/EngineMaterials/Substrate/GLints/dict_16_192_64_0p5_0p02_0014_0005.uasset" 4742
"../../../Engine/Content/EngineMaterials/Substrate/GLints/dict_16_192_64_0p5_0p02_0014_0009.uasset" 4743
"../../../Engine/Content/EngineMaterials/Substrate/GLints/dict_16_192_64_0p5_0p02_0014_0010.uasset" 4744
"../../../Engine/Content/EngineMaterials/Substrate/GLints/dict_16_192_64_0p5_0p02_0014_0012.uasset" 4745
"../../../Engine/Content/EngineMaterials/Substrate/GLints/dict_16_192_64_0p5_0p02_0015_0003.uasset" 4746
"../../../Engine/Content/EngineMaterials/Substrate/GLints/dict_16_192_64_0p5_0p02_0014_0008.uasset" 4747
"../../../Engine/Content/EngineMaterials/Substrate/GLints/dict_16_192_64_0p5_0p02_0015_0001.uasset" 4748
"../../../Engine/Content/EngineMaterials/Substrate/GLints/dict_16_192_64_0p5_0p02_0014_0014.uasset" 4749
"/Engine/EngineMaterials/Substrate/GLints/dict_16_192_64_0p5_0p02_0014_0004" 4750
"../../../Engine/Content/EngineMaterials/Substrate/GLints/dict_16_192_64_0p5_0p02_0014_0013.uasset" 4751
"../../../Engine/Content/EngineMaterials/Substrate/GLints/dict_16_192_64_0p5_0p02_0014_0015.uasset" 4752
"../../../Engine/Content/EngineMaterials/Substrate/GLints/dict_16_192_64_0p5_0p02_0015_0002.uasset" 4753
"../../../Engine/Content/EngineMaterials/Substrate/GLints/dict_16_192_64_0p5_0p02_0014_0011.uasset" 4754
"../../../Engine/Content/EngineMaterials/Substrate/GLints/dict_16_192_64_0p5_0p02_0014_0006.uasset" 4755
"../../../Engine/Content/EngineMaterials/Substrate/GLints/dict_16_192_64_0p5_0p02_0015_0000.uasset" 4756
"/Engine/EngineMaterials/Substrate/GLints/dict_16_192_64_0p5_0p02_0014_0003" 4757
"/Engine/EngineMaterials/Substrate/GLints/dict_16_192_64_0p5_0p02_0014_0002" 4758
"/Engine/EngineMaterials/Substrate/GLints/dict_16_192_64_0p5_0p02_0014_0001" 4759
"/Engine/EngineMaterials/Substrate/GLints/dict_16_192_64_0p5_0p02_0014_0000" 4760
"/Engine/EngineMaterials/Substrate/GLints/dict_16_192_64_0p5_0p02_0013_0015" 4761
"/Engine/EngineMaterials/Substrate/GLints/dict_16_192_64_0p5_0p02_0013_0014" 4762
"/Engine/EngineMaterials/Substrate/GLints/dict_16_192_64_0p5_0p02_0013_0013" 4763
"/Engine/EngineMaterials/Substrate/GLints/dict_16_192_64_0p5_0p02_0013_0012" 4764
"/Engine/EngineMaterials/Substrate/GLints/dict_16_192_64_0p5_0p02_0013_0011" 4765
"/Engine/EngineMaterials/Substrate/GLints/dict_16_192_64_0p5_0p02_0013_0010" 4766
"/Engine/EngineMaterials/Substrate/GLints/dict_16_192_64_0p5_0p02_0013_0009" 4767
"/Engine/EngineMaterials/Substrate/GLints/dict_16_192_64_0p5_0p02_0014_0007" 4768
"/Engine/EngineMaterials/Substrate/GLints/dict_16_192_64_0p5_0p02_0013_0008" 4769
"/Engine/EngineMaterials/Substrate/GLints/dict_16_192_64_0p5_0p02_0013_0007" 4770
"/Engine/EngineMaterials/Substrate/GLints/dict_16_192_64_0p5_0p02_0013_0006" 4771
"/Engine/EngineMaterials/Substrate/GLints/dict_16_192_64_0p5_0p02_0013_0005" 4772
"/Engine/EngineMaterials/Substrate/GLints/dict_16_192_64_0p5_0p02_0013_0004" 4773
"/Engine/EngineMaterials/Substrate/GLints/dict_16_192_64_0p5_0p02_0014_0005" 4774
"../../../Engine/Content/EngineMaterials/Substrate/GLints/dict_16_192_64_0p5_0p02_0015_0009.uasset" 4775
"../../../Engine/Content/EngineMaterials/Substrate/GLints/dict_16_192_64_0p5_0p02_0015_0006.uasset" 4776
"../../../Engine/Content/EngineMaterials/Substrate/GLints/dict_16_192_64_0p5_0p02_0015_0014.uasset" 4777
"../../../Engine/Content/EngineMaterials/Substrate/GLints/dict_16_192_64_0p5_0p02_0015_0010.uasset" 4778
"../../../Engine/Content/EngineMaterials/Substrate/GLints/dict_16_192_64_0p5_0p02_0016_0001.uasset" 4779
"../../../Engine/Content/EngineMaterials/Substrate/GLints/dict_16_192_64_0p5_0p02_0015_0013.uasset" 4780
"../../../Engine/Content/EngineMaterials/Substrate/GLints/dict_16_192_64_0p5_0p02_0015_0012.uasset" 4781
"../../../Engine/Content/EngineMaterials/Substrate/GLints/dict_16_192_64_0p5_0p02_0016_0005.uasset" 4782
"../../../Engine/Content/EngineMaterials/Substrate/GLints/dict_16_192_64_0p5_0p02_0016_0006.uasset" 4783
"../../../Engine/Content/EngineMaterials/Substrate/GLints/dict_16_192_64_0p5_0p02_0015_0004.uasset" 4784
"../../../Engine/Content/EngineMaterials/Substrate/GLints/dict_16_192_64_0p5_0p02_0015_0011.uasset" 4785
"../../../Engine/Content/EngineMaterials/Substrate/GLints/dict_16_192_64_0p5_0p02_0016_0000.uasset" 4786
"../../../Engine/Content/EngineMaterials/Substrate/GLints/dict_16_192_64_0p5_0p02_0015_0008.uasset" 4787
"/Engine/EngineMaterials/Substrate/GLints/dict_16_192_64_0p5_0p02_0015_0003" 4788
"../../../Engine/Content/EngineMaterials/Substrate/GLints/dict_16_192_64_0p5_0p02_0015_0005.uasset" 4789
"../../../Engine/Content/EngineMaterials/Substrate/GLints/dict_16_192_64_0p5_0p02_0016_0003.uasset" 4790
"../../../Engine/Content/EngineMaterials/Substrate/GLints/dict_16_192_64_0p5_0p02_0016_0004.uasset" 4791
"../../../Engine/Content/EngineMaterials/Substrate/GLints/dict_16_192_64_0p5_0p02_0015_0015.uasset" 4792
"../../../Engine/Content/EngineMaterials/Substrate/GLints/dict_16_192_64_0p5_0p02_0016_0002.uasset" 4793
"../../../Engine/Content/EngineMaterials/Substrate/GLints/dict_16_192_64_0p5_0p02_0015_0007.uasset" 4794
"/Engine/EngineMaterials/Substrate/GLints/dict_16_192_64_0p5_0p02_0015_0002" 4795
"/Engine/EngineMaterials/Substrate/GLints/dict_16_192_64_0p5_0p02_0015_0001" 4796
"/Engine/EngineMaterials/Substrate/GLints/dict_16_192_64_0p5_0p02_0015_0000" 4797
"/Engine/EngineMaterials/Substrate/GLints/dict_16_192_64_0p5_0p02_0014_0015" 4798
"/Engine/EngineMaterials/Substrate/GLints/dict_16_192_64_0p5_0p02_0014_0014" 4799
"/Engine/EngineMaterials/Substrate/GLints/dict_16_192_64_0p5_0p02_0014_0013" 4800
"/Engine/EngineMaterials/Substrate/GLints/dict_16_192_64_0p5_0p02_0014_0012" 4801
"/Engine/EngineMaterials/Substrate/GLints/dict_16_192_64_0p5_0p02_0014_0011" 4802
"/Engine/EngineMaterials/Substrate/GLints/dict_16_192_64_0p5_0p02_0014_0010" 4803
"/Engine/EngineMaterials/Substrate/GLints/dict_16_192_64_0p5_0p02_0014_0009" 4804
"/Engine/EngineMaterials/Substrate/GLints/dict_16_192_64_0p5_0p02_0014_0008" 4805
"/Engine/EngineMaterials/Substrate/GLints/dict_16_192_64_0p5_0p02_0015_0009" 4806
"/Engine/EngineMaterials/Substrate/GLints/dict_16_192_64_0p5_0p02_0015_0006" 4807
"/Engine/EngineMaterials/Substrate/GLints/dict_16_192_64_0p5_0p02_0014_0006" 4808
"../../../Engine/Content/EngineMaterials/Substrate/GLints/dict_16_192_64_0p5_0p02_0016_0008.uasset" 4809
"../../../Engine/Content/EngineMaterials/Substrate/GLints/dict_16_192_64_0p5_0p02_0016_0012.uasset" 4810
"../../../Engine/Content/EngineMaterials/Substrate/GLints/dict_16_192_64_0p5_0p02_0016_0007.uasset" 4811
"../../../Engine/Content/EngineMaterials/Substrate/GLints/dict_16_192_64_0p5_0p02_0016_0010.uasset" 4812
"../../../Engine/Content/EngineMaterials/Substrate/GLints/dict_16_192_64_0p5_0p02_0016_0013.uasset" 4813
"../../../Engine/Content/EngineMaterials/Substrate/GLints/dict_16_192_64_0p5_0p02_0016_0009.uasset" 4814
"../../../Engine/Content/EngineMaterials/Substrate/GLints/dict_16_192_64_0p5_0p02_0017_0001.uasset" 4815
"../../../Engine/Content/EngineMaterials/Substrate/GLints/dict_16_192_64_0p5_0p02_0016_0014.uasset" 4816
"../../../Engine/Content/EngineMaterials/Substrate/GLints/dict_16_192_64_0p5_0p02_0017_0003.uasset" 4817
"../../../Engine/Content/EngineMaterials/Substrate/GLints/dict_16_192_64_0p5_0p02_0017_0004.uasset" 4818
"../../../Engine/Content/EngineMaterials/Substrate/GLints/dict_16_192_64_0p5_0p02_0016_0011.uasset" 4819
"../../../Engine/Content/EngineMaterials/Substrate/GLints/dict_16_192_64_0p5_0p02_0017_0005.uasset" 4820
"../../../Engine/Content/EngineMaterials/Substrate/GLints/dict_16_192_64_0p5_0p02_0017_0000.uasset" 4821
"/Engine/EngineMaterials/Substrate/GLints/dict_16_192_64_0p5_0p02_0016_0006" 4822
"../../../Engine/Content/EngineMaterials/Substrate/GLints/dict_16_192_64_0p5_0p02_0017_0002.uasset" 4823
"../../../Engine/Content/EngineMaterials/Substrate/GLints/dict_16_192_64_0p5_0p02_0016_0015.uasset" 4824
"/Engine/EngineMaterials/Substrate/GLints/dict_16_192_64_0p5_0p02_0016_0005" 4825
"/Engine/EngineMaterials/Substrate/GLints/dict_16_192_64_0p5_0p02_0016_0004" 4826
"/Engine/EngineMaterials/Substrate/GLints/dict_16_192_64_0p5_0p02_0016_0003" 4827
"/Engine/EngineMaterials/Substrate/GLints/dict_16_192_64_0p5_0p02_0016_0002" 4828
"/Engine/EngineMaterials/Substrate/GLints/dict_16_192_64_0p5_0p02_0016_0001" 4829
"/Engine/EngineMaterials/Substrate/GLints/dict_16_192_64_0p5_0p02_0016_0000" 4830
"/Engine/EngineMaterials/Substrate/GLints/dict_16_192_64_0p5_0p02_0015_0015" 4831
"/Engine/EngineMaterials/Substrate/GLints/dict_16_192_64_0p5_0p02_0015_0014" 4832
"/Engine/EngineMaterials/Substrate/GLints/dict_16_192_64_0p5_0p02_0015_0013" 4833
"/Engine/EngineMaterials/Substrate/GLints/dict_16_192_64_0p5_0p02_0015_0012" 4834
"/Engine/EngineMaterials/Substrate/GLints/dict_16_192_64_0p5_0p02_0016_0012" 4835
"/Engine/EngineMaterials/Substrate/GLints/dict_16_192_64_0p5_0p02_0015_0011" 4836
"/Engine/EngineMaterials/Substrate/GLints/dict_16_192_64_0p5_0p02_0015_0010" 4837
"/Engine/EngineMaterials/Substrate/GLints/dict_16_192_64_0p5_0p02_0015_0008" 4838
"/Engine/EngineMaterials/Substrate/GLints/dict_16_192_64_0p5_0p02_0015_0007" 4839
"/Engine/EngineMaterials/Substrate/GLints/dict_16_192_64_0p5_0p02_0016_0008" 4840
"/Engine/EngineMaterials/Substrate/GLints/dict_16_192_64_0p5_0p02_0015_0005" 4841
"/Engine/EngineMaterials/Substrate/GLints/dict_16_192_64_0p5_0p02_0015_0004" 4842
"../../../Engine/Content/EngineMaterials/Substrate/GLints/dict_16_192_64_0p5_0p02_0017_0007.uasset" 4843
"../../../Engine/Content/EngineMaterials/Substrate/GLints/dict_16_192_64_0p5_0p02_0017_0012.uasset" 4844
"../../../Engine/Content/EngineMaterials/Substrate/GLints/dict_16_192_64_0p5_0p02_0017_0009.uasset" 4845
"../../../Engine/Content/EngineMaterials/Substrate/GLints/dict_16_192_64_0p5_0p02_0018_0000.uasset" 4846
"../../../Engine/Content/EngineMaterials/Substrate/GLints/dict_16_192_64_0p5_0p02_0018_0004.uasset" 4847
"../../../Engine/Content/EngineMaterials/Substrate/GLints/dict_16_192_64_0p5_0p02_0018_0005.uasset" 4848
"/Engine/EngineMaterials/Substrate/GLints/dict_16_192_64_0p5_0p02_0017_0005" 4849
"../../../Engine/Content/EngineMaterials/Substrate/GLints/dict_16_192_64_0p5_0p02_0018_0007.uasset" 4850
"../../../Engine/Content/EngineMaterials/Substrate/GLints/dict_16_192_64_0p5_0p02_0017_0006.uasset" 4851
"../../../Engine/Content/EngineMaterials/Substrate/GLints/dict_16_192_64_0p5_0p02_0018_0003.uasset" 4852
"../../../Engine/Content/EngineMaterials/Substrate/GLints/dict_16_192_64_0p5_0p02_0018_0002.uasset" 4853
"../../../Engine/Content/EngineMaterials/Substrate/GLints/dict_16_192_64_0p5_0p02_0018_0008.uasset" 4854
"../../../Engine/Content/EngineMaterials/Substrate/GLints/dict_16_192_64_0p5_0p02_0017_0014.uasset" 4855
"../../../Engine/Content/EngineMaterials/Substrate/GLints/dict_16_192_64_0p5_0p02_0018_0006.uasset" 4856
"/Engine/EngineMaterials/Substrate/GLints/dict_16_192_64_0p5_0p02_0017_0004" 4857
"/Engine/EngineMaterials/Substrate/GLints/dict_16_192_64_0p5_0p02_0017_0003" 4858
"../../../Engine/Content/EngineMaterials/Substrate/GLints/dict_16_192_64_0p5_0p02_0017_0010.uasset" 4859
"../../../Engine/Content/EngineMaterials/Substrate/GLints/dict_16_192_64_0p5_0p02_0017_0008.uasset" 4860
"../../../Engine/Content/EngineMaterials/Substrate/GLints/dict_16_192_64_0p5_0p02_0017_0015.uasset" 4861
"../../../Engine/Content/EngineMaterials/Substrate/GLints/dict_16_192_64_0p5_0p02_0018_0001.uasset" 4862
"../../../Engine/Content/EngineMaterials/Substrate/GLints/dict_16_192_64_0p5_0p02_0017_0013.uasset" 4863
"../../../Engine/Content/EngineMaterials/Substrate/GLints/dict_16_192_64_0p5_0p02_0017_0011.uasset" 4864
"/Engine/EngineMaterials/Substrate/GLints/dict_16_192_64_0p5_0p02_0017_0002" 4865
"/Engine/EngineMaterials/Substrate/GLints/dict_16_192_64_0p5_0p02_0017_0001" 4866
"/Engine/EngineMaterials/Substrate/GLints/dict_16_192_64_0p5_0p02_0017_0000" 4867
"/Engine/EngineMaterials/Substrate/GLints/dict_16_192_64_0p5_0p02_0016_0015" 4868
"/Engine/EngineMaterials/Substrate/GLints/dict_16_192_64_0p5_0p02_0016_0014" 4869
"/Engine/EngineMaterials/Substrate/GLints/dict_16_192_64_0p5_0p02_0016_0013" 4870
"/Engine/EngineMaterials/Substrate/GLints/dict_16_192_64_0p5_0p02_0016_0011" 4871
"/Engine/EngineMaterials/Substrate/GLints/dict_16_192_64_0p5_0p02_0016_0010" 4872
"/Engine/EngineMaterials/Substrate/GLints/dict_16_192_64_0p5_0p02_0016_0009" 4873
"/Engine/EngineMaterials/Substrate/GLints/dict_16_192_64_0p5_0p02_0017_0007" 4874
"/Engine/EngineMaterials/Substrate/GLints/dict_16_192_64_0p5_0p02_0016_0007" 4875
"../../../Engine/Content/EngineMaterials/Substrate/GLints/dict_16_192_64_0p5_0p02_0018_0010.uasset" 4876
"../../../Engine/Content/EngineMaterials/Substrate/GLints/dict_16_192_64_0p5_0p02_0018_0011.uasset" 4877
"../../../Engine/Content/EngineMaterials/Substrate/GLints/dict_16_192_64_0p5_0p02_0018_0012.uasset" 4878
"../../../Engine/Content/EngineMaterials/Substrate/GLints/dict_16_192_64_0p5_0p02_0018_0013.uasset" 4879
"../../../Engine/Content/EngineMaterials/Substrate/GLints/dict_16_192_64_0p5_0p02_0018_0014.uasset" 4880
"../../../Engine/Content/EngineMaterials/Substrate/GLints/dict_16_192_64_0p5_0p02_0019_0000.uasset" 4881
"../../../Engine/Content/EngineMaterials/Substrate/GLints/dict_16_192_64_0p5_0p02_0019_0002.uasset" 4882
"/Engine/EngineMaterials/Substrate/GLints/dict_16_192_64_0p5_0p02_0018_0008" 4883
"../../../Engine/Content/EngineMaterials/Substrate/GLints/dict_16_192_64_0p5_0p02_0018_0015.uasset" 4884
"../../../Engine/Content/EngineMaterials/Substrate/GLints/dict_16_192_64_0p5_0p02_0018_0009.uasset" 4885
"../../../Engine/Content/EngineMaterials/Substrate/GLints/dict_16_192_64_0p5_0p02_0019_0005.uasset" 4886
"../../../Engine/Content/EngineMaterials/Substrate/GLints/dict_16_192_64_0p5_0p02_0019_0001.uasset" 4887
"../../../Engine/Content/EngineMaterials/Substrate/GLints/dict_16_192_64_0p5_0p02_0019_0003.uasset" 4888
"../../../Engine/Content/EngineMaterials/Substrate/GLints/dict_16_192_64_0p5_0p02_0019_0006.uasset" 4889
"../../../Engine/Content/EngineMaterials/Substrate/GLints/dict_16_192_64_0p5_0p02_0019_0004.uasset" 4890
"/Engine/EngineMaterials/Substrate/GLints/dict_16_192_64_0p5_0p02_0018_0007" 4891
"/Engine/EngineMaterials/Substrate/GLints/dict_16_192_64_0p5_0p02_0018_0006" 4892
"/Engine/EngineMaterials/Substrate/GLints/dict_16_192_64_0p5_0p02_0018_0005" 4893
"/Engine/EngineMaterials/Substrate/GLints/dict_16_192_64_0p5_0p02_0018_0004" 4894
"/Engine/EngineMaterials/Substrate/GLints/dict_16_192_64_0p5_0p02_0018_0003" 4895
"/Engine/EngineMaterials/Substrate/GLints/dict_16_192_64_0p5_0p02_0018_0002" 4896
"/Engine/EngineMaterials/Substrate/GLints/dict_16_192_64_0p5_0p02_0018_0001" 4897
"/Engine/EngineMaterials/Substrate/GLints/dict_16_192_64_0p5_0p02_0018_0000" 4898
"/Engine/EngineMaterials/Substrate/GLints/dict_16_192_64_0p5_0p02_0017_0015" 4899
"/Engine/EngineMaterials/Substrate/GLints/dict_16_192_64_0p5_0p02_0017_0014" 4900
"/Engine/EngineMaterials/Substrate/GLints/dict_16_192_64_0p5_0p02_0017_0013" 4901
"/Engine/EngineMaterials/Substrate/GLints/dict_16_192_64_0p5_0p02_0017_0012" 4902
"/Engine/EngineMaterials/Substrate/GLints/dict_16_192_64_0p5_0p02_0017_0011" 4903
"/Engine/EngineMaterials/Substrate/GLints/dict_16_192_64_0p5_0p02_0018_0011" 4904
"/Engine/EngineMaterials/Substrate/GLints/dict_16_192_64_0p5_0p02_0017_0010" 4905
"/Engine/EngineMaterials/Substrate/GLints/dict_16_192_64_0p5_0p02_0017_0009" 4906
"/Engine/EngineMaterials/Substrate/GLints/dict_16_192_64_0p5_0p02_0017_0008" 4907
"/Engine/EngineMaterials/Substrate/GLints/dict_16_192_64_0p5_0p02_0018_0010" 4908
"/Engine/EngineMaterials/Substrate/GLints/dict_16_192_64_0p5_0p02_0017_0006" 4909
"../../../Engine/Content/EngineMaterials/Substrate/GLints/dict_16_192_64_0p5_0p02_0019_0007.uasset" 4910
"../../../Engine/Content/EngineMaterials/Substrate/GLints/dict_16_192_64_0p5_0p02_0019_0008.uasset" 4911
"../../../Engine/Content/EngineMaterials/Substrate/GLints/dict_16_192_64_0p5_0p02_0019_0010.uasset" 4912
"../../../Engine/Content/EngineMaterials/Substrate/GLints/dict_16_192_64_0p5_0p02_0019_0011.uasset" 4913
"../../../Engine/Content/EngineMaterials/Substrate/GLints/dict_16_192_64_0p5_0p02_0019_0009.uasset" 4914
"../../../Engine/Content/EngineMaterials/Substrate/GLints/dict_16_192_64_0p5_0p02_0020_0002.uasset" 4915
"../../../Engine/Content/EngineMaterials/Substrate/GLints/dict_16_192_64_0p5_0p02_0020_0003.uasset" 4916
"../../../Engine/Content/EngineMaterials/Substrate/GLints/dict_16_192_64_0p5_0p02_0019_0015.uasset" 4917
"../../../Engine/Content/EngineMaterials/Substrate/GLints/dict_16_192_64_0p5_0p02_0020_0000.uasset" 4918
"/Engine/EngineMaterials/Substrate/GLints/dict_16_192_64_0p5_0p02_0019_0006" 4919
"../../../Engine/Content/EngineMaterials/Substrate/GLints/dict_16_192_64_0p5_0p02_0020_0009.uasset" 4920
"../../../Engine/Content/EngineMaterials/Substrate/GLints/dict_16_192_64_0p5_0p02_0020_0006.uasset" 4921
"../../../Engine/Content/EngineMaterials/Substrate/GLints/dict_16_192_64_0p5_0p02_0020_0008.uasset" 4922
"../../../Engine/Content/EngineMaterials/Substrate/GLints/dict_16_192_64_0p5_0p02_0020_0007.uasset" 4923
"../../../Engine/Content/EngineMaterials/Substrate/GLints/dict_16_192_64_0p5_0p02_0020_0010.uasset" 4924
"../../../Engine/Content/EngineMaterials/Substrate/GLints/dict_16_192_64_0p5_0p02_0020_0001.uasset" 4925
"../../../Engine/Content/EngineMaterials/Substrate/GLints/dict_16_192_64_0p5_0p02_0020_0005.uasset" 4926
"../../../Engine/Content/EngineMaterials/Substrate/GLints/dict_16_192_64_0p5_0p02_0019_0013.uasset" 4927
"../../../Engine/Content/EngineMaterials/Substrate/GLints/dict_16_192_64_0p5_0p02_0019_0012.uasset" 4928
"../../../Engine/Content/EngineMaterials/Substrate/GLints/dict_16_192_64_0p5_0p02_0019_0014.uasset" 4929
"../../../Engine/Content/EngineMaterials/Substrate/GLints/dict_16_192_64_0p5_0p02_0020_0004.uasset" 4930
"/Engine/EngineMaterials/Substrate/GLints/dict_16_192_64_0p5_0p02_0019_0005" 4931
"/Engine/EngineMaterials/Substrate/GLints/dict_16_192_64_0p5_0p02_0019_0004" 4932
"/Engine/EngineMaterials/Substrate/GLints/dict_16_192_64_0p5_0p02_0019_0003" 4933
"/Engine/EngineMaterials/Substrate/GLints/dict_16_192_64_0p5_0p02_0019_0002" 4934
"/Engine/EngineMaterials/Substrate/GLints/dict_16_192_64_0p5_0p02_0019_0001" 4935
"/Engine/EngineMaterials/Substrate/GLints/dict_16_192_64_0p5_0p02_0019_0000" 4936
"/Engine/EngineMaterials/Substrate/GLints/dict_16_192_64_0p5_0p02_0018_0015" 4937
"/Engine/EngineMaterials/Substrate/GLints/dict_16_192_64_0p5_0p02_0018_0014" 4938
"/Engine/EngineMaterials/Substrate/GLints/dict_16_192_64_0p5_0p02_0018_0013" 4939
"/Engine/EngineMaterials/Substrate/GLints/dict_16_192_64_0p5_0p02_0018_0012" 4940
"/Engine/EngineMaterials/Substrate/GLints/dict_16_192_64_0p5_0p02_0019_0011" 4941
"/Engine/EngineMaterials/Substrate/GLints/dict_16_192_64_0p5_0p02_0019_0010" 4942
"/Engine/EngineMaterials/Substrate/GLints/dict_16_192_64_0p5_0p02_0019_0008" 4943
"/Engine/EngineMaterials/Substrate/GLints/dict_16_192_64_0p5_0p02_0018_0009" 4944
"/Engine/EngineMaterials/Substrate/GLints/dict_16_192_64_0p5_0p02_0019_0007" 4945
"../../../Engine/Content/EngineMaterials/Substrate/GLints/dict_16_192_64_0p5_0p02_0020_0011.uasset" 4946
"../../../Engine/Content/EngineMaterials/Substrate/GLints/dict_16_192_64_0p5_0p02_0020_0014.uasset" 4947
"../../../Engine/Content/EngineMaterials/Substrate/GLints/dict_16_192_64_0p5_0p02_0020_0012.uasset" 4948
"../../../Engine/Content/EngineMaterials/Substrate/GLints/dict_16_192_64_0p5_0p02_0021_0001.uasset" 4949
"../../../Engine/Content/EngineMaterials/Substrate/GLints/dict_16_192_64_0p5_0p02_0020_0015.uasset" 4950
"../../../Engine/Content/EngineMaterials/Substrate/GLints/dict_16_192_64_0p5_0p02_0021_0008.uasset" 4951
"../../../Engine/Content/EngineMaterials/Substrate/GLints/dict_16_192_64_0p5_0p02_0021_0003.uasset" 4952
"../../../Engine/Content/EngineMaterials/Substrate/GLints/dict_16_192_64_0p5_0p02_0021_0010.uasset" 4953
"../../../Engine/Content/EngineMaterials/Substrate/GLints/dict_16_192_64_0p5_0p02_0021_0009.uasset" 4954
"/Engine/EngineMaterials/Substrate/GLints/dict_16_192_64_0p5_0p02_0020_0010" 4955
"../../../Engine/Content/EngineMaterials/Substrate/GLints/dict_16_192_64_0p5_0p02_0021_0006.uasset" 4956
"../../../Engine/Content/EngineMaterials/Substrate/GLints/dict_16_192_64_0p5_0p02_0020_0013.uasset" 4957
"../../../Engine/Content/EngineMaterials/Substrate/GLints/dict_16_192_64_0p5_0p02_0021_0002.uasset" 4958
"../../../Engine/Content/EngineMaterials/Substrate/GLints/dict_16_192_64_0p5_0p02_0021_0007.uasset" 4959
"../../../Engine/Content/EngineMaterials/Substrate/GLints/dict_16_192_64_0p5_0p02_0021_0000.uasset" 4960
"../../../Engine/Content/EngineMaterials/Substrate/GLints/dict_16_192_64_0p5_0p02_0021_0004.uasset" 4961
"../../../Engine/Content/EngineMaterials/Substrate/GLints/dict_16_192_64_0p5_0p02_0021_0005.uasset" 4962
"/Engine/EngineMaterials/Substrate/GLints/dict_16_192_64_0p5_0p02_0020_0009" 4963
"/Engine/EngineMaterials/Substrate/GLints/dict_16_192_64_0p5_0p02_0020_0008" 4964
"/Engine/EngineMaterials/Substrate/GLints/dict_16_192_64_0p5_0p02_0020_0007" 4965
"/Engine/EngineMaterials/Substrate/GLints/dict_16_192_64_0p5_0p02_0020_0006" 4966
"/Engine/EngineMaterials/Substrate/GLints/dict_16_192_64_0p5_0p02_0020_0005" 4967
"/Engine/EngineMaterials/Substrate/GLints/dict_16_192_64_0p5_0p02_0020_0004" 4968
"/Engine/EngineMaterials/Substrate/GLints/dict_16_192_64_0p5_0p02_0020_0003" 4969
"/Engine/EngineMaterials/Substrate/GLints/dict_16_192_64_0p5_0p02_0020_0002" 4970
"/Engine/EngineMaterials/Substrate/GLints/dict_16_192_64_0p5_0p02_0020_0001" 4971
"/Engine/EngineMaterials/Substrate/GLints/dict_16_192_64_0p5_0p02_0020_0000" 4972
"/Engine/EngineMaterials/Substrate/GLints/dict_16_192_64_0p5_0p02_0019_0015" 4973
"/Engine/EngineMaterials/Substrate/GLints/dict_16_192_64_0p5_0p02_0019_0014" 4974
"/Engine/EngineMaterials/Substrate/GLints/dict_16_192_64_0p5_0p02_0019_0013" 4975
"/Engine/EngineMaterials/Substrate/GLints/dict_16_192_64_0p5_0p02_0019_0012" 4976
"/Engine/EngineMaterials/Substrate/GLints/dict_16_192_64_0p5_0p02_0020_0014" 4977
"/Engine/EngineMaterials/Substrate/GLints/dict_16_192_64_0p5_0p02_0019_0009" 4978
"/Engine/EngineMaterials/Substrate/GLints/dict_16_192_64_0p5_0p02_0020_0012" 4979
"/Engine/EngineMaterials/Substrate/GLints/dict_16_192_64_0p5_0p02_0020_0011" 4980
"../../../Engine/Content/EngineMaterials/Substrate/GLints/dict_16_192_64_0p5_0p02_0021_0011.uasset" 4981
"../../../Engine/Content/EngineMaterials/Substrate/GLints/dict_16_192_64_0p5_0p02_0022_0001.uasset" 4982
"../../../Engine/Content/EngineMaterials/Substrate/GLints/dict_16_192_64_0p5_0p02_0022_0004.uasset" 4983
"../../../Engine/Content/EngineMaterials/Substrate/GLints/dict_16_192_64_0p5_0p02_0022_0011.uasset" 4984
"../../../Engine/Content/EngineMaterials/Substrate/GLints/dict_16_192_64_0p5_0p02_0022_0000.uasset" 4985
"../../../Engine/Content/EngineMaterials/Substrate/GLints/dict_16_192_64_0p5_0p02_0021_0014.uasset" 4986
"/Engine/EngineMaterials/Substrate/GLints/dict_16_192_64_0p5_0p02_0021_0010" 4987
"../../../Engine/Content/EngineMaterials/Substrate/GLints/dict_16_192_64_0p5_0p02_0022_0013.uasset" 4988
"../../../Engine/Content/EngineMaterials/Substrate/GLints/dict_16_192_64_0p5_0p02_0021_0013.uasset" 4989
"../../../Engine/Content/EngineMaterials/Substrate/GLints/dict_16_192_64_0p5_0p02_0022_0007.uasset" 4990
"../../../Engine/Content/EngineMaterials/Substrate/GLints/dict_16_192_64_0p5_0p02_0022_0006.uasset" 4991
"../../../Engine/Content/EngineMaterials/Substrate/GLints/dict_16_192_64_0p5_0p02_0022_0009.uasset" 4992
"../../../Engine/Content/EngineMaterials/Substrate/GLints/dict_16_192_64_0p5_0p02_0022_0012.uasset" 4993
"../../../Engine/Content/EngineMaterials/Substrate/GLints/dict_16_192_64_0p5_0p02_0022_0010.uasset" 4994
"../../../Engine/Content/EngineMaterials/Substrate/GLints/dict_16_192_64_0p5_0p02_0022_0003.uasset" 4995
"/Engine/EngineMaterials/Substrate/GLints/dict_16_192_64_0p5_0p02_0021_0009" 4996
"/Engine/EngineMaterials/Substrate/GLints/dict_16_192_64_0p5_0p02_0021_0008" 4997
"/Engine/EngineMaterials/Substrate/GLints/dict_16_192_64_0p5_0p02_0021_0007" 4998
"../../../Engine/Content/EngineMaterials/Substrate/GLints/dict_16_192_64_0p5_0p02_0021_0012.uasset" 4999
"../../../Engine/Content/EngineMaterials/Substrate/GLints/dict_16_192_64_0p5_0p02_0021_0015.uasset" 5000
"../../../Engine/Content/EngineMaterials/Substrate/GLints/dict_16_192_64_0p5_0p02_0022_0008.uasset" 5001
"../../../Engine/Content/EngineMaterials/Substrate/GLints/dict_16_192_64_0p5_0p02_0022_0002.uasset" 5002
"../../../Engine/Content/EngineMaterials/Substrate/GLints/dict_16_192_64_0p5_0p02_0022_0005.uasset" 5003
"/Engine/EngineMaterials/Substrate/GLints/dict_16_192_64_0p5_0p02_0021_0006" 5004
"/Engine/EngineMaterials/Substrate/GLints/dict_16_192_64_0p5_0p02_0021_0005" 5005
"/Engine/EngineMaterials/Substrate/GLints/dict_16_192_64_0p5_0p02_0021_0004" 5006
"/Engine/EngineMaterials/Substrate/GLints/dict_16_192_64_0p5_0p02_0021_0003" 5007
"/Engine/EngineMaterials/Substrate/GLints/dict_16_192_64_0p5_0p02_0021_0002" 5008
"/Engine/EngineMaterials/Substrate/GLints/dict_16_192_64_0p5_0p02_0021_0001" 5009
"/Engine/EngineMaterials/Substrate/GLints/dict_16_192_64_0p5_0p02_0021_0000" 5010
"/Engine/EngineMaterials/Substrate/GLints/dict_16_192_64_0p5_0p02_0020_0015" 5011
"/Engine/EngineMaterials/Substrate/GLints/dict_16_192_64_0p5_0p02_0020_0013" 5012
"/Engine/EngineMaterials/Substrate/GLints/dict_16_192_64_0p5_0p02_0021_0011" 5013
"../../../Engine/Content/EngineMaterials/Substrate/GLints/dict_16_192_64_0p5_0p02_0022_0014.uasset" 5014
"../../../Engine/Content/EngineMaterials/Substrate/GLints/dict_16_192_64_0p5_0p02_0022_0015.uasset" 5015
"../../../Engine/Content/EngineMaterials/Substrate/GLints/dict_16_192_64_0p5_0p02_0023_0001.uasset" 5016
"../../../Engine/Content/EngineMaterials/Substrate/GLints/dict_16_192_64_0p5_0p02_0023_0002.uasset" 5017
"../../../Engine/Content/EngineMaterials/Substrate/GLints/dict_16_192_64_0p5_0p02_0023_0007.uasset" 5018
"../../../Engine/Content/EngineMaterials/Substrate/GLints/dict_16_192_64_0p5_0p02_0023_0010.uasset" 5019
"../../../Engine/Content/EngineMaterials/Substrate/GLints/dict_16_192_64_0p5_0p02_0023_0011.uasset" 5020
"../../../Engine/Content/EngineMaterials/Substrate/GLints/dict_16_192_64_0p5_0p02_0023_0009.uasset" 5021
"/Engine/EngineMaterials/Substrate/GLints/dict_16_192_64_0p5_0p02_0022_0013" 5022
"../../../Engine/Content/EngineMaterials/Substrate/GLints/dict_16_192_64_0p5_0p02_0023_0000.uasset" 5023
"../../../Engine/Content/EngineMaterials/Substrate/GLints/dict_16_192_64_0p5_0p02_0023_0003.uasset" 5024
"../../../Engine/Content/EngineMaterials/Substrate/GLints/dict_16_192_64_0p5_0p02_0023_0006.uasset" 5025
"../../../Engine/Content/EngineMaterials/Substrate/GLints/dict_16_192_64_0p5_0p02_0023_0008.uasset" 5026
"../../../Engine/Content/EngineMaterials/Substrate/GLints/dict_16_192_64_0p5_0p02_0023_0004.uasset" 5027
"../../../Engine/Content/EngineMaterials/Substrate/GLints/dict_16_192_64_0p5_0p02_0023_0005.uasset" 5028
"/Engine/EngineMaterials/Substrate/GLints/dict_16_192_64_0p5_0p02_0022_0012" 5029
"/Engine/EngineMaterials/Substrate/GLints/dict_16_192_64_0p5_0p02_0022_0011" 5030
"/Engine/EngineMaterials/Substrate/GLints/dict_16_192_64_0p5_0p02_0022_0010" 5031
"/Engine/EngineMaterials/Substrate/GLints/dict_16_192_64_0p5_0p02_0022_0009" 5032
"/Engine/EngineMaterials/Substrate/GLints/dict_16_192_64_0p5_0p02_0022_0008" 5033
"/Engine/EngineMaterials/Substrate/GLints/dict_16_192_64_0p5_0p02_0022_0007" 5034
"/Engine/EngineMaterials/Substrate/GLints/dict_16_192_64_0p5_0p02_0022_0006" 5035
"/Engine/EngineMaterials/Substrate/GLints/dict_16_192_64_0p5_0p02_0022_0005" 5036
"/Engine/EngineMaterials/Substrate/GLints/dict_16_192_64_0p5_0p02_0022_0004" 5037
"/Engine/EngineMaterials/Substrate/GLints/dict_16_192_64_0p5_0p02_0022_0003" 5038
"/Engine/EngineMaterials/Substrate/GLints/dict_16_192_64_0p5_0p02_0022_0002" 5039
"/Engine/EngineMaterials/Substrate/GLints/dict_16_192_64_0p5_0p02_0022_0001" 5040
"/Engine/EngineMaterials/Substrate/GLints/dict_16_192_64_0p5_0p02_0023_0001" 5041
"/Engine/EngineMaterials/Substrate/GLints/dict_16_192_64_0p5_0p02_0022_0000" 5042
"/Engine/EngineMaterials/Substrate/GLints/dict_16_192_64_0p5_0p02_0021_0015" 5043
"/Engine/EngineMaterials/Substrate/GLints/dict_16_192_64_0p5_0p02_0021_0014" 5044
"/Engine/EngineMaterials/Substrate/GLints/dict_16_192_64_0p5_0p02_0021_0013" 5045
"/Engine/EngineMaterials/Substrate/GLints/dict_16_192_64_0p5_0p02_0022_0015" 5046
"/Engine/EngineMaterials/Substrate/GLints/dict_16_192_64_0p5_0p02_0021_0012" 5047
"/Engine/EngineMaterials/Substrate/GLints/dict_16_192_64_0p5_0p02_0022_0014" 5048
"../../../Engine/Content/EngineMaterials/Substrate/GLints/dict_16_192_64_0p5_0p02_0024_0000.uasset" 5049
"../../../Engine/Content/EngineMaterials/Substrate/GLints/dict_16_192_64_0p5_0p02_0023_0014.uasset" 5050
"../../../Engine/Content/EngineMaterials/Substrate/GLints/dict_16_192_64_0p5_0p02_0024_0006.uasset" 5051
"../../../Engine/Content/EngineMaterials/Substrate/GLints/dict_16_192_64_0p5_0p02_0024_0001.uasset" 5052
"../../../Engine/Content/EngineMaterials/Substrate/GLints/dict_16_192_64_0p5_0p02_0024_0011.uasset" 5053
"../../../Engine/Content/EngineMaterials/Substrate/GLints/dict_16_192_64_0p5_0p02_0024_0009.uasset" 5054
"../../../Engine/Content/EngineMaterials/Substrate/GLints/dict_16_192_64_0p5_0p02_0024_0014.uasset" 5055
"../../../Engine/Content/EngineMaterials/Substrate/GLints/dict_16_192_64_0p5_0p02_0024_0013.uasset" 5056
"../../../Engine/Content/EngineMaterials/Substrate/GLints/dict_16_192_64_0p5_0p02_0024_0015.uasset" 5057
"/Engine/EngineMaterials/Substrate/GLints/dict_16_192_64_0p5_0p02_0023_0011" 5058
"../../../Engine/Content/EngineMaterials/Substrate/GLints/dict_16_192_64_0p5_0p02_0024_0004.uasset" 5059
"../../../Engine/Content/EngineMaterials/Substrate/GLints/dict_16_192_64_0p5_0p02_0024_0012.uasset" 5060
"../../../Engine/Content/EngineMaterials/Substrate/GLints/dict_16_192_64_0p5_0p02_0024_0002.uasset" 5061
"../../../Engine/Content/EngineMaterials/Substrate/GLints/dict_16_192_64_0p5_0p02_0024_0003.uasset" 5062
"../../../Engine/Content/EngineMaterials/Substrate/GLints/dict_16_192_64_0p5_0p02_0024_0008.uasset" 5063
"../../../Engine/Content/EngineMaterials/Substrate/GLints/dict_16_192_64_0p5_0p02_0025_0000.uasset" 5064
"../../../Engine/Content/EngineMaterials/Substrate/GLints/dict_16_192_64_0p5_0p02_0024_0010.uasset" 5065
"/Engine/EngineMaterials/Substrate/GLints/dict_16_192_64_0p5_0p02_0023_0010" 5066
"../../../Engine/Content/EngineMaterials/Substrate/GLints/dict_16_192_64_0p5_0p02_0024_0005.uasset" 5067
"../../../Engine/Content/EngineMaterials/Substrate/GLints/dict_16_192_64_0p5_0p02_0024_0007.uasset" 5068
"/Engine/EngineMaterials/Substrate/GLints/dict_16_192_64_0p5_0p02_0023_0009" 5069
"/Engine/EngineMaterials/Substrate/GLints/dict_16_192_64_0p5_0p02_0023_0008" 5070
"../../../Engine/Content/EngineMaterials/Substrate/GLints/dict_16_192_64_0p5_0p02_0023_0012.uasset" 5071
"../../../Engine/Content/EngineMaterials/Substrate/GLints/dict_16_192_64_0p5_0p02_0023_0015.uasset" 5072
"../../../Engine/Content/EngineMaterials/Substrate/GLints/dict_16_192_64_0p5_0p02_0023_0013.uasset" 5073
"/Engine/EngineMaterials/Substrate/GLints/dict_16_192_64_0p5_0p02_0023_0007" 5074
"/Engine/EngineMaterials/Substrate/GLints/dict_16_192_64_0p5_0p02_0023_0006" 5075
"/Engine/EngineMaterials/Substrate/GLints/dict_16_192_64_0p5_0p02_0023_0005" 5076
"/Engine/EngineMaterials/Substrate/GLints/dict_16_192_64_0p5_0p02_0023_0004" 5077
"/Engine/EngineMaterials/Substrate/GLints/dict_16_192_64_0p5_0p02_0023_0003" 5078
"/Engine/EngineMaterials/Substrate/GLints/dict_16_192_64_0p5_0p02_0024_0006" 5079
"/Engine/EngineMaterials/Substrate/GLints/dict_16_192_64_0p5_0p02_0023_0002" 5080
"/Engine/EngineMaterials/Substrate/GLints/dict_16_192_64_0p5_0p02_0023_0000" 5081
"/Engine/EngineMaterials/Substrate/GLints/dict_16_192_64_0p5_0p02_0024_0000" 5082
"/Engine/EngineMaterials/Substrate/GLints/dict_16_192_64_0p5_0p02_0023_0014" 5083
"../../../Engine/Content/EngineMaterials/Substrate/GLints/dict_16_192_64_0p5_0p02_0025_0001.uasset" 5084
"../../../Engine/Content/EngineMaterials/Substrate/GLints/dict_16_192_64_0p5_0p02_0025_0002.uasset" 5085
"../../../Engine/Content/EngineMaterials/Substrate/GLints/dict_16_192_64_0p5_0p02_0025_0004.uasset" 5086
"../../../Engine/Content/EngineMaterials/Substrate/GLints/dict_16_192_64_0p5_0p02_0025_0012.uasset" 5087
"../../../Engine/Content/EngineMaterials/Substrate/GLints/dict_16_192_64_0p5_0p02_0025_0006.uasset" 5088
"../../../Engine/Content/EngineMaterials/Substrate/GLints/dict_16_192_64_0p5_0p02_0025_0005.uasset" 5089
"../../../Engine/Content/EngineMaterials/Substrate/GLints/dict_16_192_64_0p5_0p02_0025_0014.uasset" 5090
"/Engine/EngineMaterials/Substrate/GLints/dict_16_192_64_0p5_0p02_0025_0000" 5091
"../../../Engine/Content/EngineMaterials/Substrate/GLints/dict_16_192_64_0p5_0p02_0025_0011.uasset" 5092
"../../../Engine/Content/EngineMaterials/Substrate/GLints/dict_16_192_64_0p5_0p02_0025_0009.uasset" 5093
"../../../Engine/Content/EngineMaterials/Substrate/GLints/dict_16_192_64_0p5_0p02_0025_0010.uasset" 5094
"../../../Engine/Content/EngineMaterials/Substrate/GLints/dict_16_192_64_0p5_0p02_0025_0013.uasset" 5095
"../../../Engine/Content/EngineMaterials/Substrate/GLints/dict_16_192_64_0p5_0p02_0025_0003.uasset" 5096
"../../../Engine/Content/EngineMaterials/Substrate/GLints/dict_16_192_64_0p5_0p02_0025_0007.uasset" 5097
"../../../Engine/Content/EngineMaterials/Substrate/GLints/dict_16_192_64_0p5_0p02_0025_0008.uasset" 5098
"/Engine/EngineMaterials/Substrate/GLints/dict_16_192_64_0p5_0p02_0024_0015" 5099
"/Engine/EngineMaterials/Substrate/GLints/dict_16_192_64_0p5_0p02_0024_0014" 5100
"/Engine/EngineMaterials/Substrate/GLints/dict_16_192_64_0p5_0p02_0024_0013" 5101
"/Engine/EngineMaterials/Substrate/GLints/dict_16_192_64_0p5_0p02_0024_0012" 5102
"/Engine/EngineMaterials/Substrate/GLints/dict_16_192_64_0p5_0p02_0024_0011" 5103
"/Engine/EngineMaterials/Substrate/GLints/dict_16_192_64_0p5_0p02_0024_0010" 5104
"/Engine/EngineMaterials/Substrate/GLints/dict_16_192_64_0p5_0p02_0024_0009" 5105
"/Engine/EngineMaterials/Substrate/GLints/dict_16_192_64_0p5_0p02_0024_0008" 5106
"/Engine/EngineMaterials/Substrate/GLints/dict_16_192_64_0p5_0p02_0024_0007" 5107
"/Engine/EngineMaterials/Substrate/GLints/dict_16_192_64_0p5_0p02_0024_0005" 5108
"/Engine/EngineMaterials/Substrate/GLints/dict_16_192_64_0p5_0p02_0024_0004" 5109
"/Engine/EngineMaterials/Substrate/GLints/dict_16_192_64_0p5_0p02_0024_0003" 5110
"/Engine/EngineMaterials/Substrate/GLints/dict_16_192_64_0p5_0p02_0024_0002" 5111
"/Engine/EngineMaterials/Substrate/GLints/dict_16_192_64_0p5_0p02_0024_0001" 5112
"/Engine/EngineMaterials/Substrate/GLints/dict_16_192_64_0p5_0p02_0025_0002" 5113
"/Engine/EngineMaterials/Substrate/GLints/dict_16_192_64_0p5_0p02_0023_0015" 5114
"/Engine/EngineMaterials/Substrate/GLints/dict_16_192_64_0p5_0p02_0025_0001" 5115
"/Engine/EngineMaterials/Substrate/GLints/dict_16_192_64_0p5_0p02_0023_0013" 5116
"/Engine/EngineMaterials/Substrate/GLints/dict_16_192_64_0p5_0p02_0023_0012" 5117
"../../../Engine/Content/EngineMaterials/Substrate/GLints/dict_16_192_64_0p5_0p02_0025_0015.uasset" 5118
"../../../Engine/Content/EngineMaterials/Substrate/GLints/dict_16_192_64_0p5_0p02_0026_0000.uasset" 5119
"../../../Engine/Content/EngineMaterials/Substrate/GLints/dict_16_192_64_0p5_0p02_0026_0004.uasset" 5120
"../../../Engine/Content/EngineMaterials/Substrate/GLints/dict_16_192_64_0p5_0p02_0026_0003.uasset" 5121
"../../../Engine/Content/EngineMaterials/Substrate/GLints/dict_16_192_64_0p5_0p02_0026_0008.uasset" 5122
"../../../Engine/Content/EngineMaterials/Substrate/GLints/dict_16_192_64_0p5_0p02_0026_0006.uasset" 5123
"../../../Engine/Content/EngineMaterials/Substrate/GLints/dict_16_192_64_0p5_0p02_0026_0013.uasset" 5124
"../../../Engine/Content/EngineMaterials/Substrate/GLints/dict_16_192_64_0p5_0p02_0026_0011.uasset" 5125
"../../../Engine/Content/EngineMaterials/Substrate/GLints/dict_16_192_64_0p5_0p02_0026_0015.uasset" 5126
"../../../Engine/Content/EngineMaterials/Substrate/GLints/dict_16_192_64_0p5_0p02_0027_0000.uasset" 5127
"/Engine/EngineMaterials/Substrate/GLints/dict_16_192_64_0p5_0p02_0025_0014" 5128
"../../../Engine/Content/EngineMaterials/Substrate/GLints/dict_16_192_64_0p5_0p02_0027_0001.uasset" 5129
"../../../Engine/Content/EngineMaterials/Substrate/GLints/dict_16_192_64_0p5_0p02_0027_0002.uasset" 5130
"../../../Engine/Content/EngineMaterials/Substrate/GLints/dict_16_192_64_0p5_0p02_0026_0001.uasset" 5131
"../../../Engine/Content/EngineMaterials/Substrate/GLints/dict_16_192_64_0p5_0p02_0026_0007.uasset" 5132
"../../../Engine/Content/EngineMaterials/Substrate/GLints/dict_16_192_64_0p5_0p02_0026_0014.uasset" 5133
"../../../Engine/Content/EngineMaterials/Substrate/GLints/dict_16_192_64_0p5_0p02_0026_0010.uasset" 5134
"/Engine/EngineMaterials/Substrate/GLints/dict_16_192_64_0p5_0p02_0025_0013" 5135
"/Engine/EngineMaterials/Substrate/GLints/dict_16_192_64_0p5_0p02_0025_0012" 5136
"/Engine/EngineMaterials/Substrate/GLints/dict_16_192_64_0p5_0p02_0025_0011" 5137
"../../../Engine/Content/EngineMaterials/Substrate/GLints/dict_16_192_64_0p5_0p02_0026_0002.uasset" 5138
"../../../Engine/Content/EngineMaterials/Substrate/GLints/dict_16_192_64_0p5_0p02_0026_0012.uasset" 5139
"../../../Engine/Content/EngineMaterials/Substrate/GLints/dict_16_192_64_0p5_0p02_0026_0009.uasset" 5140
"/Engine/EngineMaterials/Substrate/GLints/dict_16_192_64_0p5_0p02_0025_0010" 5141
"../../../Engine/Content/EngineMaterials/Substrate/GLints/dict_16_192_64_0p5_0p02_0026_0005.uasset" 5142
"/Engine/EngineMaterials/Substrate/GLints/dict_16_192_64_0p5_0p02_0025_0009" 5143
"/Engine/EngineMaterials/Substrate/GLints/dict_16_192_64_0p5_0p02_0025_0008" 5144
"/Engine/EngineMaterials/Substrate/GLints/dict_16_192_64_0p5_0p02_0025_0007" 5145
"/Engine/EngineMaterials/Substrate/GLints/dict_16_192_64_0p5_0p02_0025_0006" 5146
"/Engine/EngineMaterials/Substrate/GLints/dict_16_192_64_0p5_0p02_0025_0005" 5147
"/Engine/EngineMaterials/Substrate/GLints/dict_16_192_64_0p5_0p02_0026_0008" 5148
"/Engine/EngineMaterials/Substrate/GLints/dict_16_192_64_0p5_0p02_0025_0004" 5149
"/Engine/EngineMaterials/Substrate/GLints/dict_16_192_64_0p5_0p02_0026_0006" 5150
"/Engine/EngineMaterials/Substrate/GLints/dict_16_192_64_0p5_0p02_0026_0004" 5151
"/Engine/EngineMaterials/Substrate/GLints/dict_16_192_64_0p5_0p02_0025_0003" 5152
"/Engine/EngineMaterials/Substrate/GLints/dict_16_192_64_0p5_0p02_0026_0003" 5153
"/Engine/EngineMaterials/Substrate/GLints/dict_16_192_64_0p5_0p02_0026_0000" 5154
"/Engine/EngineMaterials/Substrate/GLints/dict_16_192_64_0p5_0p02_0025_0015" 5155
"../../../Engine/Content/EngineMaterials/Substrate/GLints/dict_16_192_64_0p5_0p02_0027_0003.uasset" 5156
"../../../Engine/Content/EngineMaterials/Substrate/GLints/dict_16_192_64_0p5_0p02_0027_0005.uasset" 5157
"../../../Engine/Content/EngineMaterials/Substrate/GLints/dict_16_192_64_0p5_0p02_0027_0008.uasset" 5158
"../../../Engine/Content/EngineMaterials/Substrate/GLints/dict_16_192_64_0p5_0p02_0027_0006.uasset" 5159
"../../../Engine/Content/EngineMaterials/Substrate/GLints/dict_16_192_64_0p5_0p02_0027_0009.uasset" 5160
"../../../Engine/Content/EngineMaterials/Substrate/GLints/dict_16_192_64_0p5_0p02_0027_0007.uasset" 5161
"../../../Engine/Content/EngineMaterials/Substrate/GLints/dict_16_192_64_0p5_0p02_0027_0012.uasset" 5162
"../../../Engine/Content/EngineMaterials/Substrate/GLints/dict_16_192_64_0p5_0p02_0028_0002.uasset" 5163
"../../../Engine/Content/EngineMaterials/Substrate/GLints/dict_16_192_64_0p5_0p02_0028_0003.uasset" 5164
"../../../Engine/Content/EngineMaterials/Substrate/GLints/dict_16_192_64_0p5_0p02_0027_0011.uasset" 5165
"../../../Engine/Content/EngineMaterials/Substrate/GLints/dict_16_192_64_0p5_0p02_0027_0013.uasset" 5166
"/Engine/EngineMaterials/Substrate/GLints/dict_16_192_64_0p5_0p02_0027_0002" 5167
"../../../Engine/Content/EngineMaterials/Substrate/GLints/dict_16_192_64_0p5_0p02_0027_0010.uasset" 5168
"../../../Engine/Content/EngineMaterials/Substrate/GLints/dict_16_192_64_0p5_0p02_0028_0000.uasset" 5169
"../../../Engine/Content/EngineMaterials/Substrate/GLints/dict_16_192_64_0p5_0p02_0027_0015.uasset" 5170
"../../../Engine/Content/EngineMaterials/Substrate/GLints/dict_16_192_64_0p5_0p02_0028_0004.uasset" 5171
"../../../Engine/Content/EngineMaterials/Substrate/GLints/dict_16_192_64_0p5_0p02_0027_0014.uasset" 5172
"../../../Engine/Content/EngineMaterials/Substrate/GLints/dict_16_192_64_0p5_0p02_0028_0001.uasset" 5173
"../../../Engine/Content/EngineMaterials/Substrate/GLints/dict_16_192_64_0p5_0p02_0027_0004.uasset" 5174
"/Engine/EngineMaterials/Substrate/GLints/dict_16_192_64_0p5_0p02_0027_0001" 5175
"/Engine/EngineMaterials/Substrate/GLints/dict_16_192_64_0p5_0p02_0027_0000" 5176
"/Engine/EngineMaterials/Substrate/GLints/dict_16_192_64_0p5_0p02_0026_0015" 5177
"/Engine/EngineMaterials/Substrate/GLints/dict_16_192_64_0p5_0p02_0026_0014" 5178
"/Engine/EngineMaterials/Substrate/GLints/dict_16_192_64_0p5_0p02_0026_0013" 5179
"/Engine/EngineMaterials/Substrate/GLints/dict_16_192_64_0p5_0p02_0026_0012" 5180
"/Engine/EngineMaterials/Substrate/GLints/dict_16_192_64_0p5_0p02_0026_0011" 5181
"/Engine/EngineMaterials/Substrate/GLints/dict_16_192_64_0p5_0p02_0026_0010" 5182
"/Engine/EngineMaterials/Substrate/GLints/dict_16_192_64_0p5_0p02_0026_0009" 5183
"/Engine/EngineMaterials/Substrate/GLints/dict_16_192_64_0p5_0p02_0027_0009" 5184
"/Engine/EngineMaterials/Substrate/GLints/dict_16_192_64_0p5_0p02_0026_0007" 5185
"/Engine/EngineMaterials/Substrate/GLints/dict_16_192_64_0p5_0p02_0027_0008" 5186
"/Engine/EngineMaterials/Substrate/GLints/dict_16_192_64_0p5_0p02_0026_0005" 5187
"/Engine/EngineMaterials/Substrate/GLints/dict_16_192_64_0p5_0p02_0027_0006" 5188
"/Engine/EngineMaterials/Substrate/GLints/dict_16_192_64_0p5_0p02_0027_0005" 5189
"/Engine/EngineMaterials/Substrate/GLints/dict_16_192_64_0p5_0p02_0026_0002" 5190
"/Engine/EngineMaterials/Substrate/GLints/dict_16_192_64_0p5_0p02_0026_0001" 5191
"/Engine/EngineMaterials/Substrate/GLints/dict_16_192_64_0p5_0p02_0027_0003" 5192
"../../../Engine/Content/EngineMaterials/Substrate/GLints/dict_16_192_64_0p5_0p02_0028_0005.uasset" 5193
"../../../Engine/Content/EngineMaterials/Substrate/GLints/dict_16_192_64_0p5_0p02_0028_0006.uasset" 5194
"../../../Engine/Content/EngineMaterials/Substrate/GLints/dict_16_192_64_0p5_0p02_0028_0007.uasset" 5195
"../../../Engine/Content/EngineMaterials/Substrate/GLints/dict_16_192_64_0p5_0p02_0028_0011.uasset" 5196
"../../../Engine/Content/EngineMaterials/Substrate/GLints/dict_16_192_64_0p5_0p02_0028_0008.uasset" 5197
"../../../Engine/Content/EngineMaterials/Substrate/GLints/dict_16_192_64_0p5_0p02_0028_0013.uasset" 5198
"../../../Engine/Content/EngineMaterials/Substrate/GLints/dict_16_192_64_0p5_0p02_0029_0000.uasset" 5199
"../../../Engine/Content/EngineMaterials/Substrate/GLints/dict_16_192_64_0p5_0p02_0029_0002.uasset" 5200
"../../../Engine/Content/EngineMaterials/Substrate/GLints/dict_16_192_64_0p5_0p02_0028_0015.uasset" 5201
"../../../Engine/Content/EngineMaterials/Substrate/GLints/dict_16_192_64_0p5_0p02_0028_0009.uasset" 5202
"../../../Engine/Content/EngineMaterials/Substrate/GLints/dict_16_192_64_0p5_0p02_0029_0006.uasset" 5203
"../../../Engine/Content/EngineMaterials/Substrate/GLints/dict_16_192_64_0p5_0p02_0028_0010.uasset" 5204
"../../../Engine/Content/EngineMaterials/Substrate/GLints/dict_16_192_64_0p5_0p02_0029_0007.uasset" 5205
"../../../Engine/Content/EngineMaterials/Substrate/GLints/dict_16_192_64_0p5_0p02_0029_0001.uasset" 5206
"../../../Engine/Content/EngineMaterials/Substrate/GLints/dict_16_192_64_0p5_0p02_0029_0004.uasset" 5207
"/Engine/EngineMaterials/Substrate/GLints/dict_16_192_64_0p5_0p02_0028_0004" 5208
"../../../Engine/Content/EngineMaterials/Substrate/GLints/dict_16_192_64_0p5_0p02_0029_0005.uasset" 5209
"../../../Engine/Content/EngineMaterials/Substrate/GLints/dict_16_192_64_0p5_0p02_0029_0003.uasset" 5210
"../../../Engine/Content/EngineMaterials/Substrate/GLints/dict_16_192_64_0p5_0p02_0028_0014.uasset" 5211
"../../../Engine/Content/EngineMaterials/Substrate/GLints/dict_16_192_64_0p5_0p02_0028_0012.uasset" 5212
"/Engine/EngineMaterials/Substrate/GLints/dict_16_192_64_0p5_0p02_0028_0003" 5213
"/Engine/EngineMaterials/Substrate/GLints/dict_16_192_64_0p5_0p02_0028_0002" 5214
"/Engine/EngineMaterials/Substrate/GLints/dict_16_192_64_0p5_0p02_0028_0001" 5215
"/Engine/EngineMaterials/Substrate/GLints/dict_16_192_64_0p5_0p02_0028_0000" 5216
"/Engine/EngineMaterials/Substrate/GLints/dict_16_192_64_0p5_0p02_0027_0015" 5217
"/Engine/EngineMaterials/Substrate/GLints/dict_16_192_64_0p5_0p02_0027_0014" 5218
"/Engine/EngineMaterials/Substrate/GLints/dict_16_192_64_0p5_0p02_0027_0013" 5219
"/Engine/EngineMaterials/Substrate/GLints/dict_16_192_64_0p5_0p02_0027_0012" 5220
"/Engine/EngineMaterials/Substrate/GLints/dict_16_192_64_0p5_0p02_0027_0011" 5221
"/Engine/EngineMaterials/Substrate/GLints/dict_16_192_64_0p5_0p02_0027_0010" 5222
"/Engine/EngineMaterials/Substrate/GLints/dict_16_192_64_0p5_0p02_0027_0007" 5223
"/Engine/EngineMaterials/Substrate/GLints/dict_16_192_64_0p5_0p02_0028_0008" 5224
"/Engine/EngineMaterials/Substrate/GLints/dict_16_192_64_0p5_0p02_0028_0007" 5225
"/Engine/EngineMaterials/Substrate/GLints/dict_16_192_64_0p5_0p02_0028_0006" 5226
"/Engine/EngineMaterials/Substrate/GLints/dict_16_192_64_0p5_0p02_0027_0004" 5227
"/Engine/EngineMaterials/Substrate/GLints/dict_16_192_64_0p5_0p02_0028_0005" 5228
"../../../Engine/Content/EngineMaterials/Substrate/GLints/dict_16_192_64_0p5_0p02_0029_0008.uasset" 5229
"../../../Engine/Content/EngineMaterials/Substrate/GLints/dict_16_192_64_0p5_0p02_0029_0011.uasset" 5230
"../../../Engine/Content/EngineMaterials/Substrate/GLints/dict_16_192_64_0p5_0p02_0029_0012.uasset" 5231
"../../../Engine/Content/EngineMaterials/Substrate/GLints/dict_16_192_64_0p5_0p02_0030_0003.uasset" 5232
"../../../Engine/Content/EngineMaterials/Substrate/GLints/dict_16_192_64_0p5_0p02_0030_0000.uasset" 5233
"../../../Engine/Content/EngineMaterials/Substrate/GLints/dict_16_192_64_0p5_0p02_0029_0013.uasset" 5234
"../../../Engine/Content/EngineMaterials/Substrate/GLints/dict_16_192_64_0p5_0p02_0030_0001.uasset" 5235
"../../../Engine/Content/EngineMaterials/Substrate/GLints/dict_16_192_64_0p5_0p02_0030_0007.uasset" 5236
"../../../Engine/Content/EngineMaterials/Substrate/GLints/dict_16_192_64_0p5_0p02_0030_0005.uasset" 5237
"../../../Engine/Content/EngineMaterials/Substrate/GLints/dict_16_192_64_0p5_0p02_0030_0004.uasset" 5238
"../../../Engine/Content/EngineMaterials/Substrate/GLints/dict_16_192_64_0p5_0p02_0030_0006.uasset" 5239
"../../../Engine/Content/EngineMaterials/Substrate/GLints/dict_16_192_64_0p5_0p02_0030_0008.uasset" 5240
"/Engine/EngineMaterials/Substrate/GLints/dict_16_192_64_0p5_0p02_0029_0007" 5241
"../../../Engine/Content/EngineMaterials/Substrate/GLints/dict_16_192_64_0p5_0p02_0029_0014.uasset" 5242
"../../../Engine/Content/EngineMaterials/Substrate/GLints/dict_16_192_64_0p5_0p02_0030_0002.uasset" 5243
"../../../Engine/Content/EngineMaterials/Substrate/GLints/dict_16_192_64_0p5_0p02_0029_0015.uasset" 5244
"/Engine/EngineMaterials/Substrate/GLints/dict_16_192_64_0p5_0p02_0029_0006" 5245
"/Engine/EngineMaterials/Substrate/GLints/dict_16_192_64_0p5_0p02_0029_0005" 5246
"/Engine/EngineMaterials/Substrate/GLints/dict_16_192_64_0p5_0p02_0029_0004" 5247
"/Engine/EngineMaterials/Substrate/GLints/dict_16_192_64_0p5_0p02_0029_0003" 5248
"../../../Engine/Content/EngineMaterials/Substrate/GLints/dict_16_192_64_0p5_0p02_0029_0009.uasset" 5249
"/Engine/EngineMaterials/Substrate/GLints/dict_16_192_64_0p5_0p02_0029_0002" 5250
"../../../Engine/Content/EngineMaterials/Substrate/GLints/dict_16_192_64_0p5_0p02_0029_0010.uasset" 5251
"/Engine/EngineMaterials/Substrate/GLints/dict_16_192_64_0p5_0p02_0029_0001" 5252
"/Engine/EngineMaterials/Substrate/GLints/dict_16_192_64_0p5_0p02_0029_0000" 5253
"/Engine/EngineMaterials/Substrate/GLints/dict_16_192_64_0p5_0p02_0028_0015" 5254
"/Engine/EngineMaterials/Substrate/GLints/dict_16_192_64_0p5_0p02_0028_0014" 5255
"/Engine/EngineMaterials/Substrate/GLints/dict_16_192_64_0p5_0p02_0028_0013" 5256
"/Engine/EngineMaterials/Substrate/GLints/dict_16_192_64_0p5_0p02_0028_0012" 5257
"/Engine/EngineMaterials/Substrate/GLints/dict_16_192_64_0p5_0p02_0028_0011" 5258
"/Engine/EngineMaterials/Substrate/GLints/dict_16_192_64_0p5_0p02_0028_0010" 5259
"/Engine/EngineMaterials/Substrate/GLints/dict_16_192_64_0p5_0p02_0028_0009" 5260
"/Engine/EngineMaterials/Substrate/GLints/dict_16_192_64_0p5_0p02_0029_0011" 5261
"/Engine/EngineMaterials/Substrate/GLints/dict_16_192_64_0p5_0p02_0029_0008" 5262
"../../../Engine/Content/EngineMaterials/Substrate/GLints/dict_16_192_64_0p5_0p02_0030_0009.uasset" 5263
"../../../Engine/Content/EngineMaterials/Substrate/GLints/dict_16_192_64_0p5_0p02_0031_0003.uasset" 5264
"../../../Engine/Content/EngineMaterials/Substrate/GLints/dict_16_192_64_0p5_0p02_0031_0005.uasset" 5265
"../../../Engine/Content/EngineMaterials/Substrate/GLints/dict_16_192_64_0p5_0p02_0030_0011.uasset" 5266
"../../../Engine/Content/EngineMaterials/Substrate/GLints/dict_16_192_64_0p5_0p02_0031_0004.uasset" 5267
"../../../Engine/Content/EngineMaterials/Substrate/GLints/dict_16_192_64_0p5_0p02_0031_0006.uasset" 5268
"../../../Engine/Content/EngineMaterials/Substrate/GLints/dict_16_192_64_0p5_0p02_0031_0008.uasset" 5269
"../../../Engine/Content/EngineMaterials/Substrate/GLints/dict_16_192_64_0p5_0p02_0030_0012.uasset" 5270
"../../../Engine/Content/EngineMaterials/Substrate/GLints/dict_16_192_64_0p5_0p02_0031_0000.uasset" 5271
"../../../Engine/Content/EngineMaterials/Substrate/GLints/dict_16_192_64_0p5_0p02_0031_0007.uasset" 5272
"/Engine/EngineMaterials/Substrate/GLints/dict_16_192_64_0p5_0p02_0030_0008" 5273
"../../../Engine/Content/EngineMaterials/Substrate/GLints/dict_16_192_64_0p5_0p02_0030_0014.uasset" 5274
"../../../Engine/Content/EngineMaterials/Substrate/GLints/dict_16_192_64_0p5_0p02_0031_0001.uasset" 5275
"../../../Engine/Content/EngineMaterials/Substrate/GLints/dict_16_192_64_0p5_0p02_0031_0009.uasset" 5276
"../../../Engine/Content/EngineMaterials/Substrate/GLints/dict_16_192_64_0p5_0p02_0030_0013.uasset" 5277
"/Engine/EngineMaterials/Substrate/GLints/dict_16_192_64_0p5_0p02_0030_0007" 5278
"../../../Engine/Content/EngineMaterials/Substrate/GLints/dict_16_192_64_0p5_0p02_0031_0002.uasset" 5279
"/Engine/EngineMaterials/Substrate/GLints/dict_16_192_64_0p5_0p02_0030_0006" 5280
"../../../Engine/Content/EngineMaterials/Substrate/GLints/dict_16_192_64_0p5_0p02_0030_0010.uasset" 5281
"../../../Engine/Content/EngineMaterials/Substrate/GLints/dict_16_192_64_0p5_0p02_0030_0015.uasset" 5282
"/Engine/EngineMaterials/Substrate/GLints/dict_16_192_64_0p5_0p02_0030_0005" 5283
"/Engine/EngineMaterials/Substrate/GLints/dict_16_192_64_0p5_0p02_0030_0004" 5284
"/Engine/EngineMaterials/Substrate/GLints/dict_16_192_64_0p5_0p02_0030_0003" 5285
"/Engine/EngineMaterials/Substrate/GLints/dict_16_192_64_0p5_0p02_0030_0002" 5286
"/Engine/EngineMaterials/Substrate/GLints/dict_16_192_64_0p5_0p02_0030_0001" 5287
"/Engine/EngineMaterials/Substrate/GLints/dict_16_192_64_0p5_0p02_0030_0000" 5288
"/Engine/EngineMaterials/Substrate/GLints/dict_16_192_64_0p5_0p02_0029_0015" 5289
"/Engine/EngineMaterials/Substrate/GLints/dict_16_192_64_0p5_0p02_0029_0014" 5290
"/Engine/EngineMaterials/Substrate/GLints/dict_16_192_64_0p5_0p02_0029_0013" 5291
"/Engine/EngineMaterials/Substrate/GLints/dict_16_192_64_0p5_0p02_0029_0012" 5292
"/Engine/EngineMaterials/Substrate/GLints/dict_16_192_64_0p5_0p02_0029_0010" 5293
"/Engine/EngineMaterials/Substrate/GLints/dict_16_192_64_0p5_0p02_0029_0009" 5294
"/Engine/EngineMaterials/Substrate/GLints/dict_16_192_64_0p5_0p02_0030_0009" 5295
"../../../Engine/Content/EngineMaterials/Substrate/GLints/dict_16_192_64_0p5_0p02_0031_0011.uasset" 5296
"../../../Engine/Content/EngineMaterials/Substrate/GLints/dict_16_192_64_0p5_0p02_0031_0012.uasset" 5297
"../../../Engine/Content/EngineMaterials/Substrate/GLints/dict_16_192_64_0p5_0p02_0031_0013.uasset" 5298
"../../../Engine/Content/EngineMaterials/Substrate/GLints/dict_16_192_64_0p5_0p02_0031_0014.uasset" 5299
"../../../Engine/Content/EngineMaterials/Substrate/GLints/dict_16_192_64_0p5_0p02_0032_0008.uasset" 5300
"../../../Engine/Content/EngineMaterials/Substrate/GLints/dict_16_192_64_0p5_0p02_0031_0010.uasset" 5301
"../../../Engine/Content/EngineMaterials/Substrate/GLints/dict_16_192_64_0p5_0p02_0032_0004.uasset" 5302
"../../../Engine/Content/EngineMaterials/Substrate/GLints/dict_16_192_64_0p5_0p02_0031_0015.uasset" 5303
"../../../Engine/Content/EngineMaterials/Substrate/GLints/dict_16_192_64_0p5_0p02_0032_0000.uasset" 5304
"../../../Engine/Content/EngineMaterials/Substrate/GLints/dict_16_192_64_0p5_0p02_0032_0009.uasset" 5305
"../../../Engine/Content/EngineMaterials/Substrate/GLints/dict_16_192_64_0p5_0p02_0032_0006.uasset" 5306
"../../../Engine/Content/EngineMaterials/Substrate/GLints/dict_16_192_64_0p5_0p02_0032_0002.uasset" 5307
"../../../Engine/Content/EngineMaterials/Substrate/GLints/dict_16_192_64_0p5_0p02_0032_0005.uasset" 5308
"../../../Engine/Content/EngineMaterials/Substrate/GLints/dict_16_192_64_0p5_0p02_0032_0007.uasset" 5309
"../../../Engine/Content/EngineMaterials/Substrate/GLints/dict_16_192_64_0p5_0p02_0032_0003.uasset" 5310
"/Engine/EngineMaterials/Substrate/GLints/dict_16_192_64_0p5_0p02_0031_0009" 5311
"../../../Engine/Content/EngineMaterials/Substrate/GLints/dict_16_192_64_0p5_0p02_0032_0001.uasset" 5312
"/Engine/EngineMaterials/Substrate/GLints/dict_16_192_64_0p5_0p02_0031_0008" 5313
"/Engine/EngineMaterials/Substrate/GLints/dict_16_192_64_0p5_0p02_0031_0007" 5314
"/Engine/EngineMaterials/Substrate/GLints/dict_16_192_64_0p5_0p02_0031_0006" 5315
"/Engine/EngineMaterials/Substrate/GLints/dict_16_192_64_0p5_0p02_0031_0005" 5316
"/Engine/EngineMaterials/Substrate/GLints/dict_16_192_64_0p5_0p02_0031_0004" 5317
"/Engine/EngineMaterials/Substrate/GLints/dict_16_192_64_0p5_0p02_0031_0003" 5318
"/Engine/EngineMaterials/Substrate/GLints/dict_16_192_64_0p5_0p02_0031_0002" 5319
"/Engine/EngineMaterials/Substrate/GLints/dict_16_192_64_0p5_0p02_0031_0001" 5320
"/Engine/EngineMaterials/Substrate/GLints/dict_16_192_64_0p5_0p02_0031_0000" 5321
"/Engine/EngineMaterials/Substrate/GLints/dict_16_192_64_0p5_0p02_0030_0015" 5322
"/Engine/EngineMaterials/Substrate/GLints/dict_16_192_64_0p5_0p02_0030_0014" 5323
"/Engine/EngineMaterials/Substrate/GLints/dict_16_192_64_0p5_0p02_0030_0013" 5324
"/Engine/EngineMaterials/Substrate/GLints/dict_16_192_64_0p5_0p02_0030_0012" 5325
"/Engine/EngineMaterials/Substrate/GLints/dict_16_192_64_0p5_0p02_0030_0011" 5326
"/Engine/EngineMaterials/Substrate/GLints/dict_16_192_64_0p5_0p02_0031_0013" 5327
"/Engine/EngineMaterials/Substrate/GLints/dict_16_192_64_0p5_0p02_0030_0010" 5328
"/Engine/EngineMaterials/Substrate/GLints/dict_16_192_64_0p5_0p02_0031_0012" 5329
"/Engine/EngineMaterials/Substrate/GLints/dict_16_192_64_0p5_0p02_0031_0011" 5330
"../../../Engine/Content/EngineMaterials/Substrate/GLints/dict_16_192_64_0p5_0p02_0032_0010.uasset" 5331
"../../../Engine/Content/EngineMaterials/Substrate/GLints/dict_16_192_64_0p5_0p02_0032_0011.uasset" 5332
"../../../Engine/Content/EngineMaterials/Substrate/GLints/dict_16_192_64_0p5_0p02_0032_0012.uasset" 5333
"../../../Engine/Content/EngineMaterials/Substrate/GLints/dict_16_192_64_0p5_0p02_0032_0015.uasset" 5334
"../../../Engine/Content/EngineMaterials/Substrate/GLints/dict_16_192_64_0p5_0p02_0033_0000.uasset" 5335
"../../../Engine/Content/EngineMaterials/Substrate/GLints/dict_16_192_64_0p5_0p02_0033_0002.uasset" 5336
"../../../Engine/Content/EngineMaterials/Substrate/GLints/dict_16_192_64_0p5_0p02_0033_0008.uasset" 5337
"../../../Engine/Content/EngineMaterials/Substrate/GLints/dict_16_192_64_0p5_0p02_0033_0004.uasset" 5338
"../../../Engine/Content/EngineMaterials/Substrate/GLints/dict_16_192_64_0p5_0p02_0033_0012.uasset" 5339
"../../../Engine/Content/EngineMaterials/Substrate/GLints/dict_16_192_64_0p5_0p02_0033_0007.uasset" 5340
"../../../Engine/Content/EngineMaterials/Substrate/GLints/dict_16_192_64_0p5_0p02_0033_0010.uasset" 5341
"/Engine/EngineMaterials/Substrate/GLints/dict_16_192_64_0p5_0p02_0032_0009" 5342
"../../../Engine/Content/EngineMaterials/Substrate/GLints/dict_16_192_64_0p5_0p02_0033_0005.uasset" 5343
"../../../Engine/Content/EngineMaterials/Substrate/GLints/dict_16_192_64_0p5_0p02_0033_0003.uasset" 5344
"../../../Engine/Content/EngineMaterials/Substrate/GLints/dict_16_192_64_0p5_0p02_0032_0014.uasset" 5345
"../../../Engine/Content/EngineMaterials/Substrate/GLints/dict_16_192_64_0p5_0p02_0033_0006.uasset" 5346
"../../../Engine/Content/EngineMaterials/Substrate/GLints/dict_16_192_64_0p5_0p02_0032_0013.uasset" 5347
"../../../Engine/Content/EngineMaterials/Substrate/GLints/dict_16_192_64_0p5_0p02_0033_0009.uasset" 5348
"/Engine/EngineMaterials/Substrate/GLints/dict_16_192_64_0p5_0p02_0032_0008" 5349
"../../../Engine/Content/EngineMaterials/Substrate/GLints/dict_16_192_64_0p5_0p02_0033_0011.uasset" 5350
"../../../Engine/Content/EngineMaterials/Substrate/GLints/dict_16_192_64_0p5_0p02_0033_0001.uasset" 5351
"/Engine/EngineMaterials/Substrate/GLints/dict_16_192_64_0p5_0p02_0032_0007" 5352
"/Engine/EngineMaterials/Substrate/GLints/dict_16_192_64_0p5_0p02_0032_0006" 5353
"/Engine/EngineMaterials/Substrate/GLints/dict_16_192_64_0p5_0p02_0032_0005" 5354
"/Engine/EngineMaterials/Substrate/GLints/dict_16_192_64_0p5_0p02_0032_0004" 5355
"/Engine/EngineMaterials/Substrate/GLints/dict_16_192_64_0p5_0p02_0032_0003" 5356
"/Engine/EngineMaterials/Substrate/GLints/dict_16_192_64_0p5_0p02_0032_0002" 5357
"/Engine/EngineMaterials/Substrate/GLints/dict_16_192_64_0p5_0p02_0032_0001" 5358
"/Engine/EngineMaterials/Substrate/GLints/dict_16_192_64_0p5_0p02_0032_0000" 5359
"/Engine/EngineMaterials/Substrate/GLints/dict_16_192_64_0p5_0p02_0031_0015" 5360
"/Engine/EngineMaterials/Substrate/GLints/dict_16_192_64_0p5_0p02_0032_0015" 5361
"/Engine/EngineMaterials/Substrate/GLints/dict_16_192_64_0p5_0p02_0031_0014" 5362
"/Engine/EngineMaterials/Substrate/GLints/dict_16_192_64_0p5_0p02_0032_0012" 5363
"/Engine/EngineMaterials/Substrate/GLints/dict_16_192_64_0p5_0p02_0032_0011" 5364
"/Engine/EngineMaterials/Substrate/GLints/dict_16_192_64_0p5_0p02_0032_0010" 5365
"/Engine/EngineMaterials/Substrate/GLints/dict_16_192_64_0p5_0p02_0031_0010" 5366
"../../../Engine/Content/EngineMaterials/Substrate/GLints/dict_16_192_64_0p5_0p02_0033_0013.uasset" 5367
"../../../Engine/Content/EngineMaterials/Substrate/GLints/dict_16_192_64_0p5_0p02_0033_0014.uasset" 5368
"../../../Engine/Content/EngineMaterials/Substrate/GLints/dict_16_192_64_0p5_0p02_0034_0001.uasset" 5369
"../../../Engine/Content/EngineMaterials/Substrate/GLints/dict_16_192_64_0p5_0p02_0034_0002.uasset" 5370
"../../../Engine/Content/EngineMaterials/Substrate/GLints/dict_16_192_64_0p5_0p02_0033_0015.uasset" 5371
"../../../Engine/Content/EngineMaterials/Substrate/GLints/dict_16_192_64_0p5_0p02_0034_0006.uasset" 5372
"../../../Engine/Content/EngineMaterials/Substrate/GLints/dict_16_192_64_0p5_0p02_0034_0000.uasset" 5373
"../../../Engine/Content/EngineMaterials/Substrate/GLints/dict_16_192_64_0p5_0p02_0034_0007.uasset" 5374
"/Engine/EngineMaterials/Substrate/GLints/dict_16_192_64_0p5_0p02_0033_0012" 5375
"../../../Engine/Content/EngineMaterials/Substrate/GLints/dict_16_192_64_0p5_0p02_0034_0008.uasset" 5376
"../../../Engine/Content/EngineMaterials/Substrate/GLints/dict_16_192_64_0p5_0p02_0034_0013.uasset" 5377
"../../../Engine/Content/EngineMaterials/Substrate/GLints/dict_16_192_64_0p5_0p02_0034_0010.uasset" 5378
"../../../Engine/Content/EngineMaterials/Substrate/GLints/dict_16_192_64_0p5_0p02_0034_0011.uasset" 5379
"../../../Engine/Content/EngineMaterials/Substrate/GLints/dict_16_192_64_0p5_0p02_0034_0012.uasset" 5380
"../../../Engine/Content/EngineMaterials/Substrate/GLints/dict_16_192_64_0p5_0p02_0034_0004.uasset" 5381
"/Engine/EngineMaterials/Substrate/GLints/dict_16_192_64_0p5_0p02_0033_0011" 5382
"/Engine/EngineMaterials/Substrate/GLints/dict_16_192_64_0p5_0p02_0033_0010" 5383
"/Engine/EngineMaterials/Substrate/GLints/dict_16_192_64_0p5_0p02_0033_0009" 5384
"/Engine/EngineMaterials/Substrate/GLints/dict_16_192_64_0p5_0p02_0033_0008" 5385
"../../../Engine/Content/EngineMaterials/Substrate/GLints/dict_16_192_64_0p5_0p02_0034_0005.uasset" 5386
"../../../Engine/Content/EngineMaterials/Substrate/GLints/dict_16_192_64_0p5_0p02_0034_0003.uasset" 5387
"../../../Engine/Content/EngineMaterials/Substrate/GLints/dict_16_192_64_0p5_0p02_0034_0009.uasset" 5388
"/Engine/EngineMaterials/Substrate/GLints/dict_16_192_64_0p5_0p02_0033_0007" 5389
"/Engine/EngineMaterials/Substrate/GLints/dict_16_192_64_0p5_0p02_0033_0006" 5390
"/Engine/EngineMaterials/Substrate/GLints/dict_16_192_64_0p5_0p02_0033_0005" 5391
"/Engine/EngineMaterials/Substrate/GLints/dict_16_192_64_0p5_0p02_0033_0004" 5392
"/Engine/EngineMaterials/Substrate/GLints/dict_16_192_64_0p5_0p02_0033_0003" 5393
"/Engine/EngineMaterials/Substrate/GLints/dict_16_192_64_0p5_0p02_0033_0002" 5394
"/Engine/EngineMaterials/Substrate/GLints/dict_16_192_64_0p5_0p02_0033_0001" 5395
"/Engine/EngineMaterials/Substrate/GLints/dict_16_192_64_0p5_0p02_0033_0000" 5396
"/Engine/EngineMaterials/Substrate/GLints/dict_16_192_64_0p5_0p02_0034_0001" 5397
"/Engine/EngineMaterials/Substrate/GLints/dict_16_192_64_0p5_0p02_0032_0014" 5398
"/Engine/EngineMaterials/Substrate/GLints/dict_16_192_64_0p5_0p02_0032_0013" 5399
"/Engine/EngineMaterials/Substrate/GLints/dict_16_192_64_0p5_0p02_0033_0014" 5400
"/Engine/EngineMaterials/Substrate/GLints/dict_16_192_64_0p5_0p02_0033_0013" 5401
"../../../Engine/Content/EngineMaterials/Substrate/GLints/dict_16_192_64_0p5_0p02_0034_0014.uasset" 5402
"../../../Engine/Content/EngineMaterials/Substrate/GLints/dict_16_192_64_0p5_0p02_0034_0015.uasset" 5403
"../../../Engine/Content/EngineMaterials/Substrate/GLints/dict_16_192_64_0p5_0p02_0035_0000.uasset" 5404
"../../../Engine/Content/EngineMaterials/Substrate/GLints/dict_16_192_64_0p5_0p02_0035_0001.uasset" 5405
"../../../Engine/Content/EngineMaterials/Substrate/GLints/dict_16_192_64_0p5_0p02_0035_0002.uasset" 5406
"../../../Engine/Content/EngineMaterials/Substrate/GLints/dict_16_192_64_0p5_0p02_0035_0003.uasset" 5407
"../../../Engine/Content/EngineMaterials/Substrate/GLints/dict_16_192_64_0p5_0p02_0035_0009.uasset" 5408
"../../../Engine/Content/EngineMaterials/Substrate/GLints/dict_16_192_64_0p5_0p02_0035_0012.uasset" 5409
"../../../Engine/Content/EngineMaterials/Substrate/GLints/dict_16_192_64_0p5_0p02_0035_0007.uasset" 5410
"../../../Engine/Content/EngineMaterials/Substrate/GLints/dict_16_192_64_0p5_0p02_0035_0011.uasset" 5411
"/Engine/EngineMaterials/Substrate/GLints/dict_16_192_64_0p5_0p02_0034_0013" 5412
"../../../Engine/Content/EngineMaterials/Substrate/GLints/dict_16_192_64_0p5_0p02_0035_0006.uasset" 5413
"../../../Engine/Content/EngineMaterials/Substrate/GLints/dict_16_192_64_0p5_0p02_0035_0010.uasset" 5414
"../../../Engine/Content/EngineMaterials/Substrate/GLints/dict_16_192_64_0p5_0p02_0035_0015.uasset" 5415
"../../../Engine/Content/EngineMaterials/Substrate/GLints/dict_16_192_64_0p5_0p02_0035_0004.uasset" 5416
"../../../Engine/Content/EngineMaterials/Substrate/GLints/dict_16_192_64_0p5_0p02_0035_0005.uasset" 5417
"../../../Engine/Content/EngineMaterials/Substrate/GLints/dict_16_192_64_0p5_0p02_0035_0008.uasset" 5418
"/Engine/EngineMaterials/Substrate/GLints/dict_16_192_64_0p5_0p02_0034_0012" 5419
"/Engine/EngineMaterials/Substrate/GLints/dict_16_192_64_0p5_0p02_0034_0011" 5420
"../../../Engine/Content/EngineMaterials/Substrate/GLints/dict_16_192_64_0p5_0p02_0035_0014.uasset" 5421
"../../../Engine/Content/EngineMaterials/Substrate/GLints/dict_16_192_64_0p5_0p02_0035_0013.uasset" 5422
"/Engine/EngineMaterials/Substrate/GLints/dict_16_192_64_0p5_0p02_0034_0010" 5423
"/Engine/EngineMaterials/Substrate/GLints/dict_16_192_64_0p5_0p02_0034_0009" 5424
"/Engine/EngineMaterials/Substrate/GLints/dict_16_192_64_0p5_0p02_0034_0008" 5425
"/Engine/EngineMaterials/Substrate/GLints/dict_16_192_64_0p5_0p02_0034_0007" 5426
"/Engine/EngineMaterials/Substrate/GLints/dict_16_192_64_0p5_0p02_0034_0006" 5427
"/Engine/EngineMaterials/Substrate/GLints/dict_16_192_64_0p5_0p02_0034_0005" 5428
"/Engine/EngineMaterials/Substrate/GLints/dict_16_192_64_0p5_0p02_0034_0004" 5429
"/Engine/EngineMaterials/Substrate/GLints/dict_16_192_64_0p5_0p02_0034_0003" 5430
"/Engine/EngineMaterials/Substrate/GLints/dict_16_192_64_0p5_0p02_0034_0002" 5431
"/Engine/EngineMaterials/Substrate/GLints/dict_16_192_64_0p5_0p02_0035_0000" 5432
"/Engine/EngineMaterials/Substrate/GLints/dict_16_192_64_0p5_0p02_0034_0000" 5433
"/Engine/EngineMaterials/Substrate/GLints/dict_16_192_64_0p5_0p02_0033_0015" 5434
"/Engine/EngineMaterials/Substrate/GLints/dict_16_192_64_0p5_0p02_0034_0015" 5435
"/Engine/EngineMaterials/Substrate/GLints/dict_16_192_64_0p5_0p02_0034_0014" 5436
"../../../Engine/Content/EngineMaterials/Substrate/GLints/dict_16_192_64_0p5_0p02_0036_0000.uasset" 5437
"../../../Engine/Content/EngineMaterials/Substrate/GLints/dict_16_192_64_0p5_0p02_0036_0001.uasset" 5438
"../../../Engine/Content/EngineMaterials/Substrate/GLints/dict_16_192_64_0p5_0p02_0036_0008.uasset" 5439
"../../../Engine/Content/EngineMaterials/Substrate/GLints/dict_16_192_64_0p5_0p02_0036_0012.uasset" 5440
"../../../Engine/Content/EngineMaterials/Substrate/GLints/dict_16_192_64_0p5_0p02_0036_0011.uasset" 5441
"../../../Engine/Content/EngineMaterials/Substrate/GLints/dict_16_192_64_0p5_0p02_0036_0013.uasset" 5442
"/Engine/EngineMaterials/Substrate/GLints/dict_16_192_64_0p5_0p02_0035_0015" 5443
"../../../Engine/Content/EngineMaterials/Substrate/GLints/dict_16_192_64_0p5_0p02_0036_0014.uasset" 5444
"../../../Engine/Content/EngineMaterials/Substrate/GLints/dict_16_192_64_0p5_0p02_0037_0000.uasset" 5445
"../../../Engine/Content/EngineMaterials/Substrate/GLints/dict_16_192_64_0p5_0p02_0036_0002.uasset" 5446
"../../../Engine/Content/EngineMaterials/Substrate/GLints/dict_16_192_64_0p5_0p02_0036_0003.uasset" 5447
"../../../Engine/Content/EngineMaterials/Substrate/GLints/dict_16_192_64_0p5_0p02_0036_0006.uasset" 5448
"../../../Engine/Content/EngineMaterials/Substrate/GLints/dict_16_192_64_0p5_0p02_0036_0004.uasset" 5449
"../../../Engine/Content/EngineMaterials/Substrate/GLints/dict_16_192_64_0p5_0p02_0036_0009.uasset" 5450
"../../../Engine/Content/EngineMaterials/Substrate/GLints/dict_16_192_64_0p5_0p02_0036_0005.uasset" 5451
"/Engine/EngineMaterials/Substrate/GLints/dict_16_192_64_0p5_0p02_0035_0014" 5452
"../../../Engine/Content/EngineMaterials/Substrate/GLints/dict_16_192_64_0p5_0p02_0036_0007.uasset" 5453
"../../../Engine/Content/EngineMaterials/Substrate/GLints/dict_16_192_64_0p5_0p02_0036_0010.uasset" 5454
"/Engine/EngineMaterials/Substrate/GLints/dict_16_192_64_0p5_0p02_0035_0013" 5455
"../../../Engine/Content/EngineMaterials/Substrate/GLints/dict_16_192_64_0p5_0p02_0036_0015.uasset" 5456
"/Engine/EngineMaterials/Substrate/GLints/dict_16_192_64_0p5_0p02_0035_0012" 5457
"/Engine/EngineMaterials/Substrate/GLints/dict_16_192_64_0p5_0p02_0035_0011" 5458
"/Engine/EngineMaterials/Substrate/GLints/dict_16_192_64_0p5_0p02_0035_0010" 5459
"/Engine/EngineMaterials/Substrate/GLints/dict_16_192_64_0p5_0p02_0035_0009" 5460
"/Engine/EngineMaterials/Substrate/GLints/dict_16_192_64_0p5_0p02_0035_0008" 5461
"/Engine/EngineMaterials/Substrate/GLints/dict_16_192_64_0p5_0p02_0035_0007" 5462
"/Engine/EngineMaterials/Substrate/GLints/dict_16_192_64_0p5_0p02_0035_0006" 5463
"/Engine/EngineMaterials/Substrate/GLints/dict_16_192_64_0p5_0p02_0035_0005" 5464
"/Engine/EngineMaterials/Substrate/GLints/dict_16_192_64_0p5_0p02_0035_0004" 5465
"/Engine/EngineMaterials/Substrate/GLints/dict_16_192_64_0p5_0p02_0035_0003" 5466
"/Engine/EngineMaterials/Substrate/GLints/dict_16_192_64_0p5_0p02_0035_0002" 5467
"/Engine/EngineMaterials/Substrate/GLints/dict_16_192_64_0p5_0p02_0035_0001" 5468
"/Engine/EngineMaterials/Substrate/GLints/dict_16_192_64_0p5_0p02_0036_0001" 5469
"/Engine/EngineMaterials/Substrate/GLints/dict_16_192_64_0p5_0p02_0036_0000" 5470
"../../../Engine/Content/EngineMaterials/Substrate/GLints/dict_16_192_64_0p5_0p02_0037_0004.uasset" 5471
"../../../Engine/Content/EngineMaterials/Substrate/GLints/dict_16_192_64_0p5_0p02_0037_0002.uasset" 5472
"../../../Engine/Content/EngineMaterials/Substrate/GLints/dict_16_192_64_0p5_0p02_0037_0008.uasset" 5473
"../../../Engine/Content/EngineMaterials/Substrate/GLints/dict_16_192_64_0p5_0p02_0037_0007.uasset" 5474
"../../../Engine/Content/EngineMaterials/Substrate/GLints/dict_16_192_64_0p5_0p02_0037_0005.uasset" 5475
"../../../Engine/Content/EngineMaterials/Substrate/GLints/dict_16_192_64_0p5_0p02_0037_0013.uasset" 5476
"../../../Engine/Content/EngineMaterials/Substrate/GLints/dict_16_192_64_0p5_0p02_0038_0000.uasset" 5477
"/Engine/EngineMaterials/Substrate/GLints/dict_16_192_64_0p5_0p02_0037_0000" 5478
"../../../Engine/Content/EngineMaterials/Substrate/GLints/dict_16_192_64_0p5_0p02_0038_0001.uasset" 5479
"../../../Engine/Content/EngineMaterials/Substrate/GLints/dict_16_192_64_0p5_0p02_0037_0014.uasset" 5480
"../../../Engine/Content/EngineMaterials/Substrate/GLints/dict_16_192_64_0p5_0p02_0037_0015.uasset" 5481
"/Engine/EngineMaterials/Substrate/GLints/dict_16_192_64_0p5_0p02_0036_0015" 5482
"../../../Engine/Content/EngineMaterials/Substrate/GLints/dict_16_192_64_0p5_0p02_0037_0009.uasset" 5483
"../../../Engine/Content/EngineMaterials/Substrate/GLints/dict_16_192_64_0p5_0p02_0037_0006.uasset" 5484
"../../../Engine/Content/EngineMaterials/Substrate/GLints/dict_16_192_64_0p5_0p02_0037_0003.uasset" 5485
"../../../Engine/Content/EngineMaterials/Substrate/GLints/dict_16_192_64_0p5_0p02_0037_0001.uasset" 5486
"../../../Engine/Content/EngineMaterials/Substrate/GLints/dict_16_192_64_0p5_0p02_0037_0010.uasset" 5487
"../../../Engine/Content/EngineMaterials/Substrate/GLints/dict_16_192_64_0p5_0p02_0037_0011.uasset" 5488
"/Engine/EngineMaterials/Substrate/GLints/dict_16_192_64_0p5_0p02_0036_0014" 5489
"../../../Engine/Content/EngineMaterials/Substrate/GLints/dict_16_192_64_0p5_0p02_0037_0012.uasset" 5490
"/Engine/EngineMaterials/Substrate/GLints/dict_16_192_64_0p5_0p02_0036_0013" 5491
"/Engine/EngineMaterials/Substrate/GLints/dict_16_192_64_0p5_0p02_0036_0012" 5492
"/Engine/EngineMaterials/Substrate/GLints/dict_16_192_64_0p5_0p02_0036_0011" 5493
"/Engine/EngineMaterials/Substrate/GLints/dict_16_192_64_0p5_0p02_0036_0010" 5494
"/Engine/EngineMaterials/Substrate/GLints/dict_16_192_64_0p5_0p02_0036_0009" 5495
"/Engine/EngineMaterials/Substrate/GLints/dict_16_192_64_0p5_0p02_0036_0008" 5496
"/Engine/EngineMaterials/Substrate/GLints/dict_16_192_64_0p5_0p02_0036_0007" 5497
"/Engine/EngineMaterials/Substrate/GLints/dict_16_192_64_0p5_0p02_0036_0006" 5498
"/Engine/EngineMaterials/Substrate/GLints/dict_16_192_64_0p5_0p02_0036_0005" 5499
"/Engine/EngineMaterials/Substrate/GLints/dict_16_192_64_0p5_0p02_0037_0004" 5500
"/Engine/EngineMaterials/Substrate/GLints/dict_16_192_64_0p5_0p02_0036_0004" 5501
"/Engine/EngineMaterials/Substrate/GLints/dict_16_192_64_0p5_0p02_0036_0003" 5502
"/Engine/EngineMaterials/Substrate/GLints/dict_16_192_64_0p5_0p02_0036_0002" 5503
"/Engine/EngineMaterials/Substrate/GLints/dict_16_192_64_0p5_0p02_0037_0002" 5504
"../../../Engine/Content/EngineMaterials/Substrate/GLints/dict_16_192_64_0p5_0p02_0038_0003.uasset" 5505
"../../../Engine/Content/EngineMaterials/Substrate/GLints/dict_16_192_64_0p5_0p02_0038_0006.uasset" 5506
"../../../Engine/Content/EngineMaterials/Substrate/GLints/dict_16_192_64_0p5_0p02_0038_0012.uasset" 5507
"../../../Engine/Content/EngineMaterials/Substrate/GLints/dict_16_192_64_0p5_0p02_0038_0014.uasset" 5508
"../../../Engine/Content/EngineMaterials/Substrate/GLints/dict_16_192_64_0p5_0p02_0038_0011.uasset" 5509
"../../../Engine/Content/EngineMaterials/Substrate/GLints/dict_16_192_64_0p5_0p02_0038_0013.uasset" 5510
"../../../Engine/Content/EngineMaterials/Substrate/GLints/dict_16_192_64_0p5_0p02_0039_0001.uasset" 5511
"../../../Engine/Content/EngineMaterials/Substrate/GLints/dict_16_192_64_0p5_0p02_0038_0004.uasset" 5512
"../../../Engine/Content/EngineMaterials/Substrate/GLints/dict_16_192_64_0p5_0p02_0039_0000.uasset" 5513
"../../../Engine/Content/EngineMaterials/Substrate/GLints/dict_16_192_64_0p5_0p02_0038_0007.uasset" 5514
"../../../Engine/Content/EngineMaterials/Substrate/GLints/dict_16_192_64_0p5_0p02_0038_0009.uasset" 5515
"../../../Engine/Content/EngineMaterials/Substrate/GLints/dict_16_192_64_0p5_0p02_0038_0008.uasset" 5516
"../../../Engine/Content/EngineMaterials/Substrate/GLints/dict_16_192_64_0p5_0p02_0038_0015.uasset" 5517
"../../../Engine/Content/EngineMaterials/Substrate/GLints/dict_16_192_64_0p5_0p02_0039_0002.uasset" 5518
"/Engine/EngineMaterials/Substrate/GLints/dict_16_192_64_0p5_0p02_0038_0001" 5519
"../../../Engine/Content/EngineMaterials/Substrate/GLints/dict_16_192_64_0p5_0p02_0038_0010.uasset" 5520
"../../../Engine/Content/EngineMaterials/Substrate/GLints/dict_16_192_64_0p5_0p02_0038_0002.uasset" 5521
"/Engine/EngineMaterials/Substrate/GLints/dict_16_192_64_0p5_0p02_0038_0000" 5522
"../../../Engine/Content/EngineMaterials/Substrate/GLints/dict_16_192_64_0p5_0p02_0038_0005.uasset" 5523
"/Engine/EngineMaterials/Substrate/GLints/dict_16_192_64_0p5_0p02_0037_0015" 5524
"/Engine/EngineMaterials/Substrate/GLints/dict_16_192_64_0p5_0p02_0037_0014" 5525
"/Engine/EngineMaterials/Substrate/GLints/dict_16_192_64_0p5_0p02_0037_0013" 5526
"/Engine/EngineMaterials/Substrate/GLints/dict_16_192_64_0p5_0p02_0037_0012" 5527
"/Engine/EngineMaterials/Substrate/GLints/dict_16_192_64_0p5_0p02_0037_0011" 5528
"/Engine/EngineMaterials/Substrate/GLints/dict_16_192_64_0p5_0p02_0037_0010" 5529
"/Engine/EngineMaterials/Substrate/GLints/dict_16_192_64_0p5_0p02_0037_0009" 5530
"/Engine/EngineMaterials/Substrate/GLints/dict_16_192_64_0p5_0p02_0038_0011" 5531
"/Engine/EngineMaterials/Substrate/GLints/dict_16_192_64_0p5_0p02_0037_0008" 5532
"/Engine/EngineMaterials/Substrate/GLints/dict_16_192_64_0p5_0p02_0037_0007" 5533
"/Engine/EngineMaterials/Substrate/GLints/dict_16_192_64_0p5_0p02_0037_0006" 5534
"/Engine/EngineMaterials/Substrate/GLints/dict_16_192_64_0p5_0p02_0037_0005" 5535
"/Engine/EngineMaterials/Substrate/GLints/dict_16_192_64_0p5_0p02_0038_0006" 5536
"/Engine/EngineMaterials/Substrate/GLints/dict_16_192_64_0p5_0p02_0037_0003" 5537
"/Engine/EngineMaterials/Substrate/GLints/dict_16_192_64_0p5_0p02_0038_0003" 5538
"/Engine/EngineMaterials/Substrate/GLints/dict_16_192_64_0p5_0p02_0037_0001" 5539
"../../../Engine/Content/EngineMaterials/Substrate/GLints/dict_16_192_64_0p5_0p02_0039_0005.uasset" 5540
"../../../Engine/Content/EngineMaterials/Substrate/GLints/dict_16_192_64_0p5_0p02_0039_0004.uasset" 5541
"../../../Engine/Content/EngineMaterials/Substrate/GLints/dict_16_192_64_0p5_0p02_0039_0006.uasset" 5542
"../../../Engine/Content/EngineMaterials/Substrate/GLints/dict_16_192_64_0p5_0p02_0039_0003.uasset" 5543
"../../../Engine/Content/EngineMaterials/Substrate/GLints/dict_16_192_64_0p5_0p02_0039_0010.uasset" 5544
"../../../Engine/Content/EngineMaterials/Substrate/GLints/dict_16_192_64_0p5_0p02_0039_0012.uasset" 5545
"../../../Engine/Content/EngineMaterials/Substrate/GLints/dict_16_192_64_0p5_0p02_0039_0013.uasset" 5546
"../../../Engine/Content/EngineMaterials/Substrate/GLints/dict_16_192_64_0p5_0p02_0040_0000.uasset" 5547
"../../../Engine/Content/EngineMaterials/Substrate/GLints/dict_16_192_64_0p5_0p02_0039_0007.uasset" 5548
"../../../Engine/Content/EngineMaterials/Substrate/GLints/dict_16_192_64_0p5_0p02_0039_0014.uasset" 5549
"../../../Engine/Content/EngineMaterials/Substrate/GLints/dict_16_192_64_0p5_0p02_0039_0008.uasset" 5550
"../../../Engine/Content/EngineMaterials/Substrate/GLints/dict_16_192_64_0p5_0p02_0040_0001.uasset" 5551
"../../../Engine/Content/EngineMaterials/Substrate/GLints/dict_16_192_64_0p5_0p02_0039_0009.uasset" 5552
"/Engine/EngineMaterials/Substrate/GLints/dict_16_192_64_0p5_0p02_0039_0002" 5553
"../../../Engine/Content/EngineMaterials/Substrate/GLints/dict_16_192_64_0p5_0p02_0040_0002.uasset" 5554
"../../../Engine/Content/EngineMaterials/Substrate/GLints/dict_16_192_64_0p5_0p02_0039_0011.uasset" 5555
"../../../Engine/Content/EngineMaterials/Substrate/GLints/dict_16_192_64_0p5_0p02_0039_0015.uasset" 5556
"../../../Engine/Content/EngineMaterials/Substrate/GLints/dict_16_192_64_0p5_0p02_0040_0003.uasset" 5557
"../../../Engine/Content/EngineMaterials/Substrate/GLints/dict_16_192_64_0p5_0p02_0040_0004.uasset" 5558
"/Engine/EngineMaterials/Substrate/GLints/dict_16_192_64_0p5_0p02_0039_0001" 5559
"/Engine/EngineMaterials/Substrate/GLints/dict_16_192_64_0p5_0p02_0039_0000" 5560
"/Engine/EngineMaterials/Substrate/GLints/dict_16_192_64_0p5_0p02_0038_0015" 5561
"/Engine/EngineMaterials/Substrate/GLints/dict_16_192_64_0p5_0p02_0038_0014" 5562
"/Engine/EngineMaterials/Substrate/GLints/dict_16_192_64_0p5_0p02_0038_0013" 5563
"/Engine/EngineMaterials/Substrate/GLints/dict_16_192_64_0p5_0p02_0038_0012" 5564
"/Engine/EngineMaterials/Substrate/GLints/dict_16_192_64_0p5_0p02_0039_0012" 5565
"/Engine/EngineMaterials/Substrate/GLints/dict_16_192_64_0p5_0p02_0038_0010" 5566
"/Engine/EngineMaterials/Substrate/GLints/dict_16_192_64_0p5_0p02_0039_0010" 5567
"/Engine/EngineMaterials/Substrate/GLints/dict_16_192_64_0p5_0p02_0038_0009" 5568
"/Engine/EngineMaterials/Substrate/GLints/dict_16_192_64_0p5_0p02_0038_0008" 5569
"/Engine/EngineMaterials/Substrate/GLints/dict_16_192_64_0p5_0p02_0038_0007" 5570
"/Engine/EngineMaterials/Substrate/GLints/dict_16_192_64_0p5_0p02_0039_0006" 5571
"/Engine/EngineMaterials/Substrate/GLints/dict_16_192_64_0p5_0p02_0039_0005" 5572
"/Engine/EngineMaterials/Substrate/GLints/dict_16_192_64_0p5_0p02_0038_0005" 5573
"/Engine/EngineMaterials/Substrate/GLints/dict_16_192_64_0p5_0p02_0038_0004" 5574
"/Engine/EngineMaterials/Substrate/GLints/dict_16_192_64_0p5_0p02_0039_0004" 5575
"/Engine/EngineMaterials/Substrate/GLints/dict_16_192_64_0p5_0p02_0038_0002" 5576
"/Engine/EngineMaterials/Substrate/GLints/dict_16_192_64_0p5_0p02_0039_0003" 5577
"../../../Engine/Content/EngineMaterials/Substrate/GLints/dict_16_192_64_0p5_0p02_0040_0005.uasset" 5578
"../../../Engine/Content/EngineMaterials/Substrate/GLints/dict_16_192_64_0p5_0p02_0040_0006.uasset" 5579
"../../../Engine/Content/EngineMaterials/Substrate/GLints/dict_16_192_64_0p5_0p02_0040_0007.uasset" 5580
"../../../Engine/Content/EngineMaterials/Substrate/GLints/dict_16_192_64_0p5_0p02_0040_0012.uasset" 5581
"../../../Engine/Content/EngineMaterials/Substrate/GLints/dict_16_192_64_0p5_0p02_0040_0015.uasset" 5582
"../../../Engine/Content/EngineMaterials/Substrate/GLints/dict_16_192_64_0p5_0p02_0041_0000.uasset" 5583
"../../../Engine/Content/EngineMaterials/Substrate/GLints/dict_16_192_64_0p5_0p02_0041_0001.uasset" 5584
"../../../Engine/Content/EngineMaterials/Substrate/GLints/dict_16_192_64_0p5_0p02_0041_0003.uasset" 5585
"../../../Engine/Content/EngineMaterials/Substrate/GLints/dict_16_192_64_0p5_0p02_0040_0010.uasset" 5586
"../../../Engine/Content/EngineMaterials/Substrate/GLints/dict_16_192_64_0p5_0p02_0041_0004.uasset" 5587
"../../../Engine/Content/EngineMaterials/Substrate/GLints/dict_16_192_64_0p5_0p02_0041_0006.uasset" 5588
"../../../Engine/Content/EngineMaterials/Substrate/GLints/dict_16_192_64_0p5_0p02_0040_0008.uasset" 5589
"../../../Engine/Content/EngineMaterials/Substrate/GLints/dict_16_192_64_0p5_0p02_0040_0014.uasset" 5590
"../../../Engine/Content/EngineMaterials/Substrate/GLints/dict_16_192_64_0p5_0p02_0041_0002.uasset" 5591
"/Engine/EngineMaterials/Substrate/GLints/dict_16_192_64_0p5_0p02_0040_0004" 5592
"../../../Engine/Content/EngineMaterials/Substrate/GLints/dict_16_192_64_0p5_0p02_0040_0013.uasset" 5593
"/Engine/EngineMaterials/Substrate/GLints/dict_16_192_64_0p5_0p02_0040_0003" 5594
"/Engine/EngineMaterials/Substrate/GLints/dict_16_192_64_0p5_0p02_0040_0002" 5595
"../../../Engine/Content/EngineMaterials/Substrate/GLints/dict_16_192_64_0p5_0p02_0040_0011.uasset" 5596
"../../../Engine/Content/EngineMaterials/Substrate/GLints/dict_16_192_64_0p5_0p02_0040_0009.uasset" 5597
"../../../Engine/Content/EngineMaterials/Substrate/GLints/dict_16_192_64_0p5_0p02_0041_0008.uasset" 5598
"../../../Engine/Content/EngineMaterials/Substrate/GLints/dict_16_192_64_0p5_0p02_0041_0005.uasset" 5599
"../../../Engine/Content/EngineMaterials/Substrate/GLints/dict_16_192_64_0p5_0p02_0041_0007.uasset" 5600
"/Engine/EngineMaterials/Substrate/GLints/dict_16_192_64_0p5_0p02_0040_0001" 5601
"/Engine/EngineMaterials/Substrate/GLints/dict_16_192_64_0p5_0p02_0040_0000" 5602
"/Engine/EngineMaterials/Substrate/GLints/dict_16_192_64_0p5_0p02_0039_0015" 5603
"/Engine/EngineMaterials/Substrate/GLints/dict_16_192_64_0p5_0p02_0039_0014" 5604
"/Engine/EngineMaterials/Substrate/GLints/dict_16_192_64_0p5_0p02_0039_0013" 5605
"/Engine/EngineMaterials/Substrate/GLints/dict_16_192_64_0p5_0p02_0039_0011" 5606
"/Engine/EngineMaterials/Substrate/GLints/dict_16_192_64_0p5_0p02_0039_0009" 5607
"/Engine/EngineMaterials/Substrate/GLints/dict_16_192_64_0p5_0p02_0039_0008" 5608
"/Engine/EngineMaterials/Substrate/GLints/dict_16_192_64_0p5_0p02_0039_0007" 5609
"/Engine/EngineMaterials/Substrate/GLints/dict_16_192_64_0p5_0p02_0040_0012" 5610
"/Engine/EngineMaterials/Substrate/GLints/dict_16_192_64_0p5_0p02_0040_0007" 5611
"/Engine/EngineMaterials/Substrate/GLints/dict_16_192_64_0p5_0p02_0040_0006" 5612
"/Engine/EngineMaterials/Substrate/GLints/dict_16_192_64_0p5_0p02_0040_0005" 5613
"../../../Engine/Content/EngineMaterials/Substrate/GLints/dict_16_192_64_0p5_0p02_0041_0010.uasset" 5614
"../../../Engine/Content/EngineMaterials/Substrate/GLints/dict_16_192_64_0p5_0p02_0041_0012.uasset" 5615
"../../../Engine/Content/EngineMaterials/Substrate/GLints/dict_16_192_64_0p5_0p02_0042_0000.uasset" 5616
"../../../Engine/Content/EngineMaterials/Substrate/GLints/dict_16_192_64_0p5_0p02_0041_0014.uasset" 5617
"../../../Engine/Content/EngineMaterials/Substrate/GLints/dict_16_192_64_0p5_0p02_0041_0009.uasset" 5618
"../../../Engine/Content/EngineMaterials/Substrate/GLints/dict_16_192_64_0p5_0p02_0042_0008.uasset" 5619
"/Engine/EngineMaterials/Substrate/GLints/dict_16_192_64_0p5_0p02_0041_0008" 5620
"../../../Engine/Content/EngineMaterials/Substrate/GLints/dict_16_192_64_0p5_0p02_0041_0013.uasset" 5621
"../../../Engine/Content/EngineMaterials/Substrate/GLints/dict_16_192_64_0p5_0p02_0042_0007.uasset" 5622
"../../../Engine/Content/EngineMaterials/Substrate/GLints/dict_16_192_64_0p5_0p02_0042_0003.uasset" 5623
"../../../Engine/Content/EngineMaterials/Substrate/GLints/dict_16_192_64_0p5_0p02_0042_0002.uasset" 5624
"../../../Engine/Content/EngineMaterials/Substrate/GLints/dict_16_192_64_0p5_0p02_0041_0011.uasset" 5625
"../../../Engine/Content/EngineMaterials/Substrate/GLints/dict_16_192_64_0p5_0p02_0042_0004.uasset" 5626
"../../../Engine/Content/EngineMaterials/Substrate/GLints/dict_16_192_64_0p5_0p02_0042_0006.uasset" 5627
"/Engine/EngineMaterials/Substrate/GLints/dict_16_192_64_0p5_0p02_0041_0007" 5628
"/Engine/EngineMaterials/Substrate/GLints/dict_16_192_64_0p5_0p02_0041_0006" 5629
"../../../Engine/Content/EngineMaterials/Substrate/GLints/dict_16_192_64_0p5_0p02_0042_0001.uasset" 5630
"../../../Engine/Content/EngineMaterials/Substrate/GLints/dict_16_192_64_0p5_0p02_0042_0005.uasset" 5631
"../../../Engine/Content/EngineMaterials/Substrate/GLints/dict_16_192_64_0p5_0p02_0041_0015.uasset" 5632
"/Engine/EngineMaterials/Substrate/GLints/dict_16_192_64_0p5_0p02_0041_0005" 5633
"/Engine/EngineMaterials/Substrate/GLints/dict_16_192_64_0p5_0p02_0041_0004" 5634
"/Engine/EngineMaterials/Substrate/GLints/dict_16_192_64_0p5_0p02_0041_0003" 5635
"/Engine/EngineMaterials/Substrate/GLints/dict_16_192_64_0p5_0p02_0041_0002" 5636
"/Engine/EngineMaterials/Substrate/GLints/dict_16_192_64_0p5_0p02_0041_0001" 5637
"/Engine/EngineMaterials/Substrate/GLints/dict_16_192_64_0p5_0p02_0041_0000" 5638
"/Engine/EngineMaterials/Substrate/GLints/dict_16_192_64_0p5_0p02_0040_0015" 5639
"/Engine/EngineMaterials/Substrate/GLints/dict_16_192_64_0p5_0p02_0040_0014" 5640
"/Engine/EngineMaterials/Substrate/GLints/dict_16_192_64_0p5_0p02_0040_0013" 5641
"/Engine/EngineMaterials/Substrate/GLints/dict_16_192_64_0p5_0p02_0040_0011" 5642
"/Engine/EngineMaterials/Substrate/GLints/dict_16_192_64_0p5_0p02_0040_0010" 5643
"/Engine/EngineMaterials/Substrate/GLints/dict_16_192_64_0p5_0p02_0040_0009" 5644
"/Engine/EngineMaterials/Substrate/GLints/dict_16_192_64_0p5_0p02_0040_0008" 5645
"/Engine/EngineMaterials/Substrate/GLints/dict_16_192_64_0p5_0p02_0041_0010" 5646
"../../../Engine/Content/EngineMaterials/Substrate/GLints/dict_16_192_64_0p5_0p02_0042_0013.uasset" 5647
"../../../Engine/Content/EngineMaterials/Substrate/GLints/dict_16_192_64_0p5_0p02_0042_0009.uasset" 5648
"../../../Engine/Content/EngineMaterials/Substrate/GLints/dict_16_192_64_0p5_0p02_0042_0010.uasset" 5649
"../../../Engine/Content/EngineMaterials/Substrate/GLints/dict_16_192_64_0p5_0p02_0043_0001.uasset" 5650
"../../../Engine/Content/EngineMaterials/Substrate/GLints/dict_16_192_64_0p5_0p02_0043_0004.uasset" 5651
"/Engine/EngineMaterials/Substrate/GLints/dict_16_192_64_0p5_0p02_0042_0008" 5652
"../../../Engine/Content/EngineMaterials/Substrate/GLints/dict_16_192_64_0p5_0p02_0043_0002.uasset" 5653
"../../../Engine/Content/EngineMaterials/Substrate/GLints/dict_16_192_64_0p5_0p02_0042_0014.uasset" 5654
"../../../Engine/Content/EngineMaterials/Substrate/GLints/dict_16_192_64_0p5_0p02_0043_0006.uasset" 5655
"../../../Engine/Content/EngineMaterials/Substrate/GLints/dict_16_192_64_0p5_0p02_0043_0009.uasset" 5656
"../../../Engine/Content/EngineMaterials/Substrate/GLints/dict_16_192_64_0p5_0p02_0043_0000.uasset" 5657
"../../../Engine/Content/EngineMaterials/Substrate/GLints/dict_16_192_64_0p5_0p02_0043_0003.uasset" 5658
"../../../Engine/Content/EngineMaterials/Substrate/GLints/dict_16_192_64_0p5_0p02_0042_0011.uasset" 5659
"../../../Engine/Content/EngineMaterials/Substrate/GLints/dict_16_192_64_0p5_0p02_0042_0015.uasset" 5660
"../../../Engine/Content/EngineMaterials/Substrate/GLints/dict_16_192_64_0p5_0p02_0043_0007.uasset" 5661
"../../../Engine/Content/EngineMaterials/Substrate/GLints/dict_16_192_64_0p5_0p02_0042_0012.uasset" 5662
"../../../Engine/Content/EngineMaterials/Substrate/GLints/dict_16_192_64_0p5_0p02_0043_0008.uasset" 5663
"../../../Engine/Content/EngineMaterials/Substrate/GLints/dict_16_192_64_0p5_0p02_0043_0005.uasset" 5664
"/Engine/EngineMaterials/Substrate/GLints/dict_16_192_64_0p5_0p02_0042_0007" 5665
"/Engine/EngineMaterials/Substrate/GLints/dict_16_192_64_0p5_0p02_0042_0006" 5666
"/Engine/EngineMaterials/Substrate/GLints/dict_16_192_64_0p5_0p02_0042_0005" 5667
"/Engine/EngineMaterials/Substrate/GLints/dict_16_192_64_0p5_0p02_0042_0004" 5668
"/Engine/EngineMaterials/Substrate/GLints/dict_16_192_64_0p5_0p02_0042_0003" 5669
"/Engine/EngineMaterials/Substrate/GLints/dict_16_192_64_0p5_0p02_0042_0002" 5670
"/Engine/EngineMaterials/Substrate/GLints/dict_16_192_64_0p5_0p02_0042_0001" 5671
"/Engine/EngineMaterials/Substrate/GLints/dict_16_192_64_0p5_0p02_0042_0000" 5672
"/Engine/EngineMaterials/Substrate/GLints/dict_16_192_64_0p5_0p02_0041_0015" 5673
"/Engine/EngineMaterials/Substrate/GLints/dict_16_192_64_0p5_0p02_0041_0014" 5674
"/Engine/EngineMaterials/Substrate/GLints/dict_16_192_64_0p5_0p02_0041_0013" 5675
"/Engine/EngineMaterials/Substrate/GLints/dict_16_192_64_0p5_0p02_0041_0012" 5676
"/Engine/EngineMaterials/Substrate/GLints/dict_16_192_64_0p5_0p02_0042_0013" 5677
"/Engine/EngineMaterials/Substrate/GLints/dict_16_192_64_0p5_0p02_0041_0011" 5678
"/Engine/EngineMaterials/Substrate/GLints/dict_16_192_64_0p5_0p02_0041_0009" 5679
"../../../Engine/Content/EngineMaterials/Substrate/GLints/dict_16_192_64_0p5_0p02_0043_0010.uasset" 5680
"../../../Engine/Content/EngineMaterials/Substrate/GLints/dict_16_192_64_0p5_0p02_0043_0013.uasset" 5681
"../../../Engine/Content/EngineMaterials/Substrate/GLints/dict_16_192_64_0p5_0p02_0043_0012.uasset" 5682
"../../../Engine/Content/EngineMaterials/Substrate/GLints/dict_16_192_64_0p5_0p02_0044_0004.uasset" 5683
"../../../Engine/Content/EngineMaterials/Substrate/GLints/dict_16_192_64_0p5_0p02_0044_0007.uasset" 5684
"../../../Engine/Content/EngineMaterials/Substrate/GLints/dict_16_192_64_0p5_0p02_0043_0015.uasset" 5685
"/Engine/EngineMaterials/Substrate/GLints/dict_16_192_64_0p5_0p02_0043_0009" 5686
"../../../Engine/Content/EngineMaterials/Substrate/GLints/dict_16_192_64_0p5_0p02_0044_0001.uasset" 5687
"../../../Engine/Content/EngineMaterials/Substrate/GLints/dict_16_192_64_0p5_0p02_0044_0008.uasset" 5688
"../../../Engine/Content/EngineMaterials/Substrate/GLints/dict_16_192_64_0p5_0p02_0044_0005.uasset" 5689
"../../../Engine/Content/EngineMaterials/Substrate/GLints/dict_16_192_64_0p5_0p02_0044_0006.uasset" 5690
"../../../Engine/Content/EngineMaterials/Substrate/GLints/dict_16_192_64_0p5_0p02_0044_0009.uasset" 5691
"../../../Engine/Content/EngineMaterials/Substrate/GLints/dict_16_192_64_0p5_0p02_0044_0000.uasset" 5692
"/Engine/EngineMaterials/Substrate/GLints/dict_16_192_64_0p5_0p02_0043_0008" 5693
"/Engine/EngineMaterials/Substrate/GLints/dict_16_192_64_0p5_0p02_0043_0007" 5694
"../../../Engine/Content/EngineMaterials/Substrate/GLints/dict_16_192_64_0p5_0p02_0044_0002.uasset" 5695
"../../../Engine/Content/EngineMaterials/Substrate/GLints/dict_16_192_64_0p5_0p02_0043_0011.uasset" 5696
"../../../Engine/Content/EngineMaterials/Substrate/GLints/dict_16_192_64_0p5_0p02_0044_0003.uasset" 5697
"../../../Engine/Content/EngineMaterials/Substrate/GLints/dict_16_192_64_0p5_0p02_0043_0014.uasset" 5698
"/Engine/EngineMaterials/Substrate/GLints/dict_16_192_64_0p5_0p02_0043_0006" 5699
"/Engine/EngineMaterials/Substrate/GLints/dict_16_192_64_0p5_0p02_0043_0005" 5700
"/Engine/EngineMaterials/Substrate/GLints/dict_16_192_64_0p5_0p02_0043_0004" 5701
"/Engine/EngineMaterials/Substrate/GLints/dict_16_192_64_0p5_0p02_0043_0003" 5702
"/Engine/EngineMaterials/Substrate/GLints/dict_16_192_64_0p5_0p02_0043_0002" 5703
"/Engine/EngineMaterials/Substrate/GLints/dict_16_192_64_0p5_0p02_0043_0001" 5704
"/Engine/EngineMaterials/Substrate/GLints/dict_16_192_64_0p5_0p02_0043_0000" 5705
"/Engine/EngineMaterials/Substrate/GLints/dict_16_192_64_0p5_0p02_0042_0015" 5706
"/Engine/EngineMaterials/Substrate/GLints/dict_16_192_64_0p5_0p02_0042_0014" 5707
"/Engine/EngineMaterials/Substrate/GLints/dict_16_192_64_0p5_0p02_0042_0012" 5708
"/Engine/EngineMaterials/Substrate/GLints/dict_16_192_64_0p5_0p02_0042_0011" 5709
"/Engine/EngineMaterials/Substrate/GLints/dict_16_192_64_0p5_0p02_0042_0010" 5710
"/Engine/EngineMaterials/Substrate/GLints/dict_16_192_64_0p5_0p02_0042_0009" 5711
"/Engine/EngineMaterials/Substrate/GLints/dict_16_192_64_0p5_0p02_0043_0010" 5712
"../../../Engine/Content/EngineMaterials/Substrate/GLints/dict_16_192_64_0p5_0p02_0044_0010.uasset" 5713
"../../../Engine/Content/EngineMaterials/Substrate/GLints/dict_16_192_64_0p5_0p02_0044_0013.uasset" 5714
"../../../Engine/Content/EngineMaterials/Substrate/GLints/dict_16_192_64_0p5_0p02_0044_0015.uasset" 5715
"../../../Engine/Content/EngineMaterials/Substrate/GLints/dict_16_192_64_0p5_0p02_0045_0001.uasset" 5716
"../../../Engine/Content/EngineMaterials/Substrate/GLints/dict_16_192_64_0p5_0p02_0045_0002.uasset" 5717
"../../../Engine/Content/EngineMaterials/Substrate/GLints/dict_16_192_64_0p5_0p02_0045_0000.uasset" 5718
"../../../Engine/Content/EngineMaterials/Substrate/GLints/dict_16_192_64_0p5_0p02_0045_0006.uasset" 5719
"../../../Engine/Content/EngineMaterials/Substrate/GLints/dict_16_192_64_0p5_0p02_0045_0007.uasset" 5720
"../../../Engine/Content/EngineMaterials/Substrate/GLints/dict_16_192_64_0p5_0p02_0045_0005.uasset" 5721
"../../../Engine/Content/EngineMaterials/Substrate/GLints/dict_16_192_64_0p5_0p02_0044_0011.uasset" 5722
"../../../Engine/Content/EngineMaterials/Substrate/GLints/dict_16_192_64_0p5_0p02_0045_0008.uasset" 5723
"/Engine/EngineMaterials/Substrate/GLints/dict_16_192_64_0p5_0p02_0044_0009" 5724
"../../../Engine/Content/EngineMaterials/Substrate/GLints/dict_16_192_64_0p5_0p02_0044_0014.uasset" 5725
"../../../Engine/Content/EngineMaterials/Substrate/GLints/dict_16_192_64_0p5_0p02_0045_0003.uasset" 5726
"../../../Engine/Content/EngineMaterials/Substrate/GLints/dict_16_192_64_0p5_0p02_0045_0009.uasset" 5727
"/Engine/EngineMaterials/Substrate/GLints/dict_16_192_64_0p5_0p02_0044_0008" 5728
"/Engine/EngineMaterials/Substrate/GLints/dict_16_192_64_0p5_0p02_0044_0007" 5729
"../../../Engine/Content/EngineMaterials/Substrate/GLints/dict_16_192_64_0p5_0p02_0045_0004.uasset" 5730
"../../../Engine/Content/EngineMaterials/Substrate/GLints/dict_16_192_64_0p5_0p02_0045_0010.uasset" 5731
"../../../Engine/Content/EngineMaterials/Substrate/GLints/dict_16_192_64_0p5_0p02_0044_0012.uasset" 5732
"/Engine/EngineMaterials/Substrate/GLints/dict_16_192_64_0p5_0p02_0044_0006" 5733
"/Engine/EngineMaterials/Substrate/GLints/dict_16_192_64_0p5_0p02_0044_0005" 5734
"/Engine/EngineMaterials/Substrate/GLints/dict_16_192_64_0p5_0p02_0044_0004" 5735
"/Engine/EngineMaterials/Substrate/GLints/dict_16_192_64_0p5_0p02_0044_0003" 5736
"/Engine/EngineMaterials/Substrate/GLints/dict_16_192_64_0p5_0p02_0044_0002" 5737
"/Engine/EngineMaterials/Substrate/GLints/dict_16_192_64_0p5_0p02_0044_0001" 5738
"/Engine/EngineMaterials/Substrate/GLints/dict_16_192_64_0p5_0p02_0044_0000" 5739
"/Engine/EngineMaterials/Substrate/GLints/dict_16_192_64_0p5_0p02_0043_0015" 5740
"/Engine/EngineMaterials/Substrate/GLints/dict_16_192_64_0p5_0p02_0043_0014" 5741
"/Engine/EngineMaterials/Substrate/GLints/dict_16_192_64_0p5_0p02_0043_0013" 5742
"/Engine/EngineMaterials/Substrate/GLints/dict_16_192_64_0p5_0p02_0043_0012" 5743
"/Engine/EngineMaterials/Substrate/GLints/dict_16_192_64_0p5_0p02_0044_0013" 5744
"/Engine/EngineMaterials/Substrate/GLints/dict_16_192_64_0p5_0p02_0043_0011" 5745
"/Engine/EngineMaterials/Substrate/GLints/dict_16_192_64_0p5_0p02_0044_0010" 5746
"../../../Engine/Content/EngineMaterials/Substrate/GLints/dict_16_192_64_0p5_0p02_0045_0011.uasset" 5747
"../../../Engine/Content/EngineMaterials/Substrate/GLints/dict_16_192_64_0p5_0p02_0045_0012.uasset" 5748
"../../../Engine/Content/EngineMaterials/Substrate/GLints/dict_16_192_64_0p5_0p02_0045_0015.uasset" 5749
"../../../Engine/Content/EngineMaterials/Substrate/GLints/dict_16_192_64_0p5_0p02_0046_0000.uasset" 5750
"../../../Engine/Content/EngineMaterials/Substrate/GLints/dict_16_192_64_0p5_0p02_0046_0002.uasset" 5751
"../../../Engine/Content/EngineMaterials/Substrate/GLints/dict_16_192_64_0p5_0p02_0046_0004.uasset" 5752
"../../../Engine/Content/EngineMaterials/Substrate/GLints/dict_16_192_64_0p5_0p02_0046_0003.uasset" 5753
"../../../Engine/Content/EngineMaterials/Substrate/GLints/dict_16_192_64_0p5_0p02_0046_0008.uasset" 5754
"../../../Engine/Content/EngineMaterials/Substrate/GLints/dict_16_192_64_0p5_0p02_0046_0006.uasset" 5755
"../../../Engine/Content/EngineMaterials/Substrate/GLints/dict_16_192_64_0p5_0p02_0045_0013.uasset" 5756
"../../../Engine/Content/EngineMaterials/Substrate/GLints/dict_16_192_64_0p5_0p02_0046_0010.uasset" 5757
"../../../Engine/Content/EngineMaterials/Substrate/GLints/dict_16_192_64_0p5_0p02_0046_0009.uasset" 5758
"../../../Engine/Content/EngineMaterials/Substrate/GLints/dict_16_192_64_0p5_0p02_0045_0014.uasset" 5759
"../../../Engine/Content/EngineMaterials/Substrate/GLints/dict_16_192_64_0p5_0p02_0046_0005.uasset" 5760
"../../../Engine/Content/EngineMaterials/Substrate/GLints/dict_16_192_64_0p5_0p02_0046_0007.uasset" 5761
"../../../Engine/Content/EngineMaterials/Substrate/GLints/dict_16_192_64_0p5_0p02_0046_0011.uasset" 5762
"/Engine/EngineMaterials/Substrate/GLints/dict_16_192_64_0p5_0p02_0045_0010" 5763
"/Engine/EngineMaterials/Substrate/GLints/dict_16_192_64_0p5_0p02_0045_0009" 5764
"../../../Engine/Content/EngineMaterials/Substrate/GLints/dict_16_192_64_0p5_0p02_0046_0001.uasset" 5765
"/Engine/EngineMaterials/Substrate/GLints/dict_16_192_64_0p5_0p02_0045_0008" 5766
"/Engine/EngineMaterials/Substrate/GLints/dict_16_192_64_0p5_0p02_0045_0007" 5767
"/Engine/EngineMaterials/Substrate/GLints/dict_16_192_64_0p5_0p02_0045_0006" 5768
"/Engine/EngineMaterials/Substrate/GLints/dict_16_192_64_0p5_0p02_0045_0005" 5769
"/Engine/EngineMaterials/Substrate/GLints/dict_16_192_64_0p5_0p02_0045_0004" 5770
"/Engine/EngineMaterials/Substrate/GLints/dict_16_192_64_0p5_0p02_0045_0003" 5771
"/Engine/EngineMaterials/Substrate/GLints/dict_16_192_64_0p5_0p02_0045_0002" 5772
"/Engine/EngineMaterials/Substrate/GLints/dict_16_192_64_0p5_0p02_0045_0001" 5773
"/Engine/EngineMaterials/Substrate/GLints/dict_16_192_64_0p5_0p02_0045_0000" 5774
"/Engine/EngineMaterials/Substrate/GLints/dict_16_192_64_0p5_0p02_0044_0015" 5775
"/Engine/EngineMaterials/Substrate/GLints/dict_16_192_64_0p5_0p02_0046_0000" 5776
"/Engine/EngineMaterials/Substrate/GLints/dict_16_192_64_0p5_0p02_0045_0015" 5777
"/Engine/EngineMaterials/Substrate/GLints/dict_16_192_64_0p5_0p02_0044_0014" 5778
"/Engine/EngineMaterials/Substrate/GLints/dict_16_192_64_0p5_0p02_0044_0012" 5779
"/Engine/EngineMaterials/Substrate/GLints/dict_16_192_64_0p5_0p02_0045_0012" 5780
"/Engine/EngineMaterials/Substrate/GLints/dict_16_192_64_0p5_0p02_0044_0011" 5781
"/Engine/EngineMaterials/Substrate/GLints/dict_16_192_64_0p5_0p02_0045_0011" 5782
"../../../Engine/Content/EngineMaterials/Substrate/GLints/dict_16_192_64_0p5_0p02_0046_0012.uasset" 5783
"../../../Engine/Content/EngineMaterials/Substrate/GLints/dict_16_192_64_0p5_0p02_0046_0014.uasset" 5784
"../../../Engine/Content/EngineMaterials/Substrate/GLints/dict_16_192_64_0p5_0p02_0046_0013.uasset" 5785
"../../../Engine/Content/EngineMaterials/Substrate/GLints/dict_16_192_64_0p5_0p02_0046_0015.uasset" 5786
"../../../Engine/Content/EngineMaterials/Substrate/GLints/dict_16_192_64_0p5_0p02_0047_0001.uasset" 5787
"../../../Engine/Content/EngineMaterials/Substrate/GLints/dict_16_192_64_0p5_0p02_0047_0009.uasset" 5788
"../../../Engine/Content/EngineMaterials/Substrate/GLints/dict_16_192_64_0p5_0p02_0047_0011.uasset" 5789
"../../../Engine/Content/EngineMaterials/Substrate/GLints/dict_16_192_64_0p5_0p02_0047_0010.uasset" 5790
"../../../Engine/Content/EngineMaterials/Substrate/GLints/dict_16_192_64_0p5_0p02_0047_0006.uasset" 5791
"../../../Engine/Content/EngineMaterials/Substrate/GLints/dict_16_192_64_0p5_0p02_0047_0014.uasset" 5792
"/Engine/EngineMaterials/Substrate/GLints/dict_16_192_64_0p5_0p02_0046_0011" 5793
"../../../Engine/Content/EngineMaterials/Substrate/GLints/dict_16_192_64_0p5_0p02_0047_0004.uasset" 5794
"../../../Engine/Content/EngineMaterials/Substrate/GLints/dict_16_192_64_0p5_0p02_0047_0008.uasset" 5795
"../../../Engine/Content/EngineMaterials/Substrate/GLints/dict_16_192_64_0p5_0p02_0047_0005.uasset" 5796
"../../../Engine/Content/EngineMaterials/Substrate/GLints/dict_16_192_64_0p5_0p02_0047_0000.uasset" 5797
"../../../Engine/Content/EngineMaterials/Substrate/GLints/dict_16_192_64_0p5_0p02_0047_0002.uasset" 5798
"../../../Engine/Content/EngineMaterials/Substrate/GLints/dict_16_192_64_0p5_0p02_0047_0012.uasset" 5799
"../../../Engine/Content/EngineMaterials/Substrate/GLints/dict_16_192_64_0p5_0p02_0047_0007.uasset" 5800
"../../../Engine/Content/EngineMaterials/Substrate/GLints/dict_16_192_64_0p5_0p02_0047_0003.uasset" 5801
"/Engine/EngineMaterials/Substrate/GLints/dict_16_192_64_0p5_0p02_0046_0010" 5802
"../../../Engine/Content/EngineMaterials/Substrate/GLints/dict_16_192_64_0p5_0p02_0047_0013.uasset" 5803
"/Engine/EngineMaterials/Substrate/GLints/dict_16_192_64_0p5_0p02_0046_0009" 5804
"/Engine/EngineMaterials/Substrate/GLints/dict_16_192_64_0p5_0p02_0046_0008" 5805
"/Engine/EngineMaterials/Substrate/GLints/dict_16_192_64_0p5_0p02_0046_0007" 5806
"/Engine/EngineMaterials/Substrate/GLints/dict_16_192_64_0p5_0p02_0046_0006" 5807
"/Engine/EngineMaterials/Substrate/GLints/dict_16_192_64_0p5_0p02_0046_0005" 5808
"/Engine/EngineMaterials/Substrate/GLints/dict_16_192_64_0p5_0p02_0046_0004" 5809
"/Engine/EngineMaterials/Substrate/GLints/dict_16_192_64_0p5_0p02_0046_0003" 5810
"/Engine/EngineMaterials/Substrate/GLints/dict_16_192_64_0p5_0p02_0046_0002" 5811
"/Engine/EngineMaterials/Substrate/GLints/dict_16_192_64_0p5_0p02_0046_0001" 5812
"/Engine/EngineMaterials/Substrate/GLints/dict_16_192_64_0p5_0p02_0045_0014" 5813
"/Engine/EngineMaterials/Substrate/GLints/dict_16_192_64_0p5_0p02_0045_0013" 5814
"/Engine/EngineMaterials/Substrate/GLints/dict_16_192_64_0p5_0p02_0046_0015" 5815
"/Engine/EngineMaterials/Substrate/GLints/dict_16_192_64_0p5_0p02_0046_0014" 5816
"/Engine/EngineMaterials/Substrate/GLints/dict_16_192_64_0p5_0p02_0046_0013" 5817
"/Engine/EngineMaterials/Substrate/GLints/dict_16_192_64_0p5_0p02_0046_0012" 5818
"../../../Engine/Content/EngineMaterials/Substrate/GLints/dict_16_192_64_0p5_0p02_0047_0015.uasset" 5819
"../../../Engine/Content/EngineMaterials/Substrate/GLints/dict_16_192_64_0p5_0p02_0048_0000.uasset" 5820
"../../../Engine/Content/EngineMaterials/Substrate/GLints/dict_16_192_64_0p5_0p02_0048_0001.uasset" 5821
"../../../Engine/Content/EngineMaterials/Substrate/GLints/dict_16_192_64_0p5_0p02_0048_0002.uasset" 5822
"../../../Engine/Content/EngineMaterials/Substrate/GLints/dict_16_192_64_0p5_0p02_0048_0005.uasset" 5823
"../../../Engine/Content/EngineMaterials/Substrate/GLints/dict_16_192_64_0p5_0p02_0048_0010.uasset" 5824
"../../../Engine/Content/EngineMaterials/Substrate/GLints/dict_16_192_64_0p5_0p02_0048_0014.uasset" 5825
"../../../Engine/Content/EngineMaterials/Substrate/GLints/dict_16_192_64_0p5_0p02_0048_0015.uasset" 5826
"/Engine/EngineMaterials/Substrate/GLints/dict_16_192_64_0p5_0p02_0047_0014" 5827
"../../../Engine/Content/EngineMaterials/Substrate/GLints/dict_16_192_64_0p5_0p02_0048_0011.uasset" 5828
"../../../Engine/Content/EngineMaterials/Substrate/GLints/dict_16_192_64_0p5_0p02_0048_0004.uasset" 5829
"../../../Engine/Content/EngineMaterials/Substrate/GLints/dict_16_192_64_0p5_0p02_0048_0013.uasset" 5830
"../../../Engine/Content/EngineMaterials/Substrate/GLints/dict_16_192_64_0p5_0p02_0048_0006.uasset" 5831
"../../../Engine/Content/EngineMaterials/Substrate/GLints/dict_16_192_64_0p5_0p02_0048_0003.uasset" 5832
"../../../Engine/Content/EngineMaterials/Substrate/GLints/dict_16_192_64_0p5_0p02_0048_0012.uasset" 5833
"/Engine/EngineMaterials/Substrate/GLints/dict_16_192_64_0p5_0p02_0047_0013" 5834
"../../../Engine/Content/EngineMaterials/Substrate/GLints/dict_16_192_64_0p5_0p02_0048_0008.uasset" 5835
"../../../Engine/Content/EngineMaterials/Substrate/GLints/dict_16_192_64_0p5_0p02_0048_0007.uasset" 5836
"../../../Engine/Content/EngineMaterials/Substrate/GLints/dict_16_192_64_0p5_0p02_0048_0009.uasset" 5837
"/Engine/EngineMaterials/Substrate/GLints/dict_16_192_64_0p5_0p02_0047_0012" 5838
"/Engine/EngineMaterials/Substrate/GLints/dict_16_192_64_0p5_0p02_0047_0011" 5839
"/Engine/EngineMaterials/Substrate/GLints/dict_16_192_64_0p5_0p02_0047_0010" 5840
"/Engine/EngineMaterials/Substrate/GLints/dict_16_192_64_0p5_0p02_0047_0009" 5841
"/Engine/EngineMaterials/Substrate/GLints/dict_16_192_64_0p5_0p02_0047_0008" 5842
"/Engine/EngineMaterials/Substrate/GLints/dict_16_192_64_0p5_0p02_0047_0007" 5843
"/Engine/EngineMaterials/Substrate/GLints/dict_16_192_64_0p5_0p02_0047_0006" 5844
"/Engine/EngineMaterials/Substrate/GLints/dict_16_192_64_0p5_0p02_0047_0005" 5845
"/Engine/EngineMaterials/Substrate/GLints/dict_16_192_64_0p5_0p02_0047_0004" 5846
"/Engine/EngineMaterials/Substrate/GLints/dict_16_192_64_0p5_0p02_0047_0003" 5847
"/Engine/EngineMaterials/Substrate/GLints/dict_16_192_64_0p5_0p02_0048_0005" 5848
"/Engine/EngineMaterials/Substrate/GLints/dict_16_192_64_0p5_0p02_0047_0002" 5849
"/Engine/EngineMaterials/Substrate/GLints/dict_16_192_64_0p5_0p02_0047_0001" 5850
"/Engine/EngineMaterials/Substrate/GLints/dict_16_192_64_0p5_0p02_0047_0000" 5851
"/Engine/EngineMaterials/Substrate/GLints/dict_16_192_64_0p5_0p02_0048_0002" 5852
"/Engine/EngineMaterials/Substrate/GLints/dict_16_192_64_0p5_0p02_0048_0001" 5853
"/Engine/EngineMaterials/Substrate/GLints/dict_16_192_64_0p5_0p02_0048_0000" 5854
"/Engine/EngineMaterials/Substrate/GLints/dict_16_192_64_0p5_0p02_0047_0015" 5855
"../../../Engine/Content/EngineMaterials/Substrate/GLints/dict_16_192_64_0p5_0p02_0049_0005.uasset" 5856
"../../../Engine/Content/EngineMaterials/Substrate/GLints/dict_16_192_64_0p5_0p02_0049_0001.uasset" 5857
"../../../Engine/Content/EngineMaterials/Substrate/GLints/dict_16_192_64_0p5_0p02_0049_0008.uasset" 5858
"../../../Engine/Content/EngineMaterials/Substrate/GLints/dict_16_192_64_0p5_0p02_0049_0010.uasset" 5859
"../../../Engine/Content/EngineMaterials/Substrate/GLints/dict_16_192_64_0p5_0p02_0049_0011.uasset" 5860
"../../../Engine/Content/EngineMaterials/Substrate/GLints/dict_16_192_64_0p5_0p02_0049_0013.uasset" 5861
"../../../Engine/Content/EngineMaterials/Substrate/GLints/dict_16_192_64_0p5_0p02_0049_0000.uasset" 5862
"/Engine/EngineMaterials/Substrate/GLints/dict_16_192_64_0p5_0p02_0048_0015" 5863
"../../../Engine/Content/EngineMaterials/Substrate/GLints/dict_16_192_64_0p5_0p02_0050_0000.uasset" 5864
"../../../Engine/Content/EngineMaterials/Substrate/GLints/dict_16_192_64_0p5_0p02_0050_0003.uasset" 5865
"../../../Engine/Content/EngineMaterials/Substrate/GLints/dict_16_192_64_0p5_0p02_0049_0009.uasset" 5866
"../../../Engine/Content/EngineMaterials/Substrate/GLints/dict_16_192_64_0p5_0p02_0049_0004.uasset" 5867
"../../../Engine/Content/EngineMaterials/Substrate/GLints/dict_16_192_64_0p5_0p02_0049_0015.uasset" 5868
"../../../Engine/Content/EngineMaterials/Substrate/GLints/dict_16_192_64_0p5_0p02_0049_0002.uasset" 5869
"../../../Engine/Content/EngineMaterials/Substrate/GLints/dict_16_192_64_0p5_0p02_0049_0006.uasset" 5870
"/Engine/EngineMaterials/Substrate/GLints/dict_16_192_64_0p5_0p02_0048_0014" 5871
"../../../Engine/Content/EngineMaterials/Substrate/GLints/dict_16_192_64_0p5_0p02_0049_0012.uasset" 5872
"../../../Engine/Content/EngineMaterials/Substrate/GLints/dict_16_192_64_0p5_0p02_0050_0001.uasset" 5873
"../../../Engine/Content/EngineMaterials/Substrate/GLints/dict_16_192_64_0p5_0p02_0049_0003.uasset" 5874
"../../../Engine/Content/EngineMaterials/Substrate/GLints/dict_16_192_64_0p5_0p02_0050_0002.uasset" 5875
"../../../Engine/Content/EngineMaterials/Substrate/GLints/dict_16_192_64_0p5_0p02_0049_0014.uasset" 5876
"../../../Engine/Content/EngineMaterials/Substrate/GLints/dict_16_192_64_0p5_0p02_0049_0007.uasset" 5877
"/Engine/EngineMaterials/Substrate/GLints/dict_16_192_64_0p5_0p02_0048_0013" 5878
"/Engine/EngineMaterials/Substrate/GLints/dict_16_192_64_0p5_0p02_0048_0012" 5879
"/Engine/EngineMaterials/Substrate/GLints/dict_16_192_64_0p5_0p02_0048_0011" 5880
"/Engine/EngineMaterials/Substrate/GLints/dict_16_192_64_0p5_0p02_0048_0010" 5881
"/Engine/EngineMaterials/Substrate/GLints/dict_16_192_64_0p5_0p02_0048_0009" 5882
"/Engine/EngineMaterials/Substrate/GLints/dict_16_192_64_0p5_0p02_0048_0008" 5883
"/Engine/EngineMaterials/Substrate/GLints/dict_16_192_64_0p5_0p02_0048_0007" 5884
"/Engine/EngineMaterials/Substrate/GLints/dict_16_192_64_0p5_0p02_0049_0008" 5885
"/Engine/EngineMaterials/Substrate/GLints/dict_16_192_64_0p5_0p02_0048_0006" 5886
"/Engine/EngineMaterials/Substrate/GLints/dict_16_192_64_0p5_0p02_0049_0005" 5887
"/Engine/EngineMaterials/Substrate/GLints/dict_16_192_64_0p5_0p02_0048_0004" 5888
"/Engine/EngineMaterials/Substrate/GLints/dict_16_192_64_0p5_0p02_0048_0003" 5889
"/Engine/EngineMaterials/Substrate/GLints/dict_16_192_64_0p5_0p02_0049_0001" 5890
"../../../Engine/Content/EngineMaterials/Substrate/GLints/dict_16_192_64_0p5_0p02_0050_0007.uasset" 5891
"../../../Engine/Content/EngineMaterials/Substrate/GLints/dict_16_192_64_0p5_0p02_0050_0005.uasset" 5892
"../../../Engine/Content/EngineMaterials/Substrate/GLints/dict_16_192_64_0p5_0p02_0050_0012.uasset" 5893
"../../../Engine/Content/EngineMaterials/Substrate/GLints/dict_16_192_64_0p5_0p02_0050_0013.uasset" 5894
"../../../Engine/Content/EngineMaterials/Substrate/GLints/dict_16_192_64_0p5_0p02_0050_0004.uasset" 5895
"../../../Engine/Content/EngineMaterials/Substrate/GLints/dict_16_192_64_0p5_0p02_0050_0011.uasset" 5896
"../../../Engine/Content/EngineMaterials/Substrate/GLints/dict_16_192_64_0p5_0p02_0050_0006.uasset" 5897
"../../../Engine/Content/EngineMaterials/Substrate/GLints/dict_16_192_64_0p5_0p02_0050_0014.uasset" 5898
"../../../Engine/Content/EngineMaterials/Substrate/GLints/dict_16_192_64_0p5_0p02_0051_0000.uasset" 5899
"../../../Engine/Content/EngineMaterials/Substrate/GLints/dict_16_192_64_0p5_0p02_0051_0001.uasset" 5900
"../../../Engine/Content/EngineMaterials/Substrate/GLints/dict_16_192_64_0p5_0p02_0051_0002.uasset" 5901
"/Engine/EngineMaterials/Substrate/GLints/dict_16_192_64_0p5_0p02_0050_0003" 5902
"../../../Engine/Content/EngineMaterials/Substrate/GLints/dict_16_192_64_0p5_0p02_0050_0008.uasset" 5903
"../../../Engine/Content/EngineMaterials/Substrate/GLints/dict_16_192_64_0p5_0p02_0050_0015.uasset" 5904
"../../../Engine/Content/EngineMaterials/Substrate/GLints/dict_16_192_64_0p5_0p02_0050_0010.uasset" 5905
"../../../Engine/Content/EngineMaterials/Substrate/GLints/dict_16_192_64_0p5_0p02_0050_0009.uasset" 5906
"/Engine/EngineMaterials/Substrate/GLints/dict_16_192_64_0p5_0p02_0050_0002" 5907
"/Engine/EngineMaterials/Substrate/GLints/dict_16_192_64_0p5_0p02_0050_0001" 5908
"/Engine/EngineMaterials/Substrate/GLints/dict_16_192_64_0p5_0p02_0050_0000" 5909
"/Engine/EngineMaterials/Substrate/GLints/dict_16_192_64_0p5_0p02_0049_0015" 5910
"/Engine/EngineMaterials/Substrate/GLints/dict_16_192_64_0p5_0p02_0049_0014" 5911
"/Engine/EngineMaterials/Substrate/GLints/dict_16_192_64_0p5_0p02_0049_0013" 5912
"/Engine/EngineMaterials/Substrate/GLints/dict_16_192_64_0p5_0p02_0051_0002" 5913
"/Engine/EngineMaterials/Substrate/GLints/dict_16_192_64_0p5_0p02_0051_0001" 5914
"/Engine/EngineMaterials/Substrate/GLints/dict_16_192_64_0p5_0p02_0051_0000" 5915
"/Engine/EngineMaterials/Substrate/GLints/dict_16_192_64_0p5_0p02_0050_0014" 5916
"/Engine/EngineMaterials/Substrate/GLints/dict_16_192_64_0p5_0p02_0050_0013" 5917
"/Engine/EngineMaterials/Substrate/GLints/dict_16_192_64_0p5_0p02_0050_0012" 5918
"/Engine/EngineMaterials/Substrate/GLints/dict_16_192_64_0p5_0p02_0050_0011" 5919
"/Engine/EngineMaterials/Substrate/GLints/dict_16_192_64_0p5_0p02_0049_0012" 5920
"/Engine/EngineMaterials/Substrate/GLints/dict_16_192_64_0p5_0p02_0049_0011" 5921
"/Engine/EngineMaterials/Substrate/GLints/dict_16_192_64_0p5_0p02_0049_0010" 5922
"/Engine/EngineMaterials/Substrate/GLints/dict_16_192_64_0p5_0p02_0049_0009" 5923
"/Engine/EngineMaterials/Substrate/GLints/dict_16_192_64_0p5_0p02_0049_0007" 5924
"/Engine/EngineMaterials/Substrate/GLints/dict_16_192_64_0p5_0p02_0049_0006" 5925
"/Engine/EngineMaterials/Substrate/GLints/dict_16_192_64_0p5_0p02_0050_0007" 5926
"/Engine/EngineMaterials/Substrate/GLints/dict_16_192_64_0p5_0p02_0050_0006" 5927
"/Engine/EngineMaterials/Substrate/GLints/dict_16_192_64_0p5_0p02_0049_0004" 5928
"/Engine/EngineMaterials/Substrate/GLints/dict_16_192_64_0p5_0p02_0050_0005" 5929
"/Engine/EngineMaterials/Substrate/GLints/dict_16_192_64_0p5_0p02_0049_0003" 5930
"/Engine/EngineMaterials/Substrate/GLints/dict_16_192_64_0p5_0p02_0049_0002" 5931
"/Engine/EngineMaterials/Substrate/GLints/dict_16_192_64_0p5_0p02_0050_0004" 5932
"/Engine/EngineMaterials/Substrate/GLints/dict_16_192_64_0p5_0p02_0049_0000" 5933
"../../../Engine/Content/EngineMaterials/Substrate/GLints/dict_16_192_64_0p5_0p02_0051_0003.uasset" 5934
"../../../Engine/Content/EngineMaterials/Substrate/GLints/dict_16_192_64_0p5_0p02_0051_0009.uasset" 5935
"../../../Engine/Content/EngineMaterials/Substrate/GLints/dict_16_192_64_0p5_0p02_0051_0008.uasset" 5936
"../../../Engine/Content/EngineMaterials/Substrate/GLints/dict_16_192_64_0p5_0p02_0051_0005.uasset" 5937
"../../../Engine/Content/EngineMaterials/Substrate/GLints/dict_16_192_64_0p5_0p02_0051_0010.uasset" 5938
"../../../Engine/Content/EngineMaterials/Substrate/GLints/dict_16_192_64_0p5_0p02_0052_0000.uasset" 5939
"../../../Engine/Content/EngineMaterials/Substrate/GLints/dict_16_192_64_0p5_0p02_0052_0003.uasset" 5940
"../../../Engine/Content/EngineMaterials/Substrate/GLints/dict_16_192_64_0p5_0p02_0052_0002.uasset" 5941
"../../../Engine/Content/EngineMaterials/Substrate/GLints/dict_16_192_64_0p5_0p02_0052_0004.uasset" 5942
"../../../Engine/Content/EngineMaterials/Substrate/GLints/dict_16_192_64_0p5_0p02_0052_0005.uasset" 5943
"../../../Engine/Content/EngineMaterials/Substrate/GLints/dict_16_192_64_0p5_0p02_0051_0007.uasset" 5944
"../../../Engine/Content/EngineMaterials/Substrate/GLints/dict_16_192_64_0p5_0p02_0051_0013.uasset" 5945
"../../../Engine/Content/EngineMaterials/Substrate/GLints/dict_16_192_64_0p5_0p02_0052_0013.uasset" 5946
"../../../Engine/Content/EngineMaterials/Substrate/GLints/dict_16_192_64_0p5_0p02_0052_0009.uasset" 5947
"/Engine/EngineMaterials/Substrate/GLints/dict_16_192_64_0p5_0p02_0050_0015" 5948
"../../../Engine/Content/EngineMaterials/Substrate/GLints/dict_16_192_64_0p5_0p02_0051_0004.uasset" 5949
"../../../Engine/Content/EngineMaterials/Substrate/GLints/dict_16_192_64_0p5_0p02_0052_0006.uasset" 5950
"../../../Engine/Content/EngineMaterials/Substrate/GLints/dict_16_192_64_0p5_0p02_0052_0007.uasset" 5951
"../../../Engine/Content/EngineMaterials/Substrate/GLints/dict_16_192_64_0p5_0p02_0051_0006.uasset" 5952
"../../../Engine/Content/EngineMaterials/Substrate/GLints/dict_16_192_64_0p5_0p02_0052_0011.uasset" 5953
"../../../Engine/Content/EngineMaterials/Substrate/GLints/dict_16_192_64_0p5_0p02_0051_0011.uasset" 5954
"../../../Engine/Content/EngineMaterials/Substrate/GLints/dict_16_192_64_0p5_0p02_0052_0010.uasset" 5955
"../../../Engine/Content/EngineMaterials/Substrate/GLints/dict_16_192_64_0p5_0p02_0051_0014.uasset" 5956
"../../../Engine/Content/EngineMaterials/Substrate/GLints/dict_16_192_64_0p5_0p02_0052_0001.uasset" 5957
"../../../Engine/Content/EngineMaterials/Substrate/GLints/dict_16_192_64_0p5_0p02_0052_0008.uasset" 5958
"/Engine/EngineMaterials/Substrate/GLints/dict_16_192_64_0p5_0p02_0052_0003" 5959
"../../../Engine/Content/EngineMaterials/Substrate/GLints/dict_16_192_64_0p5_0p02_0052_0012.uasset" 5960
"../../../Engine/Content/EngineMaterials/Substrate/GLints/dict_16_192_64_0p5_0p02_0052_0014.uasset" 5961
"../../../Engine/Content/EngineMaterials/Substrate/GLints/dict_16_192_64_0p5_0p02_0051_0012.uasset" 5962
"/Engine/EngineMaterials/Substrate/GLints/dict_16_192_64_0p5_0p02_0052_0002" 5963
"../../../Engine/Content/EngineMaterials/Substrate/GLints/dict_16_192_64_0p5_0p02_0051_0015.uasset" 5964
"/Engine/EngineMaterials/Substrate/GLints/dict_16_192_64_0p5_0p02_0052_0000" 5965
"/Engine/EngineMaterials/Substrate/GLints/dict_16_192_64_0p5_0p02_0050_0010" 5966
"/Engine/EngineMaterials/Substrate/GLints/dict_16_192_64_0p5_0p02_0050_0009" 5967
"/Engine/EngineMaterials/Substrate/GLints/dict_16_192_64_0p5_0p02_0050_0008" 5968
"/Engine/EngineMaterials/Substrate/GLints/dict_16_192_64_0p5_0p02_0051_0010" 5969
"/Engine/EngineMaterials/Substrate/GLints/dict_16_192_64_0p5_0p02_0051_0009" 5970
"/Engine/EngineMaterials/Substrate/GLints/dict_16_192_64_0p5_0p02_0051_0008" 5971
"/Engine/EngineMaterials/Substrate/GLints/dict_16_192_64_0p5_0p02_0051_0005" 5972
"/Engine/EngineMaterials/Substrate/GLints/dict_16_192_64_0p5_0p02_0051_0003" 5973
"../../../Engine/Content/EngineMaterials/Substrate/GLints/dict_16_192_64_0p5_0p02_0053_0002.uasset" 5974
"../../../Engine/Content/EngineMaterials/Substrate/GLints/dict_16_192_64_0p5_0p02_0053_0001.uasset" 5975
"../../../Engine/Content/EngineMaterials/Substrate/GLints/dict_16_192_64_0p5_0p02_0053_0003.uasset" 5976
"../../../Engine/Content/EngineMaterials/Substrate/GLints/dict_16_192_64_0p5_0p02_0053_0004.uasset" 5977
"../../../Engine/Content/EngineMaterials/Substrate/GLints/dict_16_192_64_0p5_0p02_0053_0000.uasset" 5978
"../../../Engine/Content/EngineMaterials/Substrate/GLints/dict_16_192_64_0p5_0p02_0052_0015.uasset" 5979
"../../../Engine/Content/EngineMaterials/Substrate/GLints/dict_16_192_64_0p5_0p02_0053_0005.uasset" 5980
"../../../Engine/Content/EngineMaterials/Substrate/GLints/dict_16_192_64_0p5_0p02_0053_0006.uasset" 5981
"../../../Engine/Content/EngineMaterials/Substrate/GLints/dict_16_192_64_0p5_0p02_0053_0009.uasset" 5982
"../../../Engine/Content/EngineMaterials/Substrate/GLints/dict_16_192_64_0p5_0p02_0053_0008.uasset" 5983
"/Engine/EngineMaterials/Substrate/GLints/dict_16_192_64_0p5_0p02_0052_0014" 5984
"../../../Engine/Content/EngineMaterials/Substrate/GLints/dict_16_192_64_0p5_0p02_0053_0010.uasset" 5985
"../../../Engine/Content/EngineMaterials/Substrate/GLints/dict_16_192_64_0p5_0p02_0053_0007.uasset" 5986
"/Engine/EngineMaterials/Substrate/GLints/dict_16_192_64_0p5_0p02_0052_0013" 5987
"/Engine/EngineMaterials/Substrate/GLints/dict_16_192_64_0p5_0p02_0052_0012" 5988
"/Engine/EngineMaterials/Substrate/GLints/dict_16_192_64_0p5_0p02_0052_0011" 5989
"/Engine/EngineMaterials/Substrate/GLints/dict_16_192_64_0p5_0p02_0052_0010" 5990
"/Engine/EngineMaterials/Substrate/GLints/dict_16_192_64_0p5_0p02_0052_0009" 5991
"/Engine/EngineMaterials/Substrate/GLints/dict_16_192_64_0p5_0p02_0052_0008" 5992
"/Engine/EngineMaterials/Substrate/GLints/dict_16_192_64_0p5_0p02_0052_0007" 5993
"/Engine/EngineMaterials/Substrate/GLints/dict_16_192_64_0p5_0p02_0052_0006" 5994
"/Engine/EngineMaterials/Substrate/GLints/dict_16_192_64_0p5_0p02_0052_0005" 5995
"/Engine/EngineMaterials/Substrate/GLints/dict_16_192_64_0p5_0p02_0052_0004" 5996
"/Engine/EngineMaterials/Substrate/GLints/dict_16_192_64_0p5_0p02_0052_0001" 5997
"/Engine/EngineMaterials/Substrate/GLints/dict_16_192_64_0p5_0p02_0051_0015" 5998
"/Engine/EngineMaterials/Substrate/GLints/dict_16_192_64_0p5_0p02_0051_0014" 5999
"/Engine/EngineMaterials/Substrate/GLints/dict_16_192_64_0p5_0p02_0051_0013" 6000
"/Engine/EngineMaterials/Substrate/GLints/dict_16_192_64_0p5_0p02_0051_0012" 6001
"/Engine/EngineMaterials/Substrate/GLints/dict_16_192_64_0p5_0p02_0051_0011" 6002
"/Engine/EngineMaterials/Substrate/GLints/dict_16_192_64_0p5_0p02_0053_0002" 6003
"/Engine/EngineMaterials/Substrate/GLints/dict_16_192_64_0p5_0p02_0053_0001" 6004
"/Engine/EngineMaterials/Substrate/GLints/dict_16_192_64_0p5_0p02_0051_0007" 6005
"/Engine/EngineMaterials/Substrate/GLints/dict_16_192_64_0p5_0p02_0051_0006" 6006
"/Engine/EngineMaterials/Substrate/GLints/dict_16_192_64_0p5_0p02_0051_0004" 6007
"../../../Engine/Content/EngineMaterials/Substrate/GLints/dict_16_192_64_0p5_0p02_0053_0012.uasset" 6008
"../../../Engine/Content/EngineMaterials/Substrate/GLints/dict_16_192_64_0p5_0p02_0053_0013.uasset" 6009
"../../../Engine/Content/EngineMaterials/Substrate/GLints/dict_16_192_64_0p5_0p02_0053_0014.uasset" 6010
"../../../Engine/Content/EngineMaterials/Substrate/GLints/dict_16_192_64_0p5_0p02_0054_0000.uasset" 6011
"../../../Engine/Content/EngineMaterials/Substrate/GLints/dict_16_192_64_0p5_0p02_0054_0001.uasset" 6012
"../../../Engine/Content/EngineMaterials/Substrate/GLints/dict_16_192_64_0p5_0p02_0054_0007.uasset" 6013
"../../../Engine/Content/EngineMaterials/Substrate/GLints/dict_16_192_64_0p5_0p02_0054_0004.uasset" 6014
"../../../Engine/Content/EngineMaterials/Substrate/GLints/dict_16_192_64_0p5_0p02_0054_0011.uasset" 6015
"../../../Engine/Content/EngineMaterials/Substrate/GLints/dict_16_192_64_0p5_0p02_0054_0013.uasset" 6016
"../../../Engine/Content/EngineMaterials/Substrate/GLints/dict_16_192_64_0p5_0p02_0053_0011.uasset" 6017
"../../../Engine/Content/EngineMaterials/Substrate/GLints/dict_16_192_64_0p5_0p02_0054_0002.uasset" 6018
"../../../Engine/Content/EngineMaterials/Substrate/GLints/dict_16_192_64_0p5_0p02_0054_0014.uasset" 6019
"../../../Engine/Content/EngineMaterials/Substrate/GLints/dict_16_192_64_0p5_0p02_0054_0015.uasset" 6020
"../../../Engine/Content/EngineMaterials/Substrate/GLints/dict_16_192_64_0p5_0p02_0054_0006.uasset" 6021
"../../../Engine/Content/EngineMaterials/Substrate/GLints/dict_16_192_64_0p5_0p02_0054_0008.uasset" 6022
"../../../Engine/Content/EngineMaterials/Substrate/GLints/dict_16_192_64_0p5_0p02_0054_0012.uasset" 6023
"../../../Engine/Content/EngineMaterials/Substrate/GLints/dict_16_192_64_0p5_0p02_0054_0010.uasset" 6024
"../../../Engine/Content/EngineMaterials/Substrate/GLints/dict_16_192_64_0p5_0p02_0055_0000.uasset" 6025
"../../../Engine/Content/EngineMaterials/Substrate/GLints/dict_16_192_64_0p5_0p02_0053_0015.uasset" 6026
"../../../Engine/Content/EngineMaterials/Substrate/GLints/dict_16_192_64_0p5_0p02_0054_0009.uasset" 6027
"/Engine/EngineMaterials/Substrate/GLints/dict_16_192_64_0p5_0p02_0053_0010" 6028
"../../../Engine/Content/EngineMaterials/Substrate/GLints/dict_16_192_64_0p5_0p02_0054_0005.uasset" 6029
"../../../Engine/Content/EngineMaterials/Substrate/GLints/dict_16_192_64_0p5_0p02_0054_0003.uasset" 6030
"/Engine/EngineMaterials/Substrate/GLints/dict_16_192_64_0p5_0p02_0053_0009" 6031
"/Engine/EngineMaterials/Substrate/GLints/dict_16_192_64_0p5_0p02_0053_0008" 6032
"/Engine/EngineMaterials/Substrate/GLints/dict_16_192_64_0p5_0p02_0053_0007" 6033
"/Engine/EngineMaterials/Substrate/GLints/dict_16_192_64_0p5_0p02_0053_0006" 6034
"/Engine/EngineMaterials/Substrate/GLints/dict_16_192_64_0p5_0p02_0053_0005" 6035
"/Engine/EngineMaterials/Substrate/GLints/dict_16_192_64_0p5_0p02_0053_0004" 6036
"/Engine/EngineMaterials/Substrate/GLints/dict_16_192_64_0p5_0p02_0054_0001" 6037
"/Engine/EngineMaterials/Substrate/GLints/dict_16_192_64_0p5_0p02_0054_0000" 6038
"/Engine/EngineMaterials/Substrate/GLints/dict_16_192_64_0p5_0p02_0053_0003" 6039
"/Engine/EngineMaterials/Substrate/GLints/dict_16_192_64_0p5_0p02_0053_0014" 6040
"/Engine/EngineMaterials/Substrate/GLints/dict_16_192_64_0p5_0p02_0053_0013" 6041
"/Engine/EngineMaterials/Substrate/GLints/dict_16_192_64_0p5_0p02_0053_0012" 6042
"/Engine/EngineMaterials/Substrate/GLints/dict_16_192_64_0p5_0p02_0053_0000" 6043
"/Engine/EngineMaterials/Substrate/GLints/dict_16_192_64_0p5_0p02_0052_0015" 6044
"../../../Engine/Content/EngineMaterials/Substrate/GLints/dict_16_192_64_0p5_0p02_0055_0001.uasset" 6045
"../../../Engine/Content/EngineMaterials/Substrate/GLints/dict_16_192_64_0p5_0p02_0055_0004.uasset" 6046
"../../../Engine/Content/EngineMaterials/Substrate/GLints/dict_16_192_64_0p5_0p02_0055_0002.uasset" 6047
"../../../Engine/Content/EngineMaterials/Substrate/GLints/dict_16_192_64_0p5_0p02_0055_0003.uasset" 6048
"../../../Engine/Content/EngineMaterials/Substrate/GLints/dict_16_192_64_0p5_0p02_0055_0005.uasset" 6049
"../../../Engine/Content/EngineMaterials/Substrate/GLints/dict_16_192_64_0p5_0p02_0055_0011.uasset" 6050
"../../../Engine/Content/EngineMaterials/Substrate/GLints/dict_16_192_64_0p5_0p02_0055_0014.uasset" 6051
"../../../Engine/Content/EngineMaterials/Substrate/GLints/dict_16_192_64_0p5_0p02_0055_0008.uasset" 6052
"../../../Engine/Content/EngineMaterials/Substrate/GLints/dict_16_192_64_0p5_0p02_0055_0006.uasset" 6053
"../../../Engine/Content/EngineMaterials/Substrate/GLints/dict_16_192_64_0p5_0p02_0055_0007.uasset" 6054
"../../../Engine/Content/EngineMaterials/Substrate/GLints/dict_16_192_64_0p5_0p02_0055_0013.uasset" 6055
"../../../Engine/Content/EngineMaterials/Substrate/GLints/dict_16_192_64_0p5_0p02_0055_0010.uasset" 6056
"../../../Engine/Content/EngineMaterials/Substrate/GLints/dict_16_192_64_0p5_0p02_0055_0009.uasset" 6057
"../../../Engine/Content/EngineMaterials/Substrate/GLints/dict_16_192_64_0p5_0p02_0055_0015.uasset" 6058
"../../../Engine/Content/EngineMaterials/Substrate/GLints/dict_16_192_64_0p5_0p02_0055_0012.uasset" 6059
"/Engine/EngineMaterials/Substrate/GLints/dict_16_192_64_0p5_0p02_0055_0000" 6060
"/Engine/EngineMaterials/Substrate/GLints/dict_16_192_64_0p5_0p02_0054_0015" 6061
"/Engine/EngineMaterials/Substrate/GLints/dict_16_192_64_0p5_0p02_0054_0014" 6062
"/Engine/EngineMaterials/Substrate/GLints/dict_16_192_64_0p5_0p02_0054_0013" 6063
"/Engine/EngineMaterials/Substrate/GLints/dict_16_192_64_0p5_0p02_0054_0012" 6064
"/Engine/EngineMaterials/Substrate/GLints/dict_16_192_64_0p5_0p02_0054_0011" 6065
"/Engine/EngineMaterials/Substrate/GLints/dict_16_192_64_0p5_0p02_0054_0010" 6066
"/Engine/EngineMaterials/Substrate/GLints/dict_16_192_64_0p5_0p02_0054_0009" 6067
"/Engine/EngineMaterials/Substrate/GLints/dict_16_192_64_0p5_0p02_0054_0008" 6068
"/Engine/EngineMaterials/Substrate/GLints/dict_16_192_64_0p5_0p02_0054_0007" 6069
"/Engine/EngineMaterials/Substrate/GLints/dict_16_192_64_0p5_0p02_0054_0006" 6070
"/Engine/EngineMaterials/Substrate/GLints/dict_16_192_64_0p5_0p02_0054_0005" 6071
"/Engine/EngineMaterials/Substrate/GLints/dict_16_192_64_0p5_0p02_0054_0004" 6072
"/Engine/EngineMaterials/Substrate/GLints/dict_16_192_64_0p5_0p02_0054_0003" 6073
"/Engine/EngineMaterials/Substrate/GLints/dict_16_192_64_0p5_0p02_0054_0002" 6074
"/Engine/EngineMaterials/Substrate/GLints/dict_16_192_64_0p5_0p02_0053_0015" 6075
"/Engine/EngineMaterials/Substrate/GLints/dict_16_192_64_0p5_0p02_0055_0004" 6076
"/Engine/EngineMaterials/Substrate/GLints/dict_16_192_64_0p5_0p02_0053_0011" 6077
"/Engine/EngineMaterials/Substrate/GLints/dict_16_192_64_0p5_0p02_0055_0001" 6078
"../../../Engine/Content/EngineMaterials/Substrate/GLints/dict_16_192_64_0p5_0p02_0056_0003.uasset" 6079
"../../../Engine/Content/EngineMaterials/Substrate/GLints/dict_16_192_64_0p5_0p02_0056_0001.uasset" 6080
"../../../Engine/Content/EngineMaterials/Substrate/GLints/dict_16_192_64_0p5_0p02_0056_0004.uasset" 6081
"../../../Engine/Content/EngineMaterials/Substrate/GLints/dict_16_192_64_0p5_0p02_0056_0005.uasset" 6082
"../../../Engine/Content/EngineMaterials/Substrate/GLints/dict_16_192_64_0p5_0p02_0056_0006.uasset" 6083
"../../../Engine/Content/EngineMaterials/Substrate/GLints/dict_16_192_64_0p5_0p02_0056_0007.uasset" 6084
"../../../Engine/Content/EngineMaterials/Substrate/GLints/dict_16_192_64_0p5_0p02_0056_0010.uasset" 6085
"/Engine/EngineMaterials/Substrate/GLints/dict_16_192_64_0p5_0p02_0055_0015" 6086
"../../../Engine/Content/EngineMaterials/Substrate/GLints/dict_16_192_64_0p5_0p02_0056_0008.uasset" 6087
"../../../Engine/Content/EngineMaterials/Substrate/GLints/dict_16_192_64_0p5_0p02_0056_0009.uasset" 6088
"../../../Engine/Content/EngineMaterials/Substrate/GLints/dict_16_192_64_0p5_0p02_0056_0012.uasset" 6089
"../../../Engine/Content/EngineMaterials/Substrate/GLints/dict_16_192_64_0p5_0p02_0056_0015.uasset" 6090
"../../../Engine/Content/EngineMaterials/Substrate/GLints/dict_16_192_64_0p5_0p02_0056_0014.uasset" 6091
"../../../Engine/Content/EngineMaterials/Substrate/GLints/dict_16_192_64_0p5_0p02_0056_0013.uasset" 6092
"../../../Engine/Content/EngineMaterials/Substrate/GLints/dict_16_192_64_0p5_0p02_0056_0011.uasset" 6093
"../../../Engine/Content/EngineMaterials/Substrate/GLints/dict_16_192_64_0p5_0p02_0057_0000.uasset" 6094
"/Engine/EngineMaterials/Substrate/GLints/dict_16_192_64_0p5_0p02_0055_0014" 6095
"/Engine/EngineMaterials/Substrate/GLints/dict_16_192_64_0p5_0p02_0055_0013" 6096
"/Engine/EngineMaterials/Substrate/GLints/dict_16_192_64_0p5_0p02_0055_0012" 6097
"../../../Engine/Content/EngineMaterials/Substrate/GLints/dict_16_192_64_0p5_0p02_0056_0000.uasset" 6098
"/Engine/EngineMaterials/Substrate/GLints/dict_16_192_64_0p5_0p02_0055_0011" 6099
"../../../Engine/Content/EngineMaterials/Substrate/GLints/dict_16_192_64_0p5_0p02_0056_0002.uasset" 6100
"../../../Engine/Content/EngineMaterials/Substrate/GLints/dict_16_192_64_0p5_0p02_0057_0001.uasset" 6101
"../../../Engine/Content/EngineMaterials/Substrate/GLints/dict_16_192_64_0p5_0p02_0057_0002.uasset" 6102
"/Engine/EngineMaterials/Substrate/GLints/dict_16_192_64_0p5_0p02_0055_0010" 6103
"/Engine/EngineMaterials/Substrate/GLints/dict_16_192_64_0p5_0p02_0055_0009" 6104
"/Engine/EngineMaterials/Substrate/GLints/dict_16_192_64_0p5_0p02_0055_0008" 6105
"/Engine/EngineMaterials/Substrate/GLints/dict_16_192_64_0p5_0p02_0055_0007" 6106
"/Engine/EngineMaterials/Substrate/GLints/dict_16_192_64_0p5_0p02_0055_0006" 6107
"/Engine/EngineMaterials/Substrate/GLints/dict_16_192_64_0p5_0p02_0056_0003" 6108
"/Engine/EngineMaterials/Substrate/GLints/dict_16_192_64_0p5_0p02_0055_0005" 6109
"/Engine/EngineMaterials/Substrate/GLints/dict_16_192_64_0p5_0p02_0055_0003" 6110
"/Engine/EngineMaterials/Substrate/GLints/dict_16_192_64_0p5_0p02_0055_0002" 6111
"/Engine/EngineMaterials/Substrate/GLints/dict_16_192_64_0p5_0p02_0056_0001" 6112
"../../../Engine/Content/EngineMaterials/Substrate/GLints/dict_16_192_64_0p5_0p02_0057_0003.uasset" 6113
"../../../Engine/Content/EngineMaterials/Substrate/GLints/dict_16_192_64_0p5_0p02_0057_0006.uasset" 6114
"../../../Engine/Content/EngineMaterials/Substrate/GLints/dict_16_192_64_0p5_0p02_0057_0004.uasset" 6115
"../../../Engine/Content/EngineMaterials/Substrate/GLints/dict_16_192_64_0p5_0p02_0057_0011.uasset" 6116
"../../../Engine/Content/EngineMaterials/Substrate/GLints/dict_16_192_64_0p5_0p02_0057_0012.uasset" 6117
"../../../Engine/Content/EngineMaterials/Substrate/GLints/dict_16_192_64_0p5_0p02_0057_0005.uasset" 6118
"../../../Engine/Content/EngineMaterials/Substrate/GLints/dict_16_192_64_0p5_0p02_0058_0001.uasset" 6119
"../../../Engine/Content/EngineMaterials/Substrate/GLints/dict_16_192_64_0p5_0p02_0057_0013.uasset" 6120
"../../../Engine/Content/EngineMaterials/Substrate/GLints/dict_16_192_64_0p5_0p02_0057_0014.uasset" 6121
"../../../Engine/Content/EngineMaterials/Substrate/GLints/dict_16_192_64_0p5_0p02_0058_0000.uasset" 6122
"../../../Engine/Content/EngineMaterials/Substrate/GLints/dict_16_192_64_0p5_0p02_0057_0010.uasset" 6123
"../../../Engine/Content/EngineMaterials/Substrate/GLints/dict_16_192_64_0p5_0p02_0057_0015.uasset" 6124
"/Engine/EngineMaterials/Substrate/GLints/dict_16_192_64_0p5_0p02_0057_0002" 6125
"/Engine/EngineMaterials/Substrate/GLints/dict_16_192_64_0p5_0p02_0057_0001" 6126
"../../../Engine/Content/EngineMaterials/Substrate/GLints/dict_16_192_64_0p5_0p02_0057_0008.uasset" 6127
"../../../Engine/Content/EngineMaterials/Substrate/GLints/dict_16_192_64_0p5_0p02_0057_0009.uasset" 6128
"/Engine/EngineMaterials/Substrate/GLints/dict_16_192_64_0p5_0p02_0057_0000" 6129
"../../../Engine/Content/EngineMaterials/Substrate/GLints/dict_16_192_64_0p5_0p02_0057_0007.uasset" 6130
"/Engine/EngineMaterials/Substrate/GLints/dict_16_192_64_0p5_0p02_0056_0015" 6131
"/Engine/EngineMaterials/Substrate/GLints/dict_16_192_64_0p5_0p02_0056_0014" 6132
"/Engine/EngineMaterials/Substrate/GLints/dict_16_192_64_0p5_0p02_0056_0013" 6133
"/Engine/EngineMaterials/Substrate/GLints/dict_16_192_64_0p5_0p02_0056_0012" 6134
"/Engine/EngineMaterials/Substrate/GLints/dict_16_192_64_0p5_0p02_0056_0011" 6135
"/Engine/EngineMaterials/Substrate/GLints/dict_16_192_64_0p5_0p02_0056_0010" 6136
"/Engine/EngineMaterials/Substrate/GLints/dict_16_192_64_0p5_0p02_0056_0009" 6137
"/Engine/EngineMaterials/Substrate/GLints/dict_16_192_64_0p5_0p02_0056_0008" 6138
"/Engine/EngineMaterials/Substrate/GLints/dict_16_192_64_0p5_0p02_0056_0007" 6139
"/Engine/EngineMaterials/Substrate/GLints/dict_16_192_64_0p5_0p02_0056_0006" 6140
"/Engine/EngineMaterials/Substrate/GLints/dict_16_192_64_0p5_0p02_0056_0005" 6141
"/Engine/EngineMaterials/Substrate/GLints/dict_16_192_64_0p5_0p02_0056_0004" 6142
"/Engine/EngineMaterials/Substrate/GLints/dict_16_192_64_0p5_0p02_0057_0006" 6143
"/Engine/EngineMaterials/Substrate/GLints/dict_16_192_64_0p5_0p02_0056_0002" 6144
"/Engine/EngineMaterials/Substrate/GLints/dict_16_192_64_0p5_0p02_0057_0004" 6145
"/Engine/EngineMaterials/Substrate/GLints/dict_16_192_64_0p5_0p02_0057_0003" 6146
"/Engine/EngineMaterials/Substrate/GLints/dict_16_192_64_0p5_0p02_0056_0000" 6147
"../../../Engine/Content/EngineMaterials/Substrate/GLints/dict_16_192_64_0p5_0p02_0058_0002.uasset" 6148
"../../../Engine/Content/EngineMaterials/Substrate/GLints/dict_16_192_64_0p5_0p02_0058_0011.uasset" 6149
"../../../Engine/Content/EngineMaterials/Substrate/GLints/dict_16_192_64_0p5_0p02_0058_0005.uasset" 6150
"../../../Engine/Content/EngineMaterials/Substrate/GLints/dict_16_192_64_0p5_0p02_0058_0015.uasset" 6151
"../../../Engine/Content/EngineMaterials/Substrate/GLints/dict_16_192_64_0p5_0p02_0058_0014.uasset" 6152
"../../../Engine/Content/EngineMaterials/Substrate/GLints/dict_16_192_64_0p5_0p02_0058_0012.uasset" 6153
"/Engine/EngineMaterials/Substrate/GLints/dict_16_192_64_0p5_0p02_0058_0001" 6154
"../../../Engine/Content/EngineMaterials/Substrate/GLints/dict_16_192_64_0p5_0p02_0059_0000.uasset" 6155
"../../../Engine/Content/EngineMaterials/Substrate/GLints/dict_16_192_64_0p5_0p02_0059_0005.uasset" 6156
"../../../Engine/Content/EngineMaterials/Substrate/GLints/dict_16_192_64_0p5_0p02_0059_0002.uasset" 6157
"../../../Engine/Content/EngineMaterials/Substrate/GLints/dict_16_192_64_0p5_0p02_0058_0009.uasset" 6158
"../../../Engine/Content/EngineMaterials/Substrate/GLints/dict_16_192_64_0p5_0p02_0058_0010.uasset" 6159
"../../../Engine/Content/EngineMaterials/Substrate/GLints/dict_16_192_64_0p5_0p02_0058_0013.uasset" 6160
"../../../Engine/Content/EngineMaterials/Substrate/GLints/dict_16_192_64_0p5_0p02_0059_0001.uasset" 6161
"/Engine/EngineMaterials/Substrate/GLints/dict_16_192_64_0p5_0p02_0058_0000" 6162
"../../../Engine/Content/EngineMaterials/Substrate/GLints/dict_16_192_64_0p5_0p02_0059_0003.uasset" 6163
"../../../Engine/Content/EngineMaterials/Substrate/GLints/dict_16_192_64_0p5_0p02_0058_0004.uasset" 6164
"../../../Engine/Content/EngineMaterials/Substrate/GLints/dict_16_192_64_0p5_0p02_0059_0004.uasset" 6165
"../../../Engine/Content/EngineMaterials/Substrate/GLints/dict_16_192_64_0p5_0p02_0058_0008.uasset" 6166
"../../../Engine/Content/EngineMaterials/Substrate/GLints/dict_16_192_64_0p5_0p02_0058_0006.uasset" 6167
"../../../Engine/Content/EngineMaterials/Substrate/GLints/dict_16_192_64_0p5_0p02_0058_0007.uasset" 6168
"/Engine/EngineMaterials/Substrate/GLints/dict_16_192_64_0p5_0p02_0057_0015" 6169
"../../../Engine/Content/EngineMaterials/Substrate/GLints/dict_16_192_64_0p5_0p02_0058_0003.uasset" 6170
"/Engine/EngineMaterials/Substrate/GLints/dict_16_192_64_0p5_0p02_0057_0014" 6171
"/Engine/EngineMaterials/Substrate/GLints/dict_16_192_64_0p5_0p02_0057_0013" 6172
"/Engine/EngineMaterials/Substrate/GLints/dict_16_192_64_0p5_0p02_0057_0012" 6173
"/Engine/EngineMaterials/Substrate/GLints/dict_16_192_64_0p5_0p02_0057_0011" 6174
"/Engine/EngineMaterials/Substrate/GLints/dict_16_192_64_0p5_0p02_0057_0010" 6175
"/Engine/EngineMaterials/Substrate/GLints/dict_16_192_64_0p5_0p02_0057_0009" 6176
"/Engine/EngineMaterials/Substrate/GLints/dict_16_192_64_0p5_0p02_0057_0008" 6177
"/Engine/EngineMaterials/Substrate/GLints/dict_16_192_64_0p5_0p02_0057_0007" 6178
"/Engine/EngineMaterials/Substrate/GLints/dict_16_192_64_0p5_0p02_0057_0005" 6179
"/Engine/EngineMaterials/Substrate/GLints/dict_16_192_64_0p5_0p02_0058_0002" 6180
"../../../Engine/Content/EngineMaterials/Substrate/GLints/dict_16_192_64_0p5_0p02_0059_0008.uasset" 6181
"../../../Engine/Content/EngineMaterials/Substrate/GLints/dict_16_192_64_0p5_0p02_0059_0007.uasset" 6182
"../../../Engine/Content/EngineMaterials/Substrate/GLints/dict_16_192_64_0p5_0p02_0059_0010.uasset" 6183
"../../../Engine/Content/EngineMaterials/Substrate/GLints/dict_16_192_64_0p5_0p02_0059_0009.uasset" 6184
"../../../Engine/Content/EngineMaterials/Substrate/GLints/dict_16_192_64_0p5_0p02_0059_0011.uasset" 6185
"../../../Engine/Content/EngineMaterials/Substrate/GLints/dict_16_192_64_0p5_0p02_0060_0001.uasset" 6186
"../../../Engine/Content/EngineMaterials/Substrate/GLints/dict_16_192_64_0p5_0p02_0059_0006.uasset" 6187
"/Engine/EngineMaterials/Substrate/GLints/dict_16_192_64_0p5_0p02_0059_0005" 6188
"../../../Engine/Content/EngineMaterials/Substrate/GLints/dict_16_192_64_0p5_0p02_0059_0015.uasset" 6189
"../../../Engine/Content/EngineMaterials/Substrate/GLints/dict_16_192_64_0p5_0p02_0060_0002.uasset" 6190
"../../../Engine/Content/EngineMaterials/Substrate/GLints/dict_16_192_64_0p5_0p02_0059_0012.uasset" 6191
"../../../Engine/Content/EngineMaterials/Substrate/GLints/dict_16_192_64_0p5_0p02_0059_0013.uasset" 6192
"../../../Engine/Content/EngineMaterials/Substrate/GLints/dict_16_192_64_0p5_0p02_0059_0014.uasset" 6193
"../../../Engine/Content/EngineMaterials/Substrate/GLints/dict_16_192_64_0p5_0p02_0060_0000.uasset" 6194
"/Engine/EngineMaterials/Substrate/GLints/dict_16_192_64_0p5_0p02_0059_0004" 6195
"/Engine/EngineMaterials/Substrate/GLints/dict_16_192_64_0p5_0p02_0059_0003" 6196
"/Engine/EngineMaterials/Substrate/GLints/dict_16_192_64_0p5_0p02_0059_0002" 6197
"/Engine/EngineMaterials/Substrate/GLints/dict_16_192_64_0p5_0p02_0059_0001" 6198
"/Engine/EngineMaterials/Substrate/GLints/dict_16_192_64_0p5_0p02_0059_0000" 6199
"/Engine/EngineMaterials/Substrate/GLints/dict_16_192_64_0p5_0p02_0058_0015" 6200
"/Engine/EngineMaterials/Substrate/GLints/dict_16_192_64_0p5_0p02_0058_0014" 6201
"/Engine/EngineMaterials/Substrate/GLints/dict_16_192_64_0p5_0p02_0058_0013" 6202
"/Engine/EngineMaterials/Substrate/GLints/dict_16_192_64_0p5_0p02_0058_0012" 6203
"/Engine/EngineMaterials/Substrate/GLints/dict_16_192_64_0p5_0p02_0058_0011" 6204
"/Engine/EngineMaterials/Substrate/GLints/dict_16_192_64_0p5_0p02_0058_0010" 6205
"/Engine/EngineMaterials/Substrate/GLints/dict_16_192_64_0p5_0p02_0058_0009" 6206
"/Engine/EngineMaterials/Substrate/GLints/dict_16_192_64_0p5_0p02_0058_0008" 6207
"/Engine/EngineMaterials/Substrate/GLints/dict_16_192_64_0p5_0p02_0058_0007" 6208
"/Engine/EngineMaterials/Substrate/GLints/dict_16_192_64_0p5_0p02_0059_0010" 6209
"/Engine/EngineMaterials/Substrate/GLints/dict_16_192_64_0p5_0p02_0059_0008" 6210
"/Engine/EngineMaterials/Substrate/GLints/dict_16_192_64_0p5_0p02_0058_0006" 6211
"/Engine/EngineMaterials/Substrate/GLints/dict_16_192_64_0p5_0p02_0058_0005" 6212
"/Engine/EngineMaterials/Substrate/GLints/dict_16_192_64_0p5_0p02_0059_0007" 6213
"/Engine/EngineMaterials/Substrate/GLints/dict_16_192_64_0p5_0p02_0058_0004" 6214
"/Engine/EngineMaterials/Substrate/GLints/dict_16_192_64_0p5_0p02_0058_0003" 6215
"../../../Engine/Content/EngineMaterials/Substrate/GLints/dict_16_192_64_0p5_0p02_0060_0003.uasset" 6216
"../../../Engine/Content/EngineMaterials/Substrate/GLints/dict_16_192_64_0p5_0p02_0060_0005.uasset" 6217
"../../../Engine/Content/EngineMaterials/Substrate/GLints/dict_16_192_64_0p5_0p02_0060_0006.uasset" 6218
"../../../Engine/Content/EngineMaterials/Substrate/GLints/dict_16_192_64_0p5_0p02_0060_0007.uasset" 6219
"../../../Engine/Content/EngineMaterials/Substrate/GLints/dict_16_192_64_0p5_0p02_0060_0009.uasset" 6220
"../../../Engine/Content/EngineMaterials/Substrate/GLints/dict_16_192_64_0p5_0p02_0061_0000.uasset" 6221
"../../../Engine/Content/EngineMaterials/Substrate/GLints/dict_16_192_64_0p5_0p02_0060_0011.uasset" 6222
"../../../Engine/Content/EngineMaterials/Substrate/GLints/dict_16_192_64_0p5_0p02_0061_0001.uasset" 6223
"../../../Engine/Content/EngineMaterials/Substrate/GLints/dict_16_192_64_0p5_0p02_0061_0002.uasset" 6224
"../../../Engine/Content/EngineMaterials/Substrate/GLints/dict_16_192_64_0p5_0p02_0061_0003.uasset" 6225
"../../../Engine/Content/EngineMaterials/Substrate/GLints/dict_16_192_64_0p5_0p02_0060_0004.uasset" 6226
"../../../Engine/Content/EngineMaterials/Substrate/GLints/dict_16_192_64_0p5_0p02_0061_0008.uasset" 6227
"../../../Engine/Content/EngineMaterials/Substrate/GLints/dict_16_192_64_0p5_0p02_0061_0006.uasset" 6228
"../../../Engine/Content/EngineMaterials/Substrate/GLints/dict_16_192_64_0p5_0p02_0060_0008.uasset" 6229
"../../../Engine/Content/EngineMaterials/Substrate/GLints/dict_16_192_64_0p5_0p02_0060_0013.uasset" 6230
"../../../Engine/Content/EngineMaterials/Substrate/GLints/dict_16_192_64_0p5_0p02_0060_0010.uasset" 6231
"../../../Engine/Content/EngineMaterials/Substrate/GLints/dict_16_192_64_0p5_0p02_0061_0004.uasset" 6232
"../../../Engine/Content/EngineMaterials/Substrate/GLints/dict_16_192_64_0p5_0p02_0060_0015.uasset" 6233
"../../../Engine/Content/EngineMaterials/Substrate/GLints/dict_16_192_64_0p5_0p02_0061_0005.uasset" 6234
"../../../Engine/Content/EngineMaterials/Substrate/GLints/dict_16_192_64_0p5_0p02_0061_0007.uasset" 6235
"../../../Engine/Content/EngineMaterials/Substrate/GLints/dict_16_192_64_0p5_0p02_0060_0012.uasset" 6236
"/Engine/EngineMaterials/Substrate/GLints/dict_16_192_64_0p5_0p02_0060_0002" 6237
"/Engine/EngineMaterials/Substrate/GLints/dict_16_192_64_0p5_0p02_0060_0001" 6238
"../../../Engine/Content/EngineMaterials/Substrate/GLints/dict_16_192_64_0p5_0p02_0060_0014.uasset" 6239
"/Engine/EngineMaterials/Substrate/GLints/dict_16_192_64_0p5_0p02_0060_0000" 6240
"/Engine/EngineMaterials/Substrate/GLints/dict_16_192_64_0p5_0p02_0059_0015" 6241
"/Engine/EngineMaterials/Substrate/GLints/dict_16_192_64_0p5_0p02_0059_0014" 6242
"/Engine/EngineMaterials/Substrate/GLints/dict_16_192_64_0p5_0p02_0059_0013" 6243
"/Engine/EngineMaterials/Substrate/GLints/dict_16_192_64_0p5_0p02_0059_0012" 6244
"/Engine/EngineMaterials/Substrate/GLints/dict_16_192_64_0p5_0p02_0059_0011" 6245
"/Engine/EngineMaterials/Substrate/GLints/dict_16_192_64_0p5_0p02_0060_0009" 6246
"/Engine/EngineMaterials/Substrate/GLints/dict_16_192_64_0p5_0p02_0059_0009" 6247
"/Engine/EngineMaterials/Substrate/GLints/dict_16_192_64_0p5_0p02_0060_0007" 6248
"/Engine/EngineMaterials/Substrate/GLints/dict_16_192_64_0p5_0p02_0060_0006" 6249
"/Engine/EngineMaterials/Substrate/GLints/dict_16_192_64_0p5_0p02_0060_0003" 6250
"/Engine/EngineMaterials/Substrate/GLints/dict_16_192_64_0p5_0p02_0059_0006" 6251
"../../../Engine/Content/EngineMaterials/Substrate/GLints/dict_16_192_64_0p5_0p02_0061_0010.uasset" 6252
"../../../Engine/Content/EngineMaterials/Substrate/GLints/dict_16_192_64_0p5_0p02_0061_0014.uasset" 6253
"../../../Engine/Content/EngineMaterials/Substrate/GLints/dict_16_192_64_0p5_0p02_0061_0009.uasset" 6254
"../../../Engine/Content/EngineMaterials/Substrate/GLints/dict_16_192_64_0p5_0p02_0061_0012.uasset" 6255
"/Engine/EngineMaterials/Substrate/GLints/dict_16_192_64_0p5_0p02_0061_0008" 6256
"../../../Engine/Content/EngineMaterials/Substrate/GLints/dict_16_192_64_0p5_0p02_0062_0001.uasset" 6257
"../../../Engine/Content/EngineMaterials/Substrate/GLints/dict_16_192_64_0p5_0p02_0061_0015.uasset" 6258
"../../../Engine/Content/EngineMaterials/Substrate/GLints/dict_16_192_64_0p5_0p02_0062_0000.uasset" 6259
"../../../Engine/Content/EngineMaterials/Substrate/GLints/dict_16_192_64_0p5_0p02_0062_0002.uasset" 6260
"../../../Engine/Content/EngineMaterials/Substrate/GLints/dict_16_192_64_0p5_0p02_0062_0003.uasset" 6261
"../../../Engine/Content/EngineMaterials/Substrate/GLints/dict_16_192_64_0p5_0p02_0062_0005.uasset" 6262
"../../../Engine/Content/EngineMaterials/Substrate/GLints/dict_16_192_64_0p5_0p02_0062_0006.uasset" 6263
"../../../Engine/Content/EngineMaterials/Substrate/GLints/dict_16_192_64_0p5_0p02_0062_0004.uasset" 6264
"/Engine/EngineMaterials/Substrate/GLints/dict_16_192_64_0p5_0p02_0061_0007" 6265
"/Engine/EngineMaterials/Substrate/GLints/dict_16_192_64_0p5_0p02_0061_0006" 6266
"../../../Engine/Content/EngineMaterials/Substrate/GLints/dict_16_192_64_0p5_0p02_0061_0011.uasset" 6267
"../../../Engine/Content/EngineMaterials/Substrate/GLints/dict_16_192_64_0p5_0p02_0061_0013.uasset" 6268
"/Engine/EngineMaterials/Substrate/GLints/dict_16_192_64_0p5_0p02_0061_0005" 6269
"/Engine/EngineMaterials/Substrate/GLints/dict_16_192_64_0p5_0p02_0061_0004" 6270
"/Engine/EngineMaterials/Substrate/GLints/dict_16_192_64_0p5_0p02_0061_0003" 6271
"/Engine/EngineMaterials/Substrate/GLints/dict_16_192_64_0p5_0p02_0061_0002" 6272
"/Engine/EngineMaterials/Substrate/GLints/dict_16_192_64_0p5_0p02_0061_0001" 6273
"/Engine/EngineMaterials/Substrate/GLints/dict_16_192_64_0p5_0p02_0061_0000" 6274
"/Engine/EngineMaterials/Substrate/GLints/dict_16_192_64_0p5_0p02_0060_0015" 6275
"/Engine/EngineMaterials/Substrate/GLints/dict_16_192_64_0p5_0p02_0060_0014" 6276
"/Engine/EngineMaterials/Substrate/GLints/dict_16_192_64_0p5_0p02_0060_0013" 6277
"/Engine/EngineMaterials/Substrate/GLints/dict_16_192_64_0p5_0p02_0060_0012" 6278
"/Engine/EngineMaterials/Substrate/GLints/dict_16_192_64_0p5_0p02_0060_0011" 6279
"/Engine/EngineMaterials/Substrate/GLints/dict_16_192_64_0p5_0p02_0060_0010" 6280
"/Engine/EngineMaterials/Substrate/GLints/dict_16_192_64_0p5_0p02_0060_0008" 6281
"/Engine/EngineMaterials/Substrate/GLints/dict_16_192_64_0p5_0p02_0060_0005" 6282
"/Engine/EngineMaterials/Substrate/GLints/dict_16_192_64_0p5_0p02_0060_0004" 6283
"/Engine/EngineMaterials/Substrate/GLints/dict_16_192_64_0p5_0p02_0061_0010" 6284
"../../../Engine/Content/EngineMaterials/Substrate/GLints/dict_16_192_64_0p5_0p02_0062_0007.uasset" 6285
"../../../Engine/Content/EngineMaterials/Substrate/GLints/dict_16_192_64_0p5_0p02_0062_0008.uasset" 6286
"../../../Engine/Content/EngineMaterials/Substrate/GLints/dict_16_192_64_0p5_0p02_0062_0010.uasset" 6287
"../../../Engine/Content/EngineMaterials/Substrate/GLints/dict_16_192_64_0p5_0p02_0062_0011.uasset" 6288
"../../../Engine/Content/EngineMaterials/Substrate/GLints/dict_16_192_64_0p5_0p02_0062_0013.uasset" 6289
"../../../Engine/Content/EngineMaterials/Substrate/GLints/dict_16_192_64_0p5_0p02_0063_0001.uasset" 6290
"../../../Engine/Content/EngineMaterials/Substrate/GLints/dict_16_192_64_0p5_0p02_0063_0002.uasset" 6291
"../../../Engine/Content/EngineMaterials/Substrate/GLints/dict_16_192_64_0p5_0p02_0063_0004.uasset" 6292
"../../../Engine/Content/EngineMaterials/Substrate/GLints/dict_16_192_64_0p5_0p02_0063_0005.uasset" 6293
"../../../Engine/Content/EngineMaterials/Substrate/GLints/dict_16_192_64_0p5_0p02_0063_0008.uasset" 6294
"../../../Engine/Content/EngineMaterials/Substrate/GLints/dict_16_192_64_0p5_0p02_0063_0006.uasset" 6295
"../../../Engine/Content/EngineMaterials/Substrate/GLints/dict_16_192_64_0p5_0p02_0063_0009.uasset" 6296
"../../../Engine/Content/EngineMaterials/Substrate/GLints/dict_16_192_64_0p5_0p02_0062_0015.uasset" 6297
"../../../Engine/Content/EngineMaterials/Substrate/GLints/dict_16_192_64_0p5_0p02_0063_0003.uasset" 6298
"../../../Engine/Content/EngineMaterials/Substrate/GLints/dict_16_192_64_0p5_0p02_0063_0007.uasset" 6299
"/Engine/EngineMaterials/Substrate/GLints/dict_16_192_64_0p5_0p02_0063_0002" 6300
"../../../Engine/Content/EngineMaterials/Substrate/GLints/dict_16_192_64_0p5_0p02_0063_0000.uasset" 6301
"../../../Engine/Content/EngineMaterials/Substrate/GLints/dict_16_192_64_0p5_0p02_0062_0014.uasset" 6302
"/Engine/EngineMaterials/Substrate/GLints/dict_16_192_64_0p5_0p02_0063_0001" 6303
"/Engine/EngineMaterials/Substrate/GLints/dict_16_192_64_0p5_0p02_0062_0006" 6304
"/Engine/EngineMaterials/Substrate/GLints/dict_16_192_64_0p5_0p02_0062_0005" 6305
"../../../Engine/Content/EngineMaterials/Substrate/GLints/dict_16_192_64_0p5_0p02_0062_0009.uasset" 6306
"../../../Engine/Content/EngineMaterials/Substrate/GLints/dict_16_192_64_0p5_0p02_0062_0012.uasset" 6307
"/Engine/EngineMaterials/Substrate/GLints/dict_16_192_64_0p5_0p02_0062_0004" 6308
"/Engine/EngineMaterials/Substrate/GLints/dict_16_192_64_0p5_0p02_0062_0003" 6309
"/Engine/EngineMaterials/Substrate/GLints/dict_16_192_64_0p5_0p02_0062_0002" 6310
"/Engine/EngineMaterials/Substrate/GLints/dict_16_192_64_0p5_0p02_0062_0013" 6311
"/Engine/EngineMaterials/Substrate/GLints/dict_16_192_64_0p5_0p02_0062_0011" 6312
"/Engine/EngineMaterials/Substrate/GLints/dict_16_192_64_0p5_0p02_0062_0001" 6313
"/Engine/EngineMaterials/Substrate/GLints/dict_16_192_64_0p5_0p02_0062_0000" 6314
"/Engine/EngineMaterials/Substrate/GLints/dict_16_192_64_0p5_0p02_0061_0015" 6315
"/Engine/EngineMaterials/Substrate/GLints/dict_16_192_64_0p5_0p02_0061_0014" 6316
"/Engine/EngineMaterials/Substrate/GLints/dict_16_192_64_0p5_0p02_0061_0013" 6317
"/Engine/EngineMaterials/Substrate/GLints/dict_16_192_64_0p5_0p02_0062_0010" 6318
"/Engine/EngineMaterials/Substrate/GLints/dict_16_192_64_0p5_0p02_0061_0012" 6319
"/Engine/EngineMaterials/Substrate/GLints/dict_16_192_64_0p5_0p02_0061_0011" 6320
"/Engine/EngineMaterials/Substrate/GLints/dict_16_192_64_0p5_0p02_0062_0008" 6321
"/Engine/EngineMaterials/Substrate/GLints/dict_16_192_64_0p5_0p02_0062_0007" 6322
"/Engine/EngineMaterials/Substrate/GLints/dict_16_192_64_0p5_0p02_0061_0009" 6323
"../../../Engine/Content/EngineMaterials/Substrate/GLints/dict_16_192_64_0p5_0p02_0063_0010.uasset" 6324
"../../../Engine/Content/EngineMaterials/Substrate/Glints2/dict_0000_0000.uasset" 6325
"../../../Engine/Content/EngineMaterials/Substrate/Glints2/dict_0000_0004.uasset" 6326
"../../../Engine/Content/EngineMaterials/Substrate/Glints2/dict_0000_0005.uasset" 6327
"../../../Engine/Content/EngineMaterials/Substrate/Glints2/dict_0000_0006.uasset" 6328
"../../../Engine/Content/EngineMaterials/Substrate/Glints2/dict_0000_0008.uasset" 6329
"../../../Engine/Content/EngineMaterials/Substrate/Glints2/dict_0000_0002.uasset" 6330
"../../../Engine/Content/EngineMaterials/Substrate/GLints/AGlintTex2dArray.uasset" 6331
"../../../Engine/Content/EngineMaterials/Substrate/Glints2/dict_0000_0010.uasset" 6332
"../../../Engine/Content/EngineMaterials/Substrate/GLints/dict_16_192_64_0p5_0p02_0063_0015.uasset" 6333
"/Engine/EngineMaterials/Substrate/GLints/dict_16_192_64_0p5_0p02_0063_0009" 6334
"../../../Engine/Content/EngineMaterials/Substrate/Glints2/dict_0000_0009.uasset" 6335
"../../../Engine/Content/EngineMaterials/Substrate/Glints2/dict_0000_0012.uasset" 6336
"../../../Engine/Content/EngineMaterials/Substrate/Glints2/dict_0000_0011.uasset" 6337
"../../../Engine/Content/EngineMaterials/Substrate/GLints/dict_16_192_64_0p5_0p02_0063_0011.uasset" 6338
"../../../Engine/Content/EngineMaterials/Substrate/Glints2/dict_0000_0007.uasset" 6339
"../../../Engine/Content/EngineMaterials/Substrate/GLints/dict_16_192_64_0p5_0p02_0063_0013.uasset" 6340
"../../../Engine/Content/EngineMaterials/Substrate/GLints/dict_16_192_64_0p5_0p02_0063_0014.uasset" 6341
"../../../Engine/Content/EngineMaterials/Substrate/Glints2/dict_0000_0003.uasset" 6342
"../../../Engine/Content/EngineMaterials/Substrate/GLints/dict_16_192_64_0p5_0p02_0063_0012.uasset" 6343
"../../../Engine/Content/EngineMaterials/Substrate/Glints2/dict_0000_0001.uasset" 6344
"/Engine/EngineMaterials/Substrate/GLints/dict_16_192_64_0p5_0p02_0063_0008" 6345
"/Engine/EngineMaterials/Substrate/GLints/dict_16_192_64_0p5_0p02_0063_0007" 6346
"/Engine/EngineMaterials/Substrate/GLints/dict_16_192_64_0p5_0p02_0063_0006" 6347
"/Engine/EngineMaterials/Substrate/GLints/dict_16_192_64_0p5_0p02_0063_0005" 6348
"/Engine/EngineMaterials/Substrate/GLints/dict_16_192_64_0p5_0p02_0063_0004" 6349
"/Engine/EngineMaterials/Substrate/GLints/dict_16_192_64_0p5_0p02_0063_0003" 6350
"/Engine/EngineMaterials/Substrate/GLints/dict_16_192_64_0p5_0p02_0063_0000" 6351
"/Engine/EngineMaterials/Substrate/GLints/dict_16_192_64_0p5_0p02_0062_0015" 6352
"/Engine/EngineMaterials/Substrate/GLints/dict_16_192_64_0p5_0p02_0062_0014" 6353
"/Engine/EngineMaterials/Substrate/Glints2/dict_0000_0006" 6354
"/Engine/EngineMaterials/Substrate/Glints2/dict_0000_0005" 6355
"/Engine/EngineMaterials/Substrate/GLints/dict_16_192_64_0p5_0p02_0062_0012" 6356
"/Engine/EngineMaterials/Substrate/Glints2/dict_0000_0004" 6357
"/Engine/EngineMaterials/Substrate/Glints2/dict_0000_0000" 6358
"/Engine/EngineMaterials/Substrate/GLints/dict_16_192_64_0p5_0p02_0062_0009" 6359
"/Engine/EngineMaterials/Substrate/GLints/dict_16_192_64_0p5_0p02_0063_0010" 6360
"../../../Engine/Content/EngineMaterials/Substrate/Glints2/dict_0000_0013.uasset" 6361
"../../../Engine/Content/EngineMaterials/Substrate/Glints2/dict_0000_0014.uasset" 6362
"../../../Engine/Content/EngineMaterials/Substrate/Glints2/dict_0000_0016.uasset" 6363
"../../../Engine/Content/EngineMaterials/Substrate/Glints2/dict_0000_0017.uasset" 6364
"../../../Engine/Content/EngineMaterials/Substrate/Glints2/dict_0000_0015.uasset" 6365
"../../../Engine/Content/EngineMaterials/Substrate/Glints2/dict_0000_0028.uasset" 6366
"../../../Engine/Content/EngineMaterials/Substrate/Glints2/dict_0000_0029.uasset" 6367
"../../../Engine/Content/EngineMaterials/Substrate/Glints2/dict_0000_0026.uasset" 6368
"/Engine/EngineMaterials/Substrate/Glints2/dict_0000_0012" 6369
"../../../Engine/Content/EngineMaterials/Substrate/Glints2/dict_0000_0025.uasset" 6370
"../../../Engine/Content/EngineMaterials/Substrate/Glints2/dict_0000_0019.uasset" 6371
"../../../Engine/Content/EngineMaterials/Substrate/Glints2/dict_0000_0018.uasset" 6372
"../../../Engine/Content/EngineMaterials/Substrate/Glints2/dict_0000_0027.uasset" 6373
"../../../Engine/Content/EngineMaterials/Substrate/Glints2/dict_0000_0022.uasset" 6374
"../../../Engine/Content/EngineMaterials/Substrate/Glints2/dict_0000_0024.uasset" 6375
"../../../Engine/Content/EngineMaterials/Substrate/Glints2/dict_0000_0021.uasset" 6376
"../../../Engine/Content/EngineMaterials/Substrate/Glints2/dict_0000_0020.uasset" 6377
"../../../Engine/Content/EngineMaterials/Substrate/Glints2/dict_0000_0023.uasset" 6378
"/Engine/EngineMaterials/Substrate/Glints2/dict_0000_0011" 6379
"/Engine/EngineMaterials/Substrate/Glints2/dict_0000_0010" 6380
"/Engine/EngineMaterials/Substrate/Glints2/dict_0000_0009" 6381
"/Engine/EngineMaterials/Substrate/Glints2/dict_0000_0008" 6382
"/Engine/EngineMaterials/Substrate/Glints2/dict_0000_0007" 6383
"/Engine/EngineMaterials/Substrate/Glints2/dict_0000_0017" 6384
"/Engine/EngineMaterials/Substrate/Glints2/dict_0000_0016" 6385
"/Engine/EngineMaterials/Substrate/Glints2/dict_0000_0003" 6386
"/Engine/EngineMaterials/Substrate/Glints2/dict_0000_0002" 6387
"/Engine/EngineMaterials/Substrate/Glints2/dict_0000_0001" 6388
"/Engine/EngineMaterials/Substrate/GLints/AGlintTex2dArray" 6389
"/Engine/EngineMaterials/Substrate/Glints2/dict_0000_0014" 6390
"/Engine/EngineMaterials/Substrate/Glints2/dict_0000_0013" 6391
"../../../Engine/Content/EngineMaterials/Substrate/Glints2/dict_0000_0030.uasset" 6392
"../../../Engine/Content/EngineMaterials/Substrate/Glints2/dict_0000_0032.uasset" 6393
"../../../Engine/Content/EngineMaterials/Substrate/Glints2/dict_0000_0036.uasset" 6394
"../../../Engine/Content/EngineMaterials/Substrate/Glints2/dict_0000_0038.uasset" 6395
"../../../Engine/Content/EngineMaterials/Substrate/Glints2/dict_0000_0042.uasset" 6396
"../../../Engine/Content/EngineMaterials/Substrate/Glints2/dict_0000_0040.uasset" 6397
"../../../Engine/Content/EngineMaterials/Substrate/Glints2/dict_0000_0037.uasset" 6398
"../../../Engine/Content/EngineMaterials/Substrate/Glints2/dict_0000_0044.uasset" 6399
"../../../Engine/Content/EngineMaterials/Substrate/Glints2/dict_0000_0046.uasset" 6400
"../../../Engine/Content/EngineMaterials/Substrate/Glints2/dict_0000_0041.uasset" 6401
"../../../Engine/Content/EngineMaterials/Substrate/Glints2/dict_0000_0043.uasset" 6402
"../../../Engine/Content/EngineMaterials/Substrate/Glints2/dict_0000_0045.uasset" 6403
"../../../Engine/Content/EngineMaterials/Substrate/Glints2/dict_0000_0039.uasset" 6404
"../../../Engine/Content/EngineMaterials/Substrate/Glints2/dict_0000_0048.uasset" 6405
"../../../Engine/Content/EngineMaterials/Substrate/Glints2/dict_0000_0034.uasset" 6406
"../../../Engine/Content/EngineMaterials/Substrate/Glints2/dict_0000_0047.uasset" 6407
"/Engine/EngineMaterials/Substrate/Glints2/dict_0000_0029" 6408
"../../../Engine/Content/EngineMaterials/Substrate/Glints2/dict_0000_0033.uasset" 6409
"/Engine/EngineMaterials/Substrate/Glints2/dict_0000_0028" 6410
"../../../Engine/Content/EngineMaterials/Substrate/Glints2/dict_0000_0031.uasset" 6411
"../../../Engine/Content/EngineMaterials/Substrate/Glints2/dict_0000_0035.uasset" 6412
"/Engine/EngineMaterials/Substrate/Glints2/dict_0000_0027" 6413
"/Engine/EngineMaterials/Substrate/Glints2/dict_0000_0026" 6414
"/Engine/EngineMaterials/Substrate/Glints2/dict_0000_0025" 6415
"/Engine/EngineMaterials/Substrate/Glints2/dict_0000_0024" 6416
"/Engine/EngineMaterials/Substrate/Glints2/dict_0000_0023" 6417
"/Engine/EngineMaterials/Substrate/Glints2/dict_0000_0022" 6418
"/Engine/EngineMaterials/Substrate/Glints2/dict_0000_0021" 6419
"/Engine/EngineMaterials/Substrate/Glints2/dict_0000_0020" 6420
"/Engine/EngineMaterials/Substrate/Glints2/dict_0000_0019" 6421
"/Engine/EngineMaterials/Substrate/Glints2/dict_0000_0018" 6422
"/Engine/EngineMaterials/Substrate/Glints2/dict_0000_0038" 6423
"/Engine/EngineMaterials/Substrate/Glints2/dict_0000_0015" 6424
"/Engine/EngineMaterials/Substrate/Glints2/dict_0000_0036" 6425
"/Engine/EngineMaterials/Substrate/Glints2/dict_0000_0032" 6426
"/Engine/EngineMaterials/Substrate/Glints2/dict_0000_0030" 6427
"../../../Engine/Content/EngineMaterials/Substrate/Glints2/dict_0000_0052.uasset" 6428
"../../../Engine/Content/EngineMaterials/Substrate/Glints2/dict_0000_0050.uasset" 6429
"../../../Engine/Content/EngineMaterials/Substrate/Glints2/dict_0000_0054.uasset" 6430
"../../../Engine/Content/EngineMaterials/Substrate/Glints2/dict_0000_0056.uasset" 6431
"../../../Engine/Content/EngineMaterials/Substrate/Glints2/dict_0000_0057.uasset" 6432
"../../../Engine/Content/EngineMaterials/Substrate/Glints2/dict_0000_0059.uasset" 6433
"../../../Engine/Content/EngineMaterials/Substrate/Glints2/dict_0000_0058.uasset" 6434
"../../../Engine/Content/EngineMaterials/Substrate/Glints2/dict_0000_0062.uasset" 6435
"/Engine/EngineMaterials/Substrate/Glints2/dict_0000_0048" 6436
"../../../Engine/Content/EngineMaterials/Substrate/Glints2/dict_0000_0063.uasset" 6437
"../../../Engine/Content/EngineMaterials/Substrate/Glints2/dict_0000_0064.uasset" 6438
"../../../Engine/Content/EngineMaterials/Substrate/Glints2/dict_0000_0065.uasset" 6439
"../../../Engine/Content/EngineMaterials/Substrate/Glints2/dict_0000_0060.uasset" 6440
"/Engine/EngineMaterials/Substrate/Glints2/dict_0000_0047" 6441
"/Engine/EngineMaterials/Substrate/Glints2/dict_0000_0046" 6442
"../../../Engine/Content/EngineMaterials/Substrate/Glints2/dict_0000_0051.uasset" 6443
"../../../Engine/Content/EngineMaterials/Substrate/Glints2/dict_0000_0049.uasset" 6444
"../../../Engine/Content/EngineMaterials/Substrate/Glints2/dict_0000_0061.uasset" 6445
"../../../Engine/Content/EngineMaterials/Substrate/Glints2/dict_0000_0055.uasset" 6446
"../../../Engine/Content/EngineMaterials/Substrate/Glints2/dict_0000_0053.uasset" 6447
"/Engine/EngineMaterials/Substrate/Glints2/dict_0000_0045" 6448
"/Engine/EngineMaterials/Substrate/Glints2/dict_0000_0044" 6449
"/Engine/EngineMaterials/Substrate/Glints2/dict_0000_0043" 6450
"/Engine/EngineMaterials/Substrate/Glints2/dict_0000_0042" 6451
"/Engine/EngineMaterials/Substrate/Glints2/dict_0000_0041" 6452
"/Engine/EngineMaterials/Substrate/Glints2/dict_0000_0040" 6453
"/Engine/EngineMaterials/Substrate/Glints2/dict_0000_0039" 6454
"/Engine/EngineMaterials/Substrate/Glints2/dict_0000_0052" 6455
"/Engine/EngineMaterials/Substrate/Glints2/dict_0000_0037" 6456
"/Engine/EngineMaterials/Substrate/Glints2/dict_0000_0035" 6457
"/Engine/EngineMaterials/Substrate/Glints2/dict_0000_0034" 6458
"/Engine/EngineMaterials/Substrate/Glints2/dict_0000_0033" 6459
"/Engine/EngineMaterials/Substrate/Glints2/dict_0000_0050" 6460
"/Engine/EngineMaterials/Substrate/Glints2/dict_0000_0031" 6461
"../../../Engine/Content/EngineMaterials/Substrate/Glints2/dict_0000_0069.uasset" 6462
"../../../Engine/Content/EngineMaterials/Substrate/Glints2/dict_0000_0070.uasset" 6463
"../../../Engine/Content/EngineMaterials/Substrate/Glints2/dict_0000_0066.uasset" 6464
"../../../Engine/Content/EngineMaterials/Substrate/Glints2/dict_0000_0077.uasset" 6465
"../../../Engine/Content/EngineMaterials/Substrate/Glints2/dict_0000_0076.uasset" 6466
"../../../Engine/Content/EngineMaterials/Substrate/Glints2/dict_0000_0075.uasset" 6467
"../../../Engine/Content/EngineMaterials/Substrate/Glints2/dict_0000_0068.uasset" 6468
"../../../Engine/Content/EngineMaterials/Substrate/Glints2/dict_0000_0072.uasset" 6469
"../../../Engine/Content/EngineMaterials/Substrate/Glints2/dict_0000_0081.uasset" 6470
"/Engine/EngineMaterials/Substrate/Glints2/dict_0000_0065" 6471
"../../../Engine/Content/EngineMaterials/Substrate/Glints2/dict_0000_0079.uasset" 6472
"../../../Engine/Content/EngineMaterials/Substrate/Glints2/dict_0000_0082.uasset" 6473
"../../../Engine/Content/EngineMaterials/Substrate/Glints2/dict_0000_0078.uasset" 6474
"../../../Engine/Content/EngineMaterials/Substrate/Glints2/dict_0000_0071.uasset" 6475
"../../../Engine/Content/EngineMaterials/Substrate/Glints2/dict_0000_0080.uasset" 6476
"../../../Engine/Content/EngineMaterials/Substrate/Glints2/dict_0000_0067.uasset" 6477
"../../../Engine/Content/EngineMaterials/Substrate/Glints2/dict_0000_0074.uasset" 6478
"/Engine/EngineMaterials/Substrate/Glints2/dict_0000_0064" 6479
"/Engine/EngineMaterials/Substrate/Glints2/dict_0000_0063" 6480
"/Engine/EngineMaterials/Substrate/Glints2/dict_0000_0062" 6481
"../../../Engine/Content/EngineMaterials/Substrate/Glints2/dict_0000_0073.uasset" 6482
"/Engine/EngineMaterials/Substrate/Glints2/dict_0000_0061" 6483
"/Engine/EngineMaterials/Substrate/Glints2/dict_0000_0060" 6484
"/Engine/EngineMaterials/Substrate/Glints2/dict_0000_0059" 6485
"/Engine/EngineMaterials/Substrate/Glints2/dict_0000_0058" 6486
"/Engine/EngineMaterials/Substrate/Glints2/dict_0000_0057" 6487
"/Engine/EngineMaterials/Substrate/Glints2/dict_0000_0056" 6488
"/Engine/EngineMaterials/Substrate/Glints2/dict_0000_0055" 6489
"/Engine/EngineMaterials/Substrate/Glints2/dict_0000_0054" 6490
"/Engine/EngineMaterials/Substrate/Glints2/dict_0000_0053" 6491
"/Engine/EngineMaterials/Substrate/Glints2/dict_0000_0051" 6492
"/Engine/EngineMaterials/Substrate/Glints2/dict_0000_0070" 6493
"/Engine/EngineMaterials/Substrate/Glints2/dict_0000_0069" 6494
"/Engine/EngineMaterials/Substrate/Glints2/dict_0000_0049" 6495
"../../../Engine/Content/EngineMaterials/Substrate/Glints2/dict_0000_0089.uasset" 6496
"../../../Engine/Content/EngineMaterials/Substrate/Glints2/dict_0000_0093.uasset" 6497
"/Engine/EngineMaterials/Substrate/Glints2/dict_0000_0082" 6498
"../../../Engine/Content/EngineMaterials/Substrate/Glints2/dict_0000_0098.uasset" 6499
"../../../Engine/Content/EngineMaterials/Substrate/Glints2/dict_0000_0096.uasset" 6500
"../../../Engine/Content/EngineMaterials/Substrate/Glints2/dict_0000_0092.uasset" 6501
"../../../Engine/Content/EngineMaterials/Substrate/Glints2/dict_0000_0090.uasset" 6502
"../../../Engine/Content/EngineMaterials/Substrate/Glints2/dict_0000_0099.uasset" 6503
"../../../Engine/Content/EngineMaterials/Substrate/Glints2/dict_0000_0095.uasset" 6504
"../../../Engine/Content/EngineMaterials/Substrate/Glints2/dict_0000_0086.uasset" 6505
"../../../Engine/Content/EngineMaterials/Substrate/Glints2/dict_0000_0085.uasset" 6506
"../../../Engine/Content/EngineMaterials/Substrate/Glints2/dict_0000_0084.uasset" 6507
"../../../Engine/Content/EngineMaterials/Substrate/Glints2/dict_0000_0091.uasset" 6508
"../../../Engine/Content/EngineMaterials/Substrate/Glints2/dict_0000_0083.uasset" 6509
"../../../Engine/Content/EngineMaterials/Substrate/Glints2/dict_0000_0097.uasset" 6510
"/Engine/EngineMaterials/Substrate/Glints2/dict_0000_0081" 6511
"/Engine/EngineMaterials/Substrate/Glints2/dict_0000_0080" 6512
"/Engine/EngineMaterials/Substrate/Glints2/dict_0000_0079" 6513
"/Engine/EngineMaterials/Substrate/Glints2/dict_0000_0078" 6514
"../../../Engine/Content/EngineMaterials/Substrate/Glints2/dict_0000_0087.uasset" 6515
"../../../Engine/Content/EngineMaterials/Substrate/Glints2/dict_0000_0094.uasset" 6516
"/Engine/EngineMaterials/Substrate/Glints2/dict_0000_0077" 6517
"../../../Engine/Content/EngineMaterials/Substrate/Glints2/dict_0000_0088.uasset" 6518
"/Engine/EngineMaterials/Substrate/Glints2/dict_0000_0076" 6519
"/Engine/EngineMaterials/Substrate/Glints2/dict_0000_0075" 6520
"/Engine/EngineMaterials/Substrate/Glints2/dict_0000_0074" 6521
"/Engine/EngineMaterials/Substrate/Glints2/dict_0000_0073" 6522
"/Engine/EngineMaterials/Substrate/Glints2/dict_0000_0072" 6523
"/Engine/EngineMaterials/Substrate/Glints2/dict_0000_0071" 6524
"/Engine/EngineMaterials/Substrate/Glints2/dict_0000_0068" 6525
"/Engine/EngineMaterials/Substrate/Glints2/dict_0000_0067" 6526
"/Engine/EngineMaterials/Substrate/Glints2/dict_0000_0066" 6527
"../../../Engine/Content/EngineMaterials/Substrate/Glints2/dict_0000_0101.uasset" 6528
"../../../Engine/Content/EngineMaterials/Substrate/Glints2/dict_0000_0100.uasset" 6529
"../../../Engine/Content/EngineMaterials/Substrate/Glints2/dict_0000_0104.uasset" 6530
"../../../Engine/Content/EngineMaterials/Substrate/Glints2/dict_0000_0105.uasset" 6531
"../../../Engine/Content/EngineMaterials/Substrate/Glints2/dict_0000_0114.uasset" 6532
"../../../Engine/Content/EngineMaterials/Substrate/Glints2/dict_0000_0110.uasset" 6533
"../../../Engine/Content/EngineMaterials/Substrate/Glints2/dict_0000_0113.uasset" 6534
"../../../Engine/Content/EngineMaterials/Substrate/Glints2/dict_0000_0111.uasset" 6535
"../../../Engine/Content/EngineMaterials/Substrate/Glints2/dict_0000_0112.uasset" 6536
"../../../Engine/Content/EngineMaterials/Substrate/Glints2/dict_0000_0102.uasset" 6537
"../../../Engine/Content/EngineMaterials/Substrate/Glints2/dict_0000_0109.uasset" 6538
"../../../Engine/Content/EngineMaterials/Substrate/Glints2/dict_0000_0103.uasset" 6539
"/Engine/EngineMaterials/Substrate/Glints2/dict_0000_0099" 6540
"../../../Engine/Content/EngineMaterials/Substrate/Glints2/dict_0000_0107.uasset" 6541
"../../../Engine/Content/EngineMaterials/Substrate/Glints2/dict_0000_0108.uasset" 6542
"../../../Engine/Content/EngineMaterials/Substrate/Glints2/dict_0000_0106.uasset" 6543
"/Engine/EngineMaterials/Substrate/Glints2/dict_0000_0098" 6544
"/Engine/EngineMaterials/Substrate/Glints2/dict_0000_0097" 6545
"/Engine/EngineMaterials/Substrate/Glints2/dict_0000_0096" 6546
"/Engine/EngineMaterials/Substrate/Glints2/dict_0000_0095" 6547
"/Engine/EngineMaterials/Substrate/Glints2/dict_0000_0094" 6548
"/Engine/EngineMaterials/Substrate/Glints2/dict_0000_0093" 6549
"/Engine/EngineMaterials/Substrate/Glints2/dict_0000_0092" 6550
"/Engine/EngineMaterials/Substrate/Glints2/dict_0000_0091" 6551
"/Engine/EngineMaterials/Substrate/Glints2/dict_0000_0090" 6552
"/Engine/EngineMaterials/Substrate/Glints2/dict_0000_0089" 6553
"/Engine/EngineMaterials/Substrate/Glints2/dict_0000_0088" 6554
"/Engine/EngineMaterials/Substrate/Glints2/dict_0000_0087" 6555
"/Engine/EngineMaterials/Substrate/Glints2/dict_0000_0086" 6556
"/Engine/EngineMaterials/Substrate/Glints2/dict_0000_0085" 6557
"/Engine/EngineMaterials/Substrate/Glints2/dict_0000_0084" 6558
"/Engine/EngineMaterials/Substrate/Glints2/dict_0000_0101" 6559
"/Engine/EngineMaterials/Substrate/Glints2/dict_0000_0100" 6560
"/Engine/EngineMaterials/Substrate/Glints2/dict_0000_0083" 6561
"../../../Engine/Content/EngineMaterials/Substrate/Glints2/dict_0000_0115.uasset" 6562
"../../../Engine/Content/EngineMaterials/Substrate/Glints2/dict_0000_0117.uasset" 6563
"../../../Engine/Content/EngineMaterials/Substrate/Glints2/dict_0000_0116.uasset" 6564
"../../../Engine/Content/EngineMaterials/Substrate/Glints2/dict_0000_0118.uasset" 6565
"../../../Engine/Content/EngineMaterials/Substrate/Glints2/dict_0000_0119.uasset" 6566
"../../../Engine/Content/EngineMaterials/Substrate/Glints2/dict_0000_0120.uasset" 6567
"../../../Engine/Content/EngineMaterials/Substrate/Glints2/dict_0000_0127.uasset" 6568
"../../../Engine/Content/EngineMaterials/Substrate/Glints2/dict_0000_0124.uasset" 6569
"../../../Engine/Content/EngineMaterials/Substrate/Glints2/dict_0000_0130.uasset" 6570
"../../../Engine/Content/EngineMaterials/Substrate/Glints2/dict_0000_0131.uasset" 6571
"/Engine/EngineMaterials/Substrate/Glints2/dict_0000_0114" 6572
"../../../Engine/Content/EngineMaterials/Substrate/Glints2/dict_0000_0121.uasset" 6573
"../../../Engine/Content/EngineMaterials/Substrate/Glints2/dict_0000_0123.uasset" 6574
"../../../Engine/Content/EngineMaterials/Substrate/Glints2/dict_0000_0122.uasset" 6575
"/Engine/EngineMaterials/Substrate/Glints2/dict_0000_0113" 6576
"../../../Engine/Content/EngineMaterials/Substrate/Glints2/dict_0000_0129.uasset" 6577
"../../../Engine/Content/EngineMaterials/Substrate/Glints2/dict_0000_0128.uasset" 6578
"../../../Engine/Content/EngineMaterials/Substrate/Glints2/dict_0000_0132.uasset" 6579
"../../../Engine/Content/EngineMaterials/Substrate/Glints2/dict_0000_0126.uasset" 6580
"../../../Engine/Content/EngineMaterials/Substrate/Glints2/dict_0000_0133.uasset" 6581
"../../../Engine/Content/EngineMaterials/Substrate/Glints2/dict_0000_0125.uasset" 6582
"/Engine/EngineMaterials/Substrate/Glints2/dict_0000_0112" 6583
"/Engine/EngineMaterials/Substrate/Glints2/dict_0000_0111" 6584
"/Engine/EngineMaterials/Substrate/Glints2/dict_0000_0110" 6585
"/Engine/EngineMaterials/Substrate/Glints2/dict_0000_0109" 6586
"/Engine/EngineMaterials/Substrate/Glints2/dict_0000_0108" 6587
"/Engine/EngineMaterials/Substrate/Glints2/dict_0000_0107" 6588
"/Engine/EngineMaterials/Substrate/Glints2/dict_0000_0106" 6589
"/Engine/EngineMaterials/Substrate/Glints2/dict_0000_0105" 6590
"/Engine/EngineMaterials/Substrate/Glints2/dict_0000_0104" 6591
"/Engine/EngineMaterials/Substrate/Glints2/dict_0000_0103" 6592
"/Engine/EngineMaterials/Substrate/Glints2/dict_0000_0120" 6593
"/Engine/EngineMaterials/Substrate/Glints2/dict_0000_0119" 6594
"/Engine/EngineMaterials/Substrate/Glints2/dict_0000_0102" 6595
"/Engine/EngineMaterials/Substrate/Glints2/dict_0000_0117" 6596
"/Engine/EngineMaterials/Substrate/Glints2/dict_0000_0116" 6597
"/Engine/EngineMaterials/Substrate/Glints2/dict_0000_0115" 6598
"../../../Engine/Content/EngineMaterials/Substrate/Glints2/dict_0000_0134.uasset" 6599
"../../../Engine/Content/EngineMaterials/Substrate/Glints2/dict_0000_0135.uasset" 6600
"../../../Engine/Content/EngineMaterials/Substrate/Glints2/dict_0000_0136.uasset" 6601
"../../../Engine/Content/EngineMaterials/Substrate/Glints2/dict_0000_0137.uasset" 6602
"../../../Engine/Content/EngineMaterials/Substrate/Glints2/dict_0000_0138.uasset" 6603
"../../../Engine/Content/EngineMaterials/Substrate/Glints2/dict_0000_0141.uasset" 6604
"../../../Engine/Content/EngineMaterials/Substrate/Glints2/dict_0000_0146.uasset" 6605
"../../../Engine/Content/EngineMaterials/Substrate/Glints2/dict_0000_0139.uasset" 6606
"../../../Engine/Content/EngineMaterials/Substrate/Glints2/dict_0000_0149.uasset" 6607
"../../../Engine/Content/EngineMaterials/Substrate/Glints2/dict_0000_0150.uasset" 6608
"../../../Engine/Content/EngineMaterials/Substrate/Glints2/dict_0000_0151.uasset" 6609
"/Engine/EngineMaterials/Substrate/Glints2/dict_0000_0133" 6610
"../../../Engine/Content/EngineMaterials/Substrate/Glints2/dict_0000_0143.uasset" 6611
"../../../Engine/Content/EngineMaterials/Substrate/Glints2/dict_0000_0145.uasset" 6612
"../../../Engine/Content/EngineMaterials/Substrate/Glints2/dict_0000_0142.uasset" 6613
"../../../Engine/Content/EngineMaterials/Substrate/Glints2/dict_0000_0147.uasset" 6614
"../../../Engine/Content/EngineMaterials/Substrate/Glints2/dict_0000_0144.uasset" 6615
"/Engine/EngineMaterials/Substrate/Glints2/dict_0000_0132" 6616
"../../../Engine/Content/EngineMaterials/Substrate/Glints2/dict_0000_0140.uasset" 6617
"/Engine/EngineMaterials/Substrate/Glints2/dict_0000_0131" 6618
"/Engine/EngineMaterials/Substrate/Glints2/dict_0000_0130" 6619
"../../../Engine/Content/EngineMaterials/Substrate/Glints2/dict_0000_0148.uasset" 6620
"/Engine/EngineMaterials/Substrate/Glints2/dict_0000_0129" 6621
"/Engine/EngineMaterials/Substrate/Glints2/dict_0000_0128" 6622
"/Engine/EngineMaterials/Substrate/Glints2/dict_0000_0127" 6623
"/Engine/EngineMaterials/Substrate/Glints2/dict_0000_0126" 6624
"/Engine/EngineMaterials/Substrate/Glints2/dict_0000_0125" 6625
"/Engine/EngineMaterials/Substrate/Glints2/dict_0000_0124" 6626
"/Engine/EngineMaterials/Substrate/Glints2/dict_0000_0123" 6627
"/Engine/EngineMaterials/Substrate/Glints2/dict_0000_0122" 6628
"/Engine/EngineMaterials/Substrate/Glints2/dict_0000_0121" 6629
"/Engine/EngineMaterials/Substrate/Glints2/dict_0000_0138" 6630
"/Engine/EngineMaterials/Substrate/Glints2/dict_0000_0118" 6631
"/Engine/EngineMaterials/Substrate/Glints2/dict_0000_0137" 6632
"/Engine/EngineMaterials/Substrate/Glints2/dict_0000_0136" 6633
"/Engine/EngineMaterials/Substrate/Glints2/dict_0000_0135" 6634
"/Engine/EngineMaterials/Substrate/Glints2/dict_0000_0134" 6635
"../../../Engine/Content/EngineMaterials/Substrate/Glints2/dict_0000_0153.uasset" 6636
"../../../Engine/Content/EngineMaterials/Substrate/Glints2/dict_0000_0157.uasset" 6637
"../../../Engine/Content/EngineMaterials/Substrate/Glints2/dict_0000_0154.uasset" 6638
"../../../Engine/Content/EngineMaterials/Substrate/Glints2/dict_0000_0158.uasset" 6639
"../../../Engine/Content/EngineMaterials/Substrate/Glints2/dict_0000_0160.uasset" 6640
"../../../Engine/Content/EngineMaterials/Substrate/Glints2/dict_0000_0165.uasset" 6641
"../../../Engine/Content/EngineMaterials/Substrate/Glints2/dict_0000_0166.uasset" 6642
"/Engine/EngineMaterials/Substrate/Glints2/dict_0000_0151" 6643
"../../../Engine/Content/EngineMaterials/Substrate/Glints2/dict_0000_0161.uasset" 6644
"../../../Engine/Content/EngineMaterials/Substrate/Glints2/dict_0000_0156.uasset" 6645
"../../../Engine/Content/EngineMaterials/Substrate/Glints2/dict_0000_0167.uasset" 6646
"../../../Engine/Content/EngineMaterials/Substrate/Glints2/dict_0000_0155.uasset" 6647
"../../../Engine/Content/EngineMaterials/Substrate/Glints2/dict_0000_0170.uasset" 6648
"../../../Engine/Content/EngineMaterials/Substrate/Glints2/dict_0000_0163.uasset" 6649
"../../../Engine/Content/EngineMaterials/Substrate/Glints2/dict_0000_0152.uasset" 6650
"../../../Engine/Content/EngineMaterials/Substrate/Glints2/dict_0000_0168.uasset" 6651
"../../../Engine/Content/EngineMaterials/Substrate/Glints2/dict_0000_0169.uasset" 6652
"../../../Engine/Content/EngineMaterials/Substrate/Glints2/dict_0000_0162.uasset" 6653
"../../../Engine/Content/EngineMaterials/Substrate/Glints2/dict_0000_0164.uasset" 6654
"../../../Engine/Content/EngineMaterials/Substrate/Glints2/dict_0000_0159.uasset" 6655
"/Engine/EngineMaterials/Substrate/Glints2/dict_0000_0150" 6656
"/Engine/EngineMaterials/Substrate/Glints2/dict_0000_0149" 6657
"/Engine/EngineMaterials/Substrate/Glints2/dict_0000_0148" 6658
"/Engine/EngineMaterials/Substrate/Glints2/dict_0000_0147" 6659
"/Engine/EngineMaterials/Substrate/Glints2/dict_0000_0146" 6660
"/Engine/EngineMaterials/Substrate/Glints2/dict_0000_0145" 6661
"/Engine/EngineMaterials/Substrate/Glints2/dict_0000_0144" 6662
"/Engine/EngineMaterials/Substrate/Glints2/dict_0000_0143" 6663
"/Engine/EngineMaterials/Substrate/Glints2/dict_0000_0142" 6664
"/Engine/EngineMaterials/Substrate/Glints2/dict_0000_0141" 6665
"/Engine/EngineMaterials/Substrate/Glints2/dict_0000_0140" 6666
"/Engine/EngineMaterials/Substrate/Glints2/dict_0000_0139" 6667
"/Engine/EngineMaterials/Substrate/Glints2/dict_0000_0157" 6668
"/Engine/EngineMaterials/Substrate/Glints2/dict_0000_0153" 6669
"../../../Engine/Content/EngineMaterials/Substrate/Glints2/dict_0000_0172.uasset" 6670
"../../../Engine/Content/EngineMaterials/Substrate/Glints2/dict_0000_0174.uasset" 6671
"../../../Engine/Content/EngineMaterials/Substrate/Glints2/dict_0000_0176.uasset" 6672
"../../../Engine/Content/EngineMaterials/Substrate/Glints2/dict_0000_0178.uasset" 6673
"../../../Engine/Content/EngineMaterials/Substrate/Glints2/dict_0000_0173.uasset" 6674
"../../../Engine/Content/EngineMaterials/Substrate/Glints2/dict_0000_0177.uasset" 6675
"../../../Engine/Content/EngineMaterials/Substrate/Glints2/dict_0000_0184.uasset" 6676
"../../../Engine/Content/EngineMaterials/Substrate/Glints2/dict_0000_0181.uasset" 6677
"/Engine/EngineMaterials/Substrate/Glints2/dict_0000_0170" 6678
"../../../Engine/Content/EngineMaterials/Substrate/Glints2/dict_0000_0180.uasset" 6679
"../../../Engine/Content/EngineMaterials/Substrate/Glints2/dict_0000_0185.uasset" 6680
"../../../Engine/Content/EngineMaterials/Substrate/Glints2/dict_0000_0183.uasset" 6681
"/Engine/EngineMaterials/Substrate/Glints2/dict_0000_0169" 6682
"/Engine/EngineMaterials/Substrate/Glints2/dict_0000_0168" 6683
"../../../Engine/Content/EngineMaterials/Substrate/Glints2/dict_0000_0182.uasset" 6684
"../../../Engine/Content/EngineMaterials/Substrate/Glints2/dict_0000_0175.uasset" 6685
"/Engine/EngineMaterials/Substrate/Glints2/dict_0000_0167" 6686
"../../../Engine/Content/EngineMaterials/Substrate/Glints2/dict_0000_0179.uasset" 6687
"../../../Engine/Content/EngineMaterials/Substrate/Glints2/dict_0000_0171.uasset" 6688
"/Engine/EngineMaterials/Substrate/Glints2/dict_0000_0166" 6689
"/Engine/EngineMaterials/Substrate/Glints2/dict_0000_0165" 6690
"/Engine/EngineMaterials/Substrate/Glints2/dict_0000_0164" 6691
"/Engine/EngineMaterials/Substrate/Glints2/dict_0000_0163" 6692
"/Engine/EngineMaterials/Substrate/Glints2/dict_0000_0162" 6693
"/Engine/EngineMaterials/Substrate/Glints2/dict_0000_0161" 6694
"/Engine/EngineMaterials/Substrate/Glints2/dict_0000_0160" 6695
"/Engine/EngineMaterials/Substrate/Glints2/dict_0000_0159" 6696
"/Engine/EngineMaterials/Substrate/Glints2/dict_0000_0158" 6697
"/Engine/EngineMaterials/Substrate/Glints2/dict_0000_0174" 6698
"/Engine/EngineMaterials/Substrate/Glints2/dict_0000_0172" 6699
"/Engine/EngineMaterials/Substrate/Glints2/dict_0000_0156" 6700
"/Engine/EngineMaterials/Substrate/Glints2/dict_0000_0155" 6701
"/Engine/EngineMaterials/Substrate/Glints2/dict_0000_0154" 6702
"/Engine/EngineMaterials/Substrate/Glints2/dict_0000_0152" 6703
"../../../Engine/Content/EngineMaterials/Substrate/Glints2/dict_0000_0191.uasset" 6704
"../../../Engine/Content/EngineMaterials/Substrate/Glints2/dict_0000_0192.uasset" 6705
"../../../Engine/Content/EngineMaterials/Substrate/Glints2/dict_0000_0196.uasset" 6706
"../../../Engine/Content/EngineMaterials/Substrate/Glints2/dict_0000_0197.uasset" 6707
"../../../Engine/Content/EngineMaterials/Substrate/Glints2/dict_0000_0199.uasset" 6708
"../../../Engine/Content/EngineMaterials/Substrate/Glints2/dict_0000_0198.uasset" 6709
"../../../Engine/Content/EngineMaterials/Substrate/Glints2/dict_0000_0200.uasset" 6710
"../../../Engine/Content/EngineMaterials/Substrate/Glints2/dict_0000_0193.uasset" 6711
"../../../Engine/Content/EngineMaterials/Substrate/Glints2/dict_0000_0201.uasset" 6712
"../../../Engine/Content/EngineMaterials/Substrate/Glints2/dict_0000_0187.uasset" 6713
"../../../Engine/Content/EngineMaterials/Substrate/Glints2/dict_0000_0203.uasset" 6714
"../../../Engine/Content/EngineMaterials/Substrate/Glints2/dict_0000_0204.uasset" 6715
"../../../Engine/Content/EngineMaterials/Substrate/Glints2/dict_0000_0202.uasset" 6716
"../../../Engine/Content/EngineMaterials/Substrate/Glints2/dict_0000_0194.uasset" 6717
"../../../Engine/Content/EngineMaterials/Substrate/Glints2/dict_0000_0189.uasset" 6718
"../../../Engine/Content/EngineMaterials/Substrate/Glints2/dict_0000_0195.uasset" 6719
"/Engine/EngineMaterials/Substrate/Glints2/dict_0000_0185" 6720
"../../../Engine/Content/EngineMaterials/Substrate/Glints2/dict_0000_0188.uasset" 6721
"/Engine/EngineMaterials/Substrate/Glints2/dict_0000_0184" 6722
"../../../Engine/Content/EngineMaterials/Substrate/Glints2/dict_0000_0186.uasset" 6723
"../../../Engine/Content/EngineMaterials/Substrate/Glints2/dict_0000_0190.uasset" 6724
"/Engine/EngineMaterials/Substrate/Glints2/dict_0000_0183" 6725
"/Engine/EngineMaterials/Substrate/Glints2/dict_0000_0182" 6726
"/Engine/EngineMaterials/Substrate/Glints2/dict_0000_0181" 6727
"/Engine/EngineMaterials/Substrate/Glints2/dict_0000_0180" 6728
"/Engine/EngineMaterials/Substrate/Glints2/dict_0000_0179" 6729
"/Engine/EngineMaterials/Substrate/Glints2/dict_0000_0178" 6730
"/Engine/EngineMaterials/Substrate/Glints2/dict_0000_0177" 6731
"/Engine/EngineMaterials/Substrate/Glints2/dict_0000_0176" 6732
"/Engine/EngineMaterials/Substrate/Glints2/dict_0000_0192" 6733
"/Engine/EngineMaterials/Substrate/Glints2/dict_0000_0175" 6734
"/Engine/EngineMaterials/Substrate/Glints2/dict_0000_0191" 6735
"/Engine/EngineMaterials/Substrate/Glints2/dict_0000_0173" 6736
"/Engine/EngineMaterials/Substrate/Glints2/dict_0000_0171" 6737
"../../../Engine/Content/EngineMaterials/Substrate/Glints2/dict_0000_0208.uasset" 6738
"../../../Engine/Content/EngineMaterials/Substrate/Glints2/dict_0000_0205.uasset" 6739
"../../../Engine/Content/EngineMaterials/Substrate/Glints2/dict_0000_0213.uasset" 6740
"../../../Engine/Content/EngineMaterials/Substrate/Glints2/dict_0000_0209.uasset" 6741
"../../../Engine/Content/EngineMaterials/Substrate/Glints2/dict_0000_0215.uasset" 6742
"../../../Engine/Content/EngineMaterials/Substrate/Glints2/dict_0000_0218.uasset" 6743
"../../../Engine/Content/EngineMaterials/Substrate/Glints2/dict_0000_0216.uasset" 6744
"../../../Engine/Content/EngineMaterials/Substrate/Glints2/dict_0000_0217.uasset" 6745
"/Engine/EngineMaterials/Substrate/Glints2/dict_0000_0204" 6746
"../../../Engine/Content/EngineMaterials/Substrate/Glints2/dict_0000_0219.uasset" 6747
"../../../Engine/Content/EngineMaterials/Substrate/Glints2/dict_0000_0214.uasset" 6748
"../../../Engine/Content/EngineMaterials/Substrate/Glints2/dict_0000_0212.uasset" 6749
"/Engine/EngineMaterials/Substrate/Glints2/dict_0000_0203" 6750
"/Engine/EngineMaterials/Substrate/Glints2/dict_0000_0202" 6751
"/Engine/EngineMaterials/Substrate/Glints2/dict_0000_0201" 6752
"../../../Engine/Content/EngineMaterials/Substrate/Glints2/dict_0000_0207.uasset" 6753
"../../../Engine/Content/EngineMaterials/Substrate/Glints2/dict_0000_0206.uasset" 6754
"/Engine/EngineMaterials/Substrate/Glints2/dict_0000_0200" 6755
"../../../Engine/Content/EngineMaterials/Substrate/Glints2/dict_0000_0211.uasset" 6756
"../../../Engine/Content/EngineMaterials/Substrate/Glints2/dict_0000_0210.uasset" 6757
"/Engine/EngineMaterials/Substrate/Glints2/dict_0000_0199" 6758
"/Engine/EngineMaterials/Substrate/Glints2/dict_0000_0198" 6759
"/Engine/EngineMaterials/Substrate/Glints2/dict_0000_0197" 6760
"/Engine/EngineMaterials/Substrate/Glints2/dict_0000_0196" 6761
"/Engine/EngineMaterials/Substrate/Glints2/dict_0000_0195" 6762
"/Engine/EngineMaterials/Substrate/Glints2/dict_0000_0194" 6763
"/Engine/EngineMaterials/Substrate/Glints2/dict_0000_0193" 6764
"/Engine/EngineMaterials/Substrate/Glints2/dict_0000_0208" 6765
"/Engine/EngineMaterials/Substrate/Glints2/dict_0000_0190" 6766
"/Engine/EngineMaterials/Substrate/Glints2/dict_0000_0189" 6767
"/Engine/EngineMaterials/Substrate/Glints2/dict_0000_0188" 6768
"/Engine/EngineMaterials/Substrate/Glints2/dict_0000_0187" 6769
"/Engine/EngineMaterials/Substrate/Glints2/dict_0000_0205" 6770
"/Engine/EngineMaterials/Substrate/Glints2/dict_0000_0186" 6771
"../../../Engine/Content/EngineMaterials/Substrate/Glints2/dict_0000_0221.uasset" 6772
"../../../Engine/Content/EngineMaterials/Substrate/Glints2/dict_0000_0223.uasset" 6773
"../../../Engine/Content/EngineMaterials/Substrate/Glints2/dict_0000_0220.uasset" 6774
"../../../Engine/Content/EngineMaterials/Substrate/Glints2/dict_0000_0224.uasset" 6775
"../../../Engine/Content/EngineMaterials/Substrate/Glints2/dict_0000_0226.uasset" 6776
"../../../Engine/Content/EngineMaterials/Substrate/Glints2/dict_0000_0225.uasset" 6777
"../../../Engine/Content/EngineMaterials/Substrate/Glints2/dict_0000_0232.uasset" 6778
"../../../Engine/Content/EngineMaterials/Substrate/Glints2/dict_0000_0231.uasset" 6779
"../../../Engine/Content/EngineMaterials/Substrate/Glints2/dict_0000_0229.uasset" 6780
"../../../Engine/Content/EngineMaterials/Substrate/Glints2/dict_0000_0236.uasset" 6781
"../../../Engine/Content/EngineMaterials/Substrate/Glints2/dict_0000_0237.uasset" 6782
"../../../Engine/Content/EngineMaterials/Substrate/Glints2/dict_0000_0235.uasset" 6783
"/Engine/EngineMaterials/Substrate/Glints2/dict_0000_0219" 6784
"../../../Engine/Content/EngineMaterials/Substrate/Glints2/dict_0000_0228.uasset" 6785
"../../../Engine/Content/EngineMaterials/Substrate/Glints2/dict_0000_0238.uasset" 6786
"../../../Engine/Content/EngineMaterials/Substrate/Glints2/dict_0000_0227.uasset" 6787
"/Engine/EngineMaterials/Substrate/Glints2/dict_0000_0218" 6788
"/Engine/EngineMaterials/Substrate/Glints2/dict_0000_0217" 6789
"../../../Engine/Content/EngineMaterials/Substrate/Glints2/dict_0000_0230.uasset" 6790
"../../../Engine/Content/EngineMaterials/Substrate/Glints2/dict_0000_0222.uasset" 6791
"../../../Engine/Content/EngineMaterials/Substrate/Glints2/dict_0000_0234.uasset" 6792
"../../../Engine/Content/EngineMaterials/Substrate/Glints2/dict_0000_0233.uasset" 6793
"/Engine/EngineMaterials/Substrate/Glints2/dict_0000_0216" 6794
"/Engine/EngineMaterials/Substrate/Glints2/dict_0000_0215" 6795
"/Engine/EngineMaterials/Substrate/Glints2/dict_0000_0214" 6796
"/Engine/EngineMaterials/Substrate/Glints2/dict_0000_0213" 6797
"/Engine/EngineMaterials/Substrate/Glints2/dict_0000_0212" 6798
"/Engine/EngineMaterials/Substrate/Glints2/dict_0000_0211" 6799
"/Engine/EngineMaterials/Substrate/Glints2/dict_0000_0210" 6800
"/Engine/EngineMaterials/Substrate/Glints2/dict_0000_0209" 6801
"/Engine/EngineMaterials/Substrate/Glints2/dict_0000_0226" 6802
"/Engine/EngineMaterials/Substrate/Glints2/dict_0000_0207" 6803
"/Engine/EngineMaterials/Substrate/Glints2/dict_0000_0206" 6804
"/Engine/EngineMaterials/Substrate/Glints2/dict_0000_0225" 6805
"/Engine/EngineMaterials/Substrate/Glints2/dict_0000_0224" 6806
"/Engine/EngineMaterials/Substrate/Glints2/dict_0000_0223" 6807
"/Engine/EngineMaterials/Substrate/Glints2/dict_0000_0221" 6808
"/Engine/EngineMaterials/Substrate/Glints2/dict_0000_0220" 6809
"../../../Engine/Content/EngineMaterials/Substrate/Glints2/dict_0000_0239.uasset" 6810
"../../../Engine/Content/EngineMaterials/Substrate/Glints2/dict_0000_0240.uasset" 6811
"../../../Engine/Content/EngineMaterials/Substrate/Glints2/dict_0000_0243.uasset" 6812
"../../../Engine/Content/EngineMaterials/Substrate/Glints2/dict_0000_0244.uasset" 6813
"../../../Engine/Content/EngineMaterials/Substrate/Glints2/dict_0000_0248.uasset" 6814
"../../../Engine/Content/EngineMaterials/Substrate/Glints2/dict_0000_0245.uasset" 6815
"../../../Engine/Content/EngineMaterials/Substrate/Glints2/dict_0000_0246.uasset" 6816
"../../../Engine/Content/EngineMaterials/Substrate/Glints2/dict_0000_0251.uasset" 6817
"../../../Engine/Content/EngineMaterials/Substrate/Glints2/dict_0000_0250.uasset" 6818
"../../../Engine/Content/EngineMaterials/Substrate/Glints2/dict_0000_0253.uasset" 6819
"../../../Engine/Content/EngineMaterials/Substrate/Glints2/dict_0000_0249.uasset" 6820
"../../../Engine/Content/EngineMaterials/Substrate/Glints2/dict_0000_0254.uasset" 6821
"../../../Engine/Content/EngineMaterials/Substrate/Glints2/dict_0001_0001.uasset" 6822
"/Engine/EngineMaterials/Substrate/Glints2/dict_0000_0238" 6823
"../../../Engine/Content/EngineMaterials/Substrate/Glints2/dict_0000_0255.uasset" 6824
"../../../Engine/Content/EngineMaterials/Substrate/Glints2/dict_0000_0252.uasset" 6825
"../../../Engine/Content/EngineMaterials/Substrate/Glints2/dict_0000_0242.uasset" 6826
"../../../Engine/Content/EngineMaterials/Substrate/Glints2/dict_0001_0000.uasset" 6827
"../../../Engine/Content/EngineMaterials/Substrate/Glints2/dict_0000_0247.uasset" 6828
"/Engine/EngineMaterials/Substrate/Glints2/dict_0000_0237" 6829
"/Engine/EngineMaterials/Substrate/Glints2/dict_0000_0236" 6830
"../../../Engine/Content/EngineMaterials/Substrate/Glints2/dict_0000_0241.uasset" 6831
"/Engine/EngineMaterials/Substrate/Glints2/dict_0000_0235" 6832
"/Engine/EngineMaterials/Substrate/Glints2/dict_0000_0234" 6833
"/Engine/EngineMaterials/Substrate/Glints2/dict_0000_0233" 6834
"/Engine/EngineMaterials/Substrate/Glints2/dict_0000_0232" 6835
"/Engine/EngineMaterials/Substrate/Glints2/dict_0000_0231" 6836
"/Engine/EngineMaterials/Substrate/Glints2/dict_0000_0230" 6837
"/Engine/EngineMaterials/Substrate/Glints2/dict_0000_0229" 6838
"/Engine/EngineMaterials/Substrate/Glints2/dict_0000_0228" 6839
"/Engine/EngineMaterials/Substrate/Glints2/dict_0000_0227" 6840
"/Engine/EngineMaterials/Substrate/Glints2/dict_0000_0248" 6841
"/Engine/EngineMaterials/Substrate/Glints2/dict_0000_0246" 6842
"/Engine/EngineMaterials/Substrate/Glints2/dict_0000_0245" 6843
"/Engine/EngineMaterials/Substrate/Glints2/dict_0000_0244" 6844
"/Engine/EngineMaterials/Substrate/Glints2/dict_0000_0243" 6845
"/Engine/EngineMaterials/Substrate/Glints2/dict_0000_0222" 6846
"/Engine/EngineMaterials/Substrate/Glints2/dict_0000_0240" 6847
"/Engine/EngineMaterials/Substrate/Glints2/dict_0000_0239" 6848
"../../../Engine/Content/EngineMaterials/Substrate/Glints2/dict_0001_0002.uasset" 6849
"../../../Engine/Content/EngineMaterials/Substrate/Glints2/dict_0001_0003.uasset" 6850
"../../../Engine/Content/EngineMaterials/Substrate/Glints2/dict_0001_0006.uasset" 6851
"../../../Engine/Content/EngineMaterials/Substrate/Glints2/dict_0001_0004.uasset" 6852
"../../../Engine/Content/EngineMaterials/Substrate/Glints2/dict_0001_0005.uasset" 6853
"../../../Engine/Content/EngineMaterials/Substrate/Glints2/dict_0001_0011.uasset" 6854
"../../../Engine/Content/EngineMaterials/Substrate/Glints2/dict_0001_0009.uasset" 6855
"../../../Engine/Content/EngineMaterials/Substrate/Glints2/dict_0001_0014.uasset" 6856
"../../../Engine/Content/EngineMaterials/Substrate/Glints2/dict_0001_0015.uasset" 6857
"../../../Engine/Content/EngineMaterials/Substrate/Glints2/dict_0001_0017.uasset" 6858
"../../../Engine/Content/EngineMaterials/Substrate/Glints2/dict_0001_0019.uasset" 6859
"../../../Engine/Content/EngineMaterials/Substrate/Glints2/dict_0001_0021.uasset" 6860
"../../../Engine/Content/EngineMaterials/Substrate/Glints2/dict_0001_0007.uasset" 6861
"/Engine/EngineMaterials/Substrate/Glints2/dict_0001_0001" 6862
"../../../Engine/Content/EngineMaterials/Substrate/Glints2/dict_0001_0020.uasset" 6863
"../../../Engine/Content/EngineMaterials/Substrate/Glints2/dict_0001_0016.uasset" 6864
"../../../Engine/Content/EngineMaterials/Substrate/Glints2/dict_0001_0012.uasset" 6865
"../../../Engine/Content/EngineMaterials/Substrate/Glints2/dict_0001_0008.uasset" 6866
"../../../Engine/Content/EngineMaterials/Substrate/Glints2/dict_0001_0010.uasset" 6867
"../../../Engine/Content/EngineMaterials/Substrate/Glints2/dict_0001_0013.uasset" 6868
"/Engine/EngineMaterials/Substrate/Glints2/dict_0001_0000" 6869
"/Engine/EngineMaterials/Substrate/Glints2/dict_0000_0255" 6870
"../../../Engine/Content/EngineMaterials/Substrate/Glints2/dict_0001_0018.uasset" 6871
"/Engine/EngineMaterials/Substrate/Glints2/dict_0000_0254" 6872
"/Engine/EngineMaterials/Substrate/Glints2/dict_0000_0253" 6873
"/Engine/EngineMaterials/Substrate/Glints2/dict_0000_0252" 6874
"/Engine/EngineMaterials/Substrate/Glints2/dict_0001_0011" 6875
"/Engine/EngineMaterials/Substrate/Glints2/dict_0000_0251" 6876
"/Engine/EngineMaterials/Substrate/Glints2/dict_0000_0250" 6877
"/Engine/EngineMaterials/Substrate/Glints2/dict_0000_0249" 6878
"/Engine/EngineMaterials/Substrate/Glints2/dict_0001_0009" 6879
"/Engine/EngineMaterials/Substrate/Glints2/dict_0000_0247" 6880
"/Engine/EngineMaterials/Substrate/Glints2/dict_0001_0006" 6881
"/Engine/EngineMaterials/Substrate/Glints2/dict_0001_0005" 6882
"/Engine/EngineMaterials/Substrate/Glints2/dict_0000_0242" 6883
"/Engine/EngineMaterials/Substrate/Glints2/dict_0000_0241" 6884
"/Engine/EngineMaterials/Substrate/Glints2/dict_0001_0004" 6885
"/Engine/EngineMaterials/Substrate/Glints2/dict_0001_0003" 6886
"/Engine/EngineMaterials/Substrate/Glints2/dict_0001_0002" 6887
"/Engine/EngineMaterials/Substrate/Glints2/dict_0001_0021" 6888
"/Engine/EngineMaterials/Substrate/Glints2/dict_0001_0020" 6889
"/Engine/EngineMaterials/Substrate/Glints2/dict_0001_0019" 6890
"../../../Engine/Content/EngineMaterials/Substrate/Glints2/dict_0001_0026.uasset" 6891
"../../../Engine/Content/EngineMaterials/Substrate/Glints2/dict_0001_0025.uasset" 6892
"../../../Engine/Content/EngineMaterials/Substrate/Glints2/dict_0001_0023.uasset" 6893
"../../../Engine/Content/EngineMaterials/Substrate/Glints2/dict_0001_0024.uasset" 6894
"../../../Engine/Content/EngineMaterials/Substrate/Glints2/dict_0001_0027.uasset" 6895
"../../../Engine/Content/EngineMaterials/Substrate/Glints2/dict_0001_0028.uasset" 6896
"../../../Engine/Content/EngineMaterials/Substrate/Glints2/dict_0001_0030.uasset" 6897
"../../../Engine/Content/EngineMaterials/Substrate/Glints2/dict_0001_0033.uasset" 6898
"../../../Engine/Content/EngineMaterials/Substrate/Glints2/dict_0001_0040.uasset" 6899
"../../../Engine/Content/EngineMaterials/Substrate/Glints2/dict_0001_0031.uasset" 6900
"/Engine/EngineMaterials/Substrate/Glints2/dict_0001_0018" 6901
"../../../Engine/Content/EngineMaterials/Substrate/Glints2/dict_0001_0032.uasset" 6902
"/Engine/EngineMaterials/Substrate/Glints2/dict_0001_0017" 6903
"../../../Engine/Content/EngineMaterials/Substrate/Glints2/dict_0001_0037.uasset" 6904
"../../../Engine/Content/EngineMaterials/Substrate/Glints2/dict_0001_0034.uasset" 6905
"../../../Engine/Content/EngineMaterials/Substrate/Glints2/dict_0001_0038.uasset" 6906
"../../../Engine/Content/EngineMaterials/Substrate/Glints2/dict_0001_0022.uasset" 6907
"../../../Engine/Content/EngineMaterials/Substrate/Glints2/dict_0001_0029.uasset" 6908
"../../../Engine/Content/EngineMaterials/Substrate/Glints2/dict_0001_0036.uasset" 6909
"../../../Engine/Content/EngineMaterials/Substrate/Glints2/dict_0001_0035.uasset" 6910
"../../../Engine/Content/EngineMaterials/Substrate/Glints2/dict_0001_0039.uasset" 6911
"/Engine/EngineMaterials/Substrate/Glints2/dict_0001_0016" 6912
"/Engine/EngineMaterials/Substrate/Glints2/dict_0001_0015" 6913
"/Engine/EngineMaterials/Substrate/Glints2/dict_0001_0014" 6914
"/Engine/EngineMaterials/Substrate/Glints2/dict_0001_0013" 6915
"/Engine/EngineMaterials/Substrate/Glints2/dict_0001_0012" 6916
"/Engine/EngineMaterials/Substrate/Glints2/dict_0001_0010" 6917
"/Engine/EngineMaterials/Substrate/Glints2/dict_0001_0008" 6918
"/Engine/EngineMaterials/Substrate/Glints2/dict_0001_0007" 6919
"../../../Engine/Content/EngineMaterials/Substrate/Glints2/dict_0001_0041.uasset" 6920
"../../../Engine/Content/EngineMaterials/Substrate/Glints2/dict_0001_0043.uasset" 6921
"../../../Engine/Content/EngineMaterials/Substrate/Glints2/dict_0001_0044.uasset" 6922
"../../../Engine/Content/EngineMaterials/Substrate/Glints2/dict_0001_0046.uasset" 6923
"../../../Engine/Content/EngineMaterials/Substrate/Glints2/dict_0001_0049.uasset" 6924
"../../../Engine/Content/EngineMaterials/Substrate/Glints2/dict_0001_0045.uasset" 6925
"../../../Engine/Content/EngineMaterials/Substrate/Glints2/dict_0001_0050.uasset" 6926
"../../../Engine/Content/EngineMaterials/Substrate/Glints2/dict_0001_0052.uasset" 6927
"../../../Engine/Content/EngineMaterials/Substrate/Glints2/dict_0001_0047.uasset" 6928
"../../../Engine/Content/EngineMaterials/Substrate/Glints2/dict_0001_0042.uasset" 6929
"../../../Engine/Content/EngineMaterials/Substrate/Glints2/dict_0001_0051.uasset" 6930
"/Engine/EngineMaterials/Substrate/Glints2/dict_0001_0040" 6931
"../../../Engine/Content/EngineMaterials/Substrate/Glints2/dict_0001_0053.uasset" 6932
"../../../Engine/Content/EngineMaterials/Substrate/Glints2/dict_0001_0048.uasset" 6933
"/Engine/EngineMaterials/Substrate/Glints2/dict_0001_0039" 6934
"/Engine/EngineMaterials/Substrate/Glints2/dict_0001_0038" 6935
"/Engine/EngineMaterials/Substrate/Glints2/dict_0001_0037" 6936
"/Engine/EngineMaterials/Substrate/Glints2/dict_0001_0036" 6937
"/Engine/EngineMaterials/Substrate/Glints2/dict_0001_0035" 6938
"/Engine/EngineMaterials/Substrate/Glints2/dict_0001_0034" 6939
"/Engine/EngineMaterials/Substrate/Glints2/dict_0001_0033" 6940
"/Engine/EngineMaterials/Substrate/Glints2/dict_0001_0032" 6941
"/Engine/EngineMaterials/Substrate/Glints2/dict_0001_0031" 6942
"/Engine/EngineMaterials/Substrate/Glints2/dict_0001_0030" 6943
"/Engine/EngineMaterials/Substrate/Glints2/dict_0001_0029" 6944
"/Engine/EngineMaterials/Substrate/Glints2/dict_0001_0028" 6945
"/Engine/EngineMaterials/Substrate/Glints2/dict_0001_0027" 6946
"/Engine/EngineMaterials/Substrate/Glints2/dict_0001_0026" 6947
"/Engine/EngineMaterials/Substrate/Glints2/dict_0001_0025" 6948
"/Engine/EngineMaterials/Substrate/Glints2/dict_0001_0024" 6949
"/Engine/EngineMaterials/Substrate/Glints2/dict_0001_0023" 6950
"/Engine/EngineMaterials/Substrate/Glints2/dict_0001_0022" 6951
"../../../Engine/Content/EngineMaterials/Substrate/Glints2/dict_0001_0054.uasset" 6952
"../../../Engine/Content/EngineMaterials/Substrate/Glints2/dict_0001_0057.uasset" 6953
"../../../Engine/Content/EngineMaterials/Substrate/Glints2/dict_0001_0060.uasset" 6954
"../../../Engine/Content/EngineMaterials/Substrate/Glints2/dict_0001_0062.uasset" 6955
"../../../Engine/Content/EngineMaterials/Substrate/Glints2/dict_0001_0061.uasset" 6956
"../../../Engine/Content/EngineMaterials/Substrate/Glints2/dict_0001_0058.uasset" 6957
"../../../Engine/Content/EngineMaterials/Substrate/Glints2/dict_0001_0069.uasset" 6958
"../../../Engine/Content/EngineMaterials/Substrate/Glints2/dict_0001_0072.uasset" 6959
"../../../Engine/Content/EngineMaterials/Substrate/Glints2/dict_0001_0070.uasset" 6960
"../../../Engine/Content/EngineMaterials/Substrate/Glints2/dict_0001_0071.uasset" 6961
"../../../Engine/Content/EngineMaterials/Substrate/Glints2/dict_0001_0056.uasset" 6962
"../../../Engine/Content/EngineMaterials/Substrate/Glints2/dict_0001_0066.uasset" 6963
"../../../Engine/Content/EngineMaterials/Substrate/Glints2/dict_0001_0064.uasset" 6964
"../../../Engine/Content/EngineMaterials/Substrate/Glints2/dict_0001_0067.uasset" 6965
"../../../Engine/Content/EngineMaterials/Substrate/Glints2/dict_0001_0063.uasset" 6966
"/Engine/EngineMaterials/Substrate/Glints2/dict_0001_0053" 6967
"../../../Engine/Content/EngineMaterials/Substrate/Glints2/dict_0001_0068.uasset" 6968
"../../../Engine/Content/EngineMaterials/Substrate/Glints2/dict_0001_0059.uasset" 6969
"../../../Engine/Content/EngineMaterials/Substrate/Glints2/dict_0001_0055.uasset" 6970
"/Engine/EngineMaterials/Substrate/Glints2/dict_0001_0052" 6971
"../../../Engine/Content/EngineMaterials/Substrate/Glints2/dict_0001_0065.uasset" 6972
"/Engine/EngineMaterials/Substrate/Glints2/dict_0001_0051" 6973
"/Engine/EngineMaterials/Substrate/Glints2/dict_0001_0050" 6974
"/Engine/EngineMaterials/Substrate/Glints2/dict_0001_0049" 6975
"/Engine/EngineMaterials/Substrate/Glints2/dict_0001_0048" 6976
"/Engine/EngineMaterials/Substrate/Glints2/dict_0001_0047" 6977
"/Engine/EngineMaterials/Substrate/Glints2/dict_0001_0046" 6978
"/Engine/EngineMaterials/Substrate/Glints2/dict_0001_0045" 6979
"/Engine/EngineMaterials/Substrate/Glints2/dict_0001_0044" 6980
"/Engine/EngineMaterials/Substrate/Glints2/dict_0001_0043" 6981
"/Engine/EngineMaterials/Substrate/Glints2/dict_0001_0042" 6982
"/Engine/EngineMaterials/Substrate/Glints2/dict_0001_0041" 6983
"../../../Engine/Content/EngineMaterials/Substrate/Glints2/dict_0001_0073.uasset" 6984
"../../../Engine/Content/EngineMaterials/Substrate/Glints2/dict_0001_0075.uasset" 6985
"../../../Engine/Content/EngineMaterials/Substrate/Glints2/dict_0001_0078.uasset" 6986
"../../../Engine/Content/EngineMaterials/Substrate/Glints2/dict_0001_0077.uasset" 6987
"../../../Engine/Content/EngineMaterials/Substrate/Glints2/dict_0001_0083.uasset" 6988
"../../../Engine/Content/EngineMaterials/Substrate/Glints2/dict_0001_0079.uasset" 6989
"../../../Engine/Content/EngineMaterials/Substrate/Glints2/dict_0001_0084.uasset" 6990
"../../../Engine/Content/EngineMaterials/Substrate/Glints2/dict_0001_0080.uasset" 6991
"/Engine/EngineMaterials/Substrate/Glints2/dict_0001_0072" 6992
"../../../Engine/Content/EngineMaterials/Substrate/Glints2/dict_0001_0081.uasset" 6993
"../../../Engine/Content/EngineMaterials/Substrate/Glints2/dict_0001_0076.uasset" 6994
"../../../Engine/Content/EngineMaterials/Substrate/Glints2/dict_0001_0074.uasset" 6995
"../../../Engine/Content/EngineMaterials/Substrate/Glints2/dict_0001_0085.uasset" 6996
"/Engine/EngineMaterials/Substrate/Glints2/dict_0001_0071" 6997
"../../../Engine/Content/EngineMaterials/Substrate/Glints2/dict_0001_0082.uasset" 6998
"/Engine/EngineMaterials/Substrate/Glints2/dict_0001_0070" 6999
"/Engine/EngineMaterials/Substrate/Glints2/dict_0001_0069" 7000
"/Engine/EngineMaterials/Substrate/Glints2/dict_0001_0068" 7001
"/Engine/EngineMaterials/Substrate/Glints2/dict_0001_0067" 7002
"/Engine/EngineMaterials/Substrate/Glints2/dict_0001_0066" 7003
"/Engine/EngineMaterials/Substrate/Glints2/dict_0001_0065" 7004
"/Engine/EngineMaterials/Substrate/Glints2/dict_0001_0064" 7005
"/Engine/EngineMaterials/Substrate/Glints2/dict_0001_0063" 7006
"/Engine/EngineMaterials/Substrate/Glints2/dict_0001_0062" 7007
"/Engine/EngineMaterials/Substrate/Glints2/dict_0001_0061" 7008
"/Engine/EngineMaterials/Substrate/Glints2/dict_0001_0073" 7009
"/Engine/EngineMaterials/Substrate/Glints2/dict_0001_0060" 7010
"/Engine/EngineMaterials/Substrate/Glints2/dict_0001_0059" 7011
"/Engine/EngineMaterials/Substrate/Glints2/dict_0001_0058" 7012
"/Engine/EngineMaterials/Substrate/Glints2/dict_0001_0057" 7013
"/Engine/EngineMaterials/Substrate/Glints2/dict_0001_0056" 7014
"/Engine/EngineMaterials/Substrate/Glints2/dict_0001_0055" 7015
"/Engine/EngineMaterials/Substrate/Glints2/dict_0001_0054" 7016
"../../../Engine/Content/EngineMaterials/Substrate/Glints2/dict_0001_0086.uasset" 7017
"../../../Engine/Content/EngineMaterials/Substrate/Glints2/dict_0001_0090.uasset" 7018
"../../../Engine/Content/EngineMaterials/Substrate/Glints2/dict_0001_0087.uasset" 7019
"../../../Engine/Content/EngineMaterials/Substrate/Glints2/dict_0001_0093.uasset" 7020
"../../../Engine/Content/EngineMaterials/Substrate/Glints2/dict_0001_0092.uasset" 7021
"../../../Engine/Content/EngineMaterials/Substrate/Glints2/dict_0001_0094.uasset" 7022
"../../../Engine/Content/EngineMaterials/Substrate/Glints2/dict_0001_0100.uasset" 7023
"../../../Engine/Content/EngineMaterials/Substrate/Glints2/dict_0001_0101.uasset" 7024
"../../../Engine/Content/EngineMaterials/Substrate/Glints2/dict_0001_0095.uasset" 7025
"../../../Engine/Content/EngineMaterials/Substrate/Glints2/dict_0001_0096.uasset" 7026
"../../../Engine/Content/EngineMaterials/Substrate/Glints2/dict_0001_0103.uasset" 7027
"../../../Engine/Content/EngineMaterials/Substrate/Glints2/dict_0001_0102.uasset" 7028
"../../../Engine/Content/EngineMaterials/Substrate/Glints2/dict_0001_0105.uasset" 7029
"../../../Engine/Content/EngineMaterials/Substrate/Glints2/dict_0001_0098.uasset" 7030
"../../../Engine/Content/EngineMaterials/Substrate/Glints2/dict_0001_0091.uasset" 7031
"../../../Engine/Content/EngineMaterials/Substrate/Glints2/dict_0001_0099.uasset" 7032
"/Engine/EngineMaterials/Substrate/Glints2/dict_0001_0085" 7033
"../../../Engine/Content/EngineMaterials/Substrate/Glints2/dict_0001_0104.uasset" 7034
"/Engine/EngineMaterials/Substrate/Glints2/dict_0001_0084" 7035
"../../../Engine/Content/EngineMaterials/Substrate/Glints2/dict_0001_0097.uasset" 7036
"../../../Engine/Content/EngineMaterials/Substrate/Glints2/dict_0001_0088.uasset" 7037
"../../../Engine/Content/EngineMaterials/Substrate/Glints2/dict_0001_0089.uasset" 7038
"/Engine/EngineMaterials/Substrate/Glints2/dict_0001_0083" 7039
"/Engine/EngineMaterials/Substrate/Glints2/dict_0001_0082" 7040
"/Engine/EngineMaterials/Substrate/Glints2/dict_0001_0081" 7041
"/Engine/EngineMaterials/Substrate/Glints2/dict_0001_0080" 7042
"/Engine/EngineMaterials/Substrate/Glints2/dict_0001_0079" 7043
"/Engine/EngineMaterials/Substrate/Glints2/dict_0001_0078" 7044
"/Engine/EngineMaterials/Substrate/Glints2/dict_0001_0077" 7045
"/Engine/EngineMaterials/Substrate/Glints2/dict_0001_0076" 7046
"/Engine/EngineMaterials/Substrate/Glints2/dict_0001_0075" 7047
"/Engine/EngineMaterials/Substrate/Glints2/dict_0001_0074" 7048
"/Engine/EngineMaterials/Substrate/Glints2/dict_0001_0093" 7049
"/Engine/EngineMaterials/Substrate/Glints2/dict_0001_0092" 7050
"/Engine/EngineMaterials/Substrate/Glints2/dict_0001_0090" 7051
"/Engine/EngineMaterials/Substrate/Glints2/dict_0001_0087" 7052
"/Engine/EngineMaterials/Substrate/Glints2/dict_0001_0086" 7053
"../../../Engine/Content/EngineMaterials/Substrate/Glints2/dict_0001_0106.uasset" 7054
"../../../Engine/Content/EngineMaterials/Substrate/Glints2/dict_0001_0107.uasset" 7055
"../../../Engine/Content/EngineMaterials/Substrate/Glints2/dict_0001_0108.uasset" 7056
"../../../Engine/Content/EngineMaterials/Substrate/Glints2/dict_0001_0109.uasset" 7057
"../../../Engine/Content/EngineMaterials/Substrate/Glints2/dict_0001_0110.uasset" 7058
"../../../Engine/Content/EngineMaterials/Substrate/Glints2/dict_0001_0117.uasset" 7059
"../../../Engine/Content/EngineMaterials/Substrate/Glints2/dict_0001_0119.uasset" 7060
"../../../Engine/Content/EngineMaterials/Substrate/Glints2/dict_0001_0121.uasset" 7061
"../../../Engine/Content/EngineMaterials/Substrate/Glints2/dict_0001_0122.uasset" 7062
"../../../Engine/Content/EngineMaterials/Substrate/Glints2/dict_0001_0111.uasset" 7063
"/Engine/EngineMaterials/Substrate/Glints2/dict_0001_0105" 7064
"../../../Engine/Content/EngineMaterials/Substrate/Glints2/dict_0001_0114.uasset" 7065
"../../../Engine/Content/EngineMaterials/Substrate/Glints2/dict_0001_0115.uasset" 7066
"../../../Engine/Content/EngineMaterials/Substrate/Glints2/dict_0001_0112.uasset" 7067
"../../../Engine/Content/EngineMaterials/Substrate/Glints2/dict_0001_0116.uasset" 7068
"../../../Engine/Content/EngineMaterials/Substrate/Glints2/dict_0001_0118.uasset" 7069
"../../../Engine/Content/EngineMaterials/Substrate/Glints2/dict_0001_0120.uasset" 7070
"/Engine/EngineMaterials/Substrate/Glints2/dict_0001_0104" 7071
"../../../Engine/Content/EngineMaterials/Substrate/Glints2/dict_0001_0113.uasset" 7072
"/Engine/EngineMaterials/Substrate/Glints2/dict_0001_0103" 7073
"/Engine/EngineMaterials/Substrate/Glints2/dict_0001_0102" 7074
"/Engine/EngineMaterials/Substrate/Glints2/dict_0001_0101" 7075
"/Engine/EngineMaterials/Substrate/Glints2/dict_0001_0100" 7076
"/Engine/EngineMaterials/Substrate/Glints2/dict_0001_0099" 7077
"/Engine/EngineMaterials/Substrate/Glints2/dict_0001_0098" 7078
"/Engine/EngineMaterials/Substrate/Glints2/dict_0001_0097" 7079
"/Engine/EngineMaterials/Substrate/Glints2/dict_0001_0096" 7080
"/Engine/EngineMaterials/Substrate/Glints2/dict_0001_0095" 7081
"/Engine/EngineMaterials/Substrate/Glints2/dict_0001_0094" 7082
"/Engine/EngineMaterials/Substrate/Glints2/dict_0001_0110" 7083
"/Engine/EngineMaterials/Substrate/Glints2/dict_0001_0109" 7084
"/Engine/EngineMaterials/Substrate/Glints2/dict_0001_0091" 7085
"/Engine/EngineMaterials/Substrate/Glints2/dict_0001_0108" 7086
"/Engine/EngineMaterials/Substrate/Glints2/dict_0001_0089" 7087
"/Engine/EngineMaterials/Substrate/Glints2/dict_0001_0088" 7088
"/Engine/EngineMaterials/Substrate/Glints2/dict_0001_0107" 7089
"/Engine/EngineMaterials/Substrate/Glints2/dict_0001_0106" 7090
"../../../Engine/Content/EngineMaterials/Substrate/Glints2/dict_0001_0126.uasset" 7091
"../../../Engine/Content/EngineMaterials/Substrate/Glints2/dict_0001_0128.uasset" 7092
"../../../Engine/Content/EngineMaterials/Substrate/Glints2/dict_0001_0129.uasset" 7093
"../../../Engine/Content/EngineMaterials/Substrate/Glints2/dict_0001_0130.uasset" 7094
"../../../Engine/Content/EngineMaterials/Substrate/Glints2/dict_0001_0134.uasset" 7095
"../../../Engine/Content/EngineMaterials/Substrate/Glints2/dict_0001_0139.uasset" 7096
"/Engine/EngineMaterials/Substrate/Glints2/dict_0001_0122" 7097
"../../../Engine/Content/EngineMaterials/Substrate/Glints2/dict_0001_0141.uasset" 7098
"../../../Engine/Content/EngineMaterials/Substrate/Glints2/dict_0001_0135.uasset" 7099
"../../../Engine/Content/EngineMaterials/Substrate/Glints2/dict_0001_0142.uasset" 7100
"../../../Engine/Content/EngineMaterials/Substrate/Glints2/dict_0001_0137.uasset" 7101
"../../../Engine/Content/EngineMaterials/Substrate/Glints2/dict_0001_0133.uasset" 7102
"../../../Engine/Content/EngineMaterials/Substrate/Glints2/dict_0001_0136.uasset" 7103
"../../../Engine/Content/EngineMaterials/Substrate/Glints2/dict_0001_0125.uasset" 7104
"../../../Engine/Content/EngineMaterials/Substrate/Glints2/dict_0001_0140.uasset" 7105
"../../../Engine/Content/EngineMaterials/Substrate/Glints2/dict_0001_0138.uasset" 7106
"../../../Engine/Content/EngineMaterials/Substrate/Glints2/dict_0001_0132.uasset" 7107
"/Engine/EngineMaterials/Substrate/Glints2/dict_0001_0121" 7108
"/Engine/EngineMaterials/Substrate/Glints2/dict_0001_0120" 7109
"../../../Engine/Content/EngineMaterials/Substrate/Glints2/dict_0001_0124.uasset" 7110
"../../../Engine/Content/EngineMaterials/Substrate/Glints2/dict_0001_0127.uasset" 7111
"../../../Engine/Content/EngineMaterials/Substrate/Glints2/dict_0001_0131.uasset" 7112
"../../../Engine/Content/EngineMaterials/Substrate/Glints2/dict_0001_0123.uasset" 7113
"/Engine/EngineMaterials/Substrate/Glints2/dict_0001_0119" 7114
"/Engine/EngineMaterials/Substrate/Glints2/dict_0001_0118" 7115
"/Engine/EngineMaterials/Substrate/Glints2/dict_0001_0117" 7116
"/Engine/EngineMaterials/Substrate/Glints2/dict_0001_0116" 7117
"/Engine/EngineMaterials/Substrate/Glints2/dict_0001_0115" 7118
"/Engine/EngineMaterials/Substrate/Glints2/dict_0001_0114" 7119
"/Engine/EngineMaterials/Substrate/Glints2/dict_0001_0113" 7120
"/Engine/EngineMaterials/Substrate/Glints2/dict_0001_0112" 7121
"/Engine/EngineMaterials/Substrate/Glints2/dict_0001_0111" 7122
"/Engine/EngineMaterials/Substrate/Glints2/dict_0001_0126" 7123
"/Engine/EngineMaterials/Substrate/Glints2/dict_0001_0142" 7124
"../../../Engine/Content/EngineMaterials/Substrate/Glints2/dict_0001_0143.uasset" 7125
"../../../Engine/Content/EngineMaterials/Substrate/Glints2/dict_0001_0145.uasset" 7126
"../../../Engine/Content/EngineMaterials/Substrate/Glints2/dict_0001_0146.uasset" 7127
"../../../Engine/Content/EngineMaterials/Substrate/Glints2/dict_0001_0150.uasset" 7128
"../../../Engine/Content/EngineMaterials/Substrate/Glints2/dict_0001_0152.uasset" 7129
"../../../Engine/Content/EngineMaterials/Substrate/Glints2/dict_0001_0151.uasset" 7130
"../../../Engine/Content/EngineMaterials/Substrate/Glints2/dict_0001_0144.uasset" 7131
"../../../Engine/Content/EngineMaterials/Substrate/Glints2/dict_0001_0148.uasset" 7132
"../../../Engine/Content/EngineMaterials/Substrate/Glints2/dict_0001_0147.uasset" 7133
"../../../Engine/Content/EngineMaterials/Substrate/Glints2/dict_0001_0153.uasset" 7134
"../../../Engine/Content/EngineMaterials/Substrate/Glints2/dict_0001_0154.uasset" 7135
"/Engine/EngineMaterials/Substrate/Glints2/dict_0001_0141" 7136
"../../../Engine/Content/EngineMaterials/Substrate/Glints2/dict_0001_0149.uasset" 7137
"../../../Engine/Content/EngineMaterials/Substrate/Glints2/dict_0001_0155.uasset" 7138
"/Engine/EngineMaterials/Substrate/Glints2/dict_0001_0140" 7139
"/Engine/EngineMaterials/Substrate/Glints2/dict_0001_0139" 7140
"/Engine/EngineMaterials/Substrate/Glints2/dict_0001_0138" 7141
"/Engine/EngineMaterials/Substrate/Glints2/dict_0001_0137" 7142
"/Engine/EngineMaterials/Substrate/Glints2/dict_0001_0136" 7143
"/Engine/EngineMaterials/Substrate/Glints2/dict_0001_0135" 7144
"/Engine/EngineMaterials/Substrate/Glints2/dict_0001_0134" 7145
"/Engine/EngineMaterials/Substrate/Glints2/dict_0001_0133" 7146
"/Engine/EngineMaterials/Substrate/Glints2/dict_0001_0132" 7147
"/Engine/EngineMaterials/Substrate/Glints2/dict_0001_0131" 7148
"/Engine/EngineMaterials/Substrate/Glints2/dict_0001_0130" 7149
"/Engine/EngineMaterials/Substrate/Glints2/dict_0001_0129" 7150
"/Engine/EngineMaterials/Substrate/Glints2/dict_0001_0128" 7151
"/Engine/EngineMaterials/Substrate/Glints2/dict_0001_0127" 7152
"/Engine/EngineMaterials/Substrate/Glints2/dict_0001_0125" 7153
"/Engine/EngineMaterials/Substrate/Glints2/dict_0001_0124" 7154
"/Engine/EngineMaterials/Substrate/Glints2/dict_0001_0123" 7155
"../../../Engine/Content/EngineMaterials/Substrate/Glints2/dict_0001_0157.uasset" 7156
"../../../Engine/Content/EngineMaterials/Substrate/Glints2/dict_0001_0166.uasset" 7157
"../../../Engine/Content/EngineMaterials/Substrate/Glints2/dict_0001_0160.uasset" 7158
"../../../Engine/Content/EngineMaterials/Substrate/Glints2/dict_0001_0164.uasset" 7159
"../../../Engine/Content/EngineMaterials/Substrate/Glints2/dict_0001_0161.uasset" 7160
"../../../Engine/Content/EngineMaterials/Substrate/Glints2/dict_0001_0170.uasset" 7161
"../../../Engine/Content/EngineMaterials/Substrate/Glints2/dict_0001_0171.uasset" 7162
"../../../Engine/Content/EngineMaterials/Substrate/Glints2/dict_0001_0172.uasset" 7163
"../../../Engine/Content/EngineMaterials/Substrate/Glints2/dict_0001_0167.uasset" 7164
"../../../Engine/Content/EngineMaterials/Substrate/Glints2/dict_0001_0174.uasset" 7165
"../../../Engine/Content/EngineMaterials/Substrate/Glints2/dict_0001_0163.uasset" 7166
"../../../Engine/Content/EngineMaterials/Substrate/Glints2/dict_0001_0173.uasset" 7167
"../../../Engine/Content/EngineMaterials/Substrate/Glints2/dict_0001_0158.uasset" 7168
"../../../Engine/Content/EngineMaterials/Substrate/Glints2/dict_0001_0168.uasset" 7169
"../../../Engine/Content/EngineMaterials/Substrate/Glints2/dict_0001_0169.uasset" 7170
"/Engine/EngineMaterials/Substrate/Glints2/dict_0001_0155" 7171
"../../../Engine/Content/EngineMaterials/Substrate/Glints2/dict_0001_0162.uasset" 7172
"../../../Engine/Content/EngineMaterials/Substrate/Glints2/dict_0001_0165.uasset" 7173
"../../../Engine/Content/EngineMaterials/Substrate/Glints2/dict_0001_0159.uasset" 7174
"../../../Engine/Content/EngineMaterials/Substrate/Glints2/dict_0001_0156.uasset" 7175
"/Engine/EngineMaterials/Substrate/Glints2/dict_0001_0154" 7176
"/Engine/EngineMaterials/Substrate/Glints2/dict_0001_0153" 7177
"/Engine/EngineMaterials/Substrate/Glints2/dict_0001_0152" 7178
"/Engine/EngineMaterials/Substrate/Glints2/dict_0001_0151" 7179
"/Engine/EngineMaterials/Substrate/Glints2/dict_0001_0150" 7180
"/Engine/EngineMaterials/Substrate/Glints2/dict_0001_0149" 7181
"/Engine/EngineMaterials/Substrate/Glints2/dict_0001_0148" 7182
"/Engine/EngineMaterials/Substrate/Glints2/dict_0001_0147" 7183
"/Engine/EngineMaterials/Substrate/Glints2/dict_0001_0146" 7184
"/Engine/EngineMaterials/Substrate/Glints2/dict_0001_0145" 7185
"/Engine/EngineMaterials/Substrate/Glints2/dict_0001_0166" 7186
"/Engine/EngineMaterials/Substrate/Glints2/dict_0001_0164" 7187
"/Engine/EngineMaterials/Substrate/Glints2/dict_0001_0144" 7188
"/Engine/EngineMaterials/Substrate/Glints2/dict_0001_0161" 7189
"/Engine/EngineMaterials/Substrate/Glints2/dict_0001_0160" 7190
"/Engine/EngineMaterials/Substrate/Glints2/dict_0001_0143" 7191
"/Engine/EngineMaterials/Substrate/Glints2/dict_0001_0157" 7192
"../../../Engine/Content/EngineMaterials/Substrate/Glints2/dict_0001_0177.uasset" 7193
"../../../Engine/Content/EngineMaterials/Substrate/Glints2/dict_0001_0178.uasset" 7194
"../../../Engine/Content/EngineMaterials/Substrate/Glints2/dict_0001_0182.uasset" 7195
"../../../Engine/Content/EngineMaterials/Substrate/Glints2/dict_0001_0181.uasset" 7196
"../../../Engine/Content/EngineMaterials/Substrate/Glints2/dict_0001_0186.uasset" 7197
"../../../Engine/Content/EngineMaterials/Substrate/Glints2/dict_0001_0188.uasset" 7198
"../../../Engine/Content/EngineMaterials/Substrate/Glints2/dict_0001_0190.uasset" 7199
"../../../Engine/Content/EngineMaterials/Substrate/Glints2/dict_0001_0189.uasset" 7200
"../../../Engine/Content/EngineMaterials/Substrate/Glints2/dict_0001_0191.uasset" 7201
"../../../Engine/Content/EngineMaterials/Substrate/Glints2/dict_0001_0192.uasset" 7202
"../../../Engine/Content/EngineMaterials/Substrate/Glints2/dict_0001_0183.uasset" 7203
"../../../Engine/Content/EngineMaterials/Substrate/Glints2/dict_0001_0184.uasset" 7204
"../../../Engine/Content/EngineMaterials/Substrate/Glints2/dict_0001_0187.uasset" 7205
"../../../Engine/Content/EngineMaterials/Substrate/Glints2/dict_0001_0175.uasset" 7206
"../../../Engine/Content/EngineMaterials/Substrate/Glints2/dict_0001_0176.uasset" 7207
"/Engine/EngineMaterials/Substrate/Glints2/dict_0001_0174" 7208
"../../../Engine/Content/EngineMaterials/Substrate/Glints2/dict_0001_0185.uasset" 7209
"../../../Engine/Content/EngineMaterials/Substrate/Glints2/dict_0001_0179.uasset" 7210
"../../../Engine/Content/EngineMaterials/Substrate/Glints2/dict_0001_0180.uasset" 7211
"/Engine/EngineMaterials/Substrate/Glints2/dict_0001_0173" 7212
"/Engine/EngineMaterials/Substrate/Glints2/dict_0001_0172" 7213
"/Engine/EngineMaterials/Substrate/Glints2/dict_0001_0171" 7214
"/Engine/EngineMaterials/Substrate/Glints2/dict_0001_0170" 7215
"/Engine/EngineMaterials/Substrate/Glints2/dict_0001_0169" 7216
"/Engine/EngineMaterials/Substrate/Glints2/dict_0001_0168" 7217
"/Engine/EngineMaterials/Substrate/Glints2/dict_0001_0167" 7218
"/Engine/EngineMaterials/Substrate/Glints2/dict_0001_0165" 7219
"/Engine/EngineMaterials/Substrate/Glints2/dict_0001_0163" 7220
"/Engine/EngineMaterials/Substrate/Glints2/dict_0001_0162" 7221
"/Engine/EngineMaterials/Substrate/Glints2/dict_0001_0178" 7222
"/Engine/EngineMaterials/Substrate/Glints2/dict_0001_0177" 7223
"/Engine/EngineMaterials/Substrate/Glints2/dict_0001_0159" 7224
"/Engine/EngineMaterials/Substrate/Glints2/dict_0001_0158" 7225
"/Engine/EngineMaterials/Substrate/Glints2/dict_0001_0156" 7226
"../../../Engine/Content/EngineMaterials/Substrate/Glints2/dict_0001_0194.uasset" 7227
"../../../Engine/Content/EngineMaterials/Substrate/Glints2/dict_0001_0193.uasset" 7228
"../../../Engine/Content/EngineMaterials/Substrate/Glints2/dict_0001_0195.uasset" 7229
"../../../Engine/Content/EngineMaterials/Substrate/Glints2/dict_0001_0196.uasset" 7230
"../../../Engine/Content/EngineMaterials/Substrate/Glints2/dict_0001_0201.uasset" 7231
"../../../Engine/Content/EngineMaterials/Substrate/Glints2/dict_0001_0203.uasset" 7232
"../../../Engine/Content/EngineMaterials/Substrate/Glints2/dict_0001_0198.uasset" 7233
"../../../Engine/Content/EngineMaterials/Substrate/Glints2/dict_0001_0205.uasset" 7234
"../../../Engine/Content/EngineMaterials/Substrate/Glints2/dict_0001_0197.uasset" 7235
"../../../Engine/Content/EngineMaterials/Substrate/Glints2/dict_0001_0200.uasset" 7236
"../../../Engine/Content/EngineMaterials/Substrate/Glints2/dict_0001_0204.uasset" 7237
"../../../Engine/Content/EngineMaterials/Substrate/Glints2/dict_0001_0208.uasset" 7238
"/Engine/EngineMaterials/Substrate/Glints2/dict_0001_0192" 7239
"../../../Engine/Content/EngineMaterials/Substrate/Glints2/dict_0001_0207.uasset" 7240
"../../../Engine/Content/EngineMaterials/Substrate/Glints2/dict_0001_0206.uasset" 7241
"../../../Engine/Content/EngineMaterials/Substrate/Glints2/dict_0001_0199.uasset" 7242
"../../../Engine/Content/EngineMaterials/Substrate/Glints2/dict_0001_0202.uasset" 7243
"/Engine/EngineMaterials/Substrate/Glints2/dict_0001_0191" 7244
"/Engine/EngineMaterials/Substrate/Glints2/dict_0001_0190" 7245
"/Engine/EngineMaterials/Substrate/Glints2/dict_0001_0189" 7246
"/Engine/EngineMaterials/Substrate/Glints2/dict_0001_0188" 7247
"/Engine/EngineMaterials/Substrate/Glints2/dict_0001_0187" 7248
"/Engine/EngineMaterials/Substrate/Glints2/dict_0001_0186" 7249
"/Engine/EngineMaterials/Substrate/Glints2/dict_0001_0185" 7250
"/Engine/EngineMaterials/Substrate/Glints2/dict_0001_0184" 7251
"/Engine/EngineMaterials/Substrate/Glints2/dict_0001_0183" 7252
"/Engine/EngineMaterials/Substrate/Glints2/dict_0001_0182" 7253
"/Engine/EngineMaterials/Substrate/Glints2/dict_0001_0181" 7254
"/Engine/EngineMaterials/Substrate/Glints2/dict_0001_0180" 7255
"/Engine/EngineMaterials/Substrate/Glints2/dict_0001_0179" 7256
"/Engine/EngineMaterials/Substrate/Glints2/dict_0001_0176" 7257
"/Engine/EngineMaterials/Substrate/Glints2/dict_0001_0175" 7258
"../../../Engine/Content/EngineMaterials/Substrate/Glints2/dict_0001_0209.uasset" 7259
"../../../Engine/Content/EngineMaterials/Substrate/Glints2/dict_0001_0210.uasset" 7260
"../../../Engine/Content/EngineMaterials/Substrate/Glints2/dict_0001_0214.uasset" 7261
"../../../Engine/Content/EngineMaterials/Substrate/Glints2/dict_0001_0212.uasset" 7262
"../../../Engine/Content/EngineMaterials/Substrate/Glints2/dict_0001_0213.uasset" 7263
"../../../Engine/Content/EngineMaterials/Substrate/Glints2/dict_0001_0219.uasset" 7264
"../../../Engine/Content/EngineMaterials/Substrate/Glints2/dict_0001_0215.uasset" 7265
"../../../Engine/Content/EngineMaterials/Substrate/Glints2/dict_0001_0223.uasset" 7266
"../../../Engine/Content/EngineMaterials/Substrate/Glints2/dict_0001_0220.uasset" 7267
"../../../Engine/Content/EngineMaterials/Substrate/Glints2/dict_0001_0216.uasset" 7268
"../../../Engine/Content/EngineMaterials/Substrate/Glints2/dict_0001_0224.uasset" 7269
"/Engine/EngineMaterials/Substrate/Glints2/dict_0001_0208" 7270
"../../../Engine/Content/EngineMaterials/Substrate/Glints2/dict_0001_0217.uasset" 7271
"../../../Engine/Content/EngineMaterials/Substrate/Glints2/dict_0001_0222.uasset" 7272
"../../../Engine/Content/EngineMaterials/Substrate/Glints2/dict_0001_0221.uasset" 7273
"/Engine/EngineMaterials/Substrate/Glints2/dict_0001_0207" 7274
"/Engine/EngineMaterials/Substrate/Glints2/dict_0001_0206" 7275
"../../../Engine/Content/EngineMaterials/Substrate/Glints2/dict_0001_0211.uasset" 7276
"../../../Engine/Content/EngineMaterials/Substrate/Glints2/dict_0001_0218.uasset" 7277
"/Engine/EngineMaterials/Substrate/Glints2/dict_0001_0205" 7278
"/Engine/EngineMaterials/Substrate/Glints2/dict_0001_0204" 7279
"/Engine/EngineMaterials/Substrate/Glints2/dict_0001_0203" 7280
"/Engine/EngineMaterials/Substrate/Glints2/dict_0001_0202" 7281
"/Engine/EngineMaterials/Substrate/Glints2/dict_0001_0214" 7282
"/Engine/EngineMaterials/Substrate/Glints2/dict_0001_0201" 7283
"/Engine/EngineMaterials/Substrate/Glints2/dict_0001_0200" 7284
"/Engine/EngineMaterials/Substrate/Glints2/dict_0001_0212" 7285
"/Engine/EngineMaterials/Substrate/Glints2/dict_0001_0199" 7286
"/Engine/EngineMaterials/Substrate/Glints2/dict_0001_0198" 7287
"/Engine/EngineMaterials/Substrate/Glints2/dict_0001_0197" 7288
"/Engine/EngineMaterials/Substrate/Glints2/dict_0001_0196" 7289
"/Engine/EngineMaterials/Substrate/Glints2/dict_0001_0195" 7290
"/Engine/EngineMaterials/Substrate/Glints2/dict_0001_0210" 7291
"/Engine/EngineMaterials/Substrate/Glints2/dict_0001_0194" 7292
"/Engine/EngineMaterials/Substrate/Glints2/dict_0001_0209" 7293
"/Engine/EngineMaterials/Substrate/Glints2/dict_0001_0193" 7294
"../../../Engine/Content/EngineMaterials/Substrate/Glints2/dict_0001_0225.uasset" 7295
"../../../Engine/Content/EngineMaterials/Substrate/Glints2/dict_0001_0228.uasset" 7296
"../../../Engine/Content/EngineMaterials/Substrate/Glints2/dict_0001_0229.uasset" 7297
"../../../Engine/Content/EngineMaterials/Substrate/Glints2/dict_0001_0231.uasset" 7298
"../../../Engine/Content/EngineMaterials/Substrate/Glints2/dict_0001_0239.uasset" 7299
"../../../Engine/Content/EngineMaterials/Substrate/Glints2/dict_0001_0234.uasset" 7300
"../../../Engine/Content/EngineMaterials/Substrate/Glints2/dict_0001_0233.uasset" 7301
"/Engine/EngineMaterials/Substrate/Glints2/dict_0001_0224" 7302
"../../../Engine/Content/EngineMaterials/Substrate/Glints2/dict_0001_0235.uasset" 7303
"../../../Engine/Content/EngineMaterials/Substrate/Glints2/dict_0001_0244.uasset" 7304
"../../../Engine/Content/EngineMaterials/Substrate/Glints2/dict_0001_0243.uasset" 7305
"../../../Engine/Content/EngineMaterials/Substrate/Glints2/dict_0001_0237.uasset" 7306
"../../../Engine/Content/EngineMaterials/Substrate/Glints2/dict_0001_0241.uasset" 7307
"/Engine/EngineMaterials/Substrate/Glints2/dict_0001_0223" 7308
"/Engine/EngineMaterials/Substrate/Glints2/dict_0001_0222" 7309
"/Engine/EngineMaterials/Substrate/Glints2/dict_0001_0221" 7310
"../../../Engine/Content/EngineMaterials/Substrate/Glints2/dict_0001_0227.uasset" 7311
"../../../Engine/Content/EngineMaterials/Substrate/Glints2/dict_0001_0232.uasset" 7312
"../../../Engine/Content/EngineMaterials/Substrate/Glints2/dict_0001_0226.uasset" 7313
"../../../Engine/Content/EngineMaterials/Substrate/Glints2/dict_0001_0242.uasset" 7314
"../../../Engine/Content/EngineMaterials/Substrate/Glints2/dict_0001_0236.uasset" 7315
"../../../Engine/Content/EngineMaterials/Substrate/Glints2/dict_0001_0238.uasset" 7316
"../../../Engine/Content/EngineMaterials/Substrate/Glints2/dict_0001_0240.uasset" 7317
"../../../Engine/Content/EngineMaterials/Substrate/Glints2/dict_0001_0230.uasset" 7318
"/Engine/EngineMaterials/Substrate/Glints2/dict_0001_0220" 7319
"/Engine/EngineMaterials/Substrate/Glints2/dict_0001_0219" 7320
"/Engine/EngineMaterials/Substrate/Glints2/dict_0001_0218" 7321
"/Engine/EngineMaterials/Substrate/Glints2/dict_0001_0217" 7322
"/Engine/EngineMaterials/Substrate/Glints2/dict_0001_0216" 7323
"/Engine/EngineMaterials/Substrate/Glints2/dict_0001_0215" 7324
"/Engine/EngineMaterials/Substrate/Glints2/dict_0001_0213" 7325
"/Engine/EngineMaterials/Substrate/Glints2/dict_0001_0211" 7326
"/Engine/EngineMaterials/Substrate/Glints2/dict_0001_0228" 7327
"/Engine/EngineMaterials/Substrate/Glints2/dict_0001_0225" 7328
"../../../Engine/Content/EngineMaterials/Substrate/Glints2/dict_0001_0247.uasset" 7329
"../../../Engine/Content/EngineMaterials/Substrate/Glints2/dict_0001_0245.uasset" 7330
"../../../Engine/Content/EngineMaterials/Substrate/Glints2/dict_0001_0248.uasset" 7331
"../../../Engine/Content/EngineMaterials/Substrate/Glints2/dict_0001_0250.uasset" 7332
"../../../Engine/Content/EngineMaterials/Substrate/Glints2/dict_0001_0246.uasset" 7333
"/Engine/EngineMaterials/Substrate/Glints2/dict_0001_0244" 7334
"../../../Engine/Content/EngineMaterials/Substrate/Glints2/dict_0001_0252.uasset" 7335
"../../../Engine/Content/EngineMaterials/Substrate/Glints2/dict_0002_0002.uasset" 7336
"../../../Engine/Content/EngineMaterials/Substrate/Glints2/dict_0001_0253.uasset" 7337
"../../../Engine/Content/EngineMaterials/Substrate/Glints2/dict_0002_0001.uasset" 7338
"../../../Engine/Content/EngineMaterials/Substrate/Glints2/dict_0001_0254.uasset" 7339
"../../../Engine/Content/EngineMaterials/Substrate/Glints2/dict_0002_0000.uasset" 7340
"../../../Engine/Content/EngineMaterials/Substrate/Glints2/dict_0001_0255.uasset" 7341
"../../../Engine/Content/EngineMaterials/Substrate/Glints2/dict_0001_0249.uasset" 7342
"../../../Engine/Content/EngineMaterials/Substrate/Glints2/dict_0001_0251.uasset" 7343
"/Engine/EngineMaterials/Substrate/Glints2/dict_0001_0243" 7344
"/Engine/EngineMaterials/Substrate/Glints2/dict_0001_0242" 7345
"/Engine/EngineMaterials/Substrate/Glints2/dict_0001_0241" 7346
"/Engine/EngineMaterials/Substrate/Glints2/dict_0001_0240" 7347
"/Engine/EngineMaterials/Substrate/Glints2/dict_0001_0239" 7348
"/Engine/EngineMaterials/Substrate/Glints2/dict_0001_0238" 7349
"/Engine/EngineMaterials/Substrate/Glints2/dict_0001_0237" 7350
"/Engine/EngineMaterials/Substrate/Glints2/dict_0001_0236" 7351
"/Engine/EngineMaterials/Substrate/Glints2/dict_0001_0235" 7352
"/Engine/EngineMaterials/Substrate/Glints2/dict_0001_0234" 7353
"/Engine/EngineMaterials/Substrate/Glints2/dict_0001_0233" 7354
"/Engine/EngineMaterials/Substrate/Glints2/dict_0001_0232" 7355
"/Engine/EngineMaterials/Substrate/Glints2/dict_0001_0231" 7356
"/Engine/EngineMaterials/Substrate/Glints2/dict_0001_0230" 7357
"/Engine/EngineMaterials/Substrate/Glints2/dict_0001_0229" 7358
"/Engine/EngineMaterials/Substrate/Glints2/dict_0001_0227" 7359
"/Engine/EngineMaterials/Substrate/Glints2/dict_0001_0226" 7360
"/Engine/EngineMaterials/Substrate/Glints2/dict_0001_0245" 7361
"../../../Engine/Content/EngineMaterials/Substrate/Glints2/dict_0002_0005.uasset" 7362
"../../../Engine/Content/EngineMaterials/Substrate/Glints2/dict_0002_0009.uasset" 7363
"../../../Engine/Content/EngineMaterials/Substrate/Glints2/dict_0002_0008.uasset" 7364
"../../../Engine/Content/EngineMaterials/Substrate/Glints2/dict_0002_0015.uasset" 7365
"../../../Engine/Content/EngineMaterials/Substrate/Glints2/dict_0002_0013.uasset" 7366
"../../../Engine/Content/EngineMaterials/Substrate/Glints2/dict_0002_0016.uasset" 7367
"../../../Engine/Content/EngineMaterials/Substrate/Glints2/dict_0002_0020.uasset" 7368
"../../../Engine/Content/EngineMaterials/Substrate/Glints2/dict_0002_0018.uasset" 7369
"/Engine/EngineMaterials/Substrate/Glints2/dict_0002_0002" 7370
"../../../Engine/Content/EngineMaterials/Substrate/Glints2/dict_0002_0004.uasset" 7371
"../../../Engine/Content/EngineMaterials/Substrate/Glints2/dict_0002_0017.uasset" 7372
"../../../Engine/Content/EngineMaterials/Substrate/Glints2/dict_0002_0021.uasset" 7373
"../../../Engine/Content/EngineMaterials/Substrate/Glints2/dict_0002_0011.uasset" 7374
"../../../Engine/Content/EngineMaterials/Substrate/Glints2/dict_0002_0006.uasset" 7375
"../../../Engine/Content/EngineMaterials/Substrate/Glints2/dict_0002_0007.uasset" 7376
"../../../Engine/Content/EngineMaterials/Substrate/Glints2/dict_0002_0010.uasset" 7377
"../../../Engine/Content/EngineMaterials/Substrate/Glints2/dict_0002_0019.uasset" 7378
"../../../Engine/Content/EngineMaterials/Substrate/Glints2/dict_0002_0003.uasset" 7379
"/Engine/EngineMaterials/Substrate/Glints2/dict_0002_0001" 7380
"/Engine/EngineMaterials/Substrate/Glints2/dict_0002_0000" 7381
"../../../Engine/Content/EngineMaterials/Substrate/Glints2/dict_0002_0014.uasset" 7382
"/Engine/EngineMaterials/Substrate/Glints2/dict_0001_0255" 7383
"../../../Engine/Content/EngineMaterials/Substrate/Glints2/dict_0002_0012.uasset" 7384
"/Engine/EngineMaterials/Substrate/Glints2/dict_0001_0254" 7385
"/Engine/EngineMaterials/Substrate/Glints2/dict_0001_0253" 7386
"/Engine/EngineMaterials/Substrate/Glints2/dict_0001_0252" 7387
"/Engine/EngineMaterials/Substrate/Glints2/dict_0001_0251" 7388
"/Engine/EngineMaterials/Substrate/Glints2/dict_0001_0250" 7389
"/Engine/EngineMaterials/Substrate/Glints2/dict_0001_0249" 7390
"/Engine/EngineMaterials/Substrate/Glints2/dict_0001_0248" 7391
"/Engine/EngineMaterials/Substrate/Glints2/dict_0001_0247" 7392
"/Engine/EngineMaterials/Substrate/Glints2/dict_0002_0009" 7393
"/Engine/EngineMaterials/Substrate/Glints2/dict_0001_0246" 7394
"/Engine/EngineMaterials/Substrate/Glints2/dict_0002_0005" 7395
"../../../Engine/Content/EngineMaterials/Substrate/Glints2/dict_0002_0022.uasset" 7396
"../../../Engine/Content/EngineMaterials/Substrate/Glints2/dict_0002_0023.uasset" 7397
"../../../Engine/Content/EngineMaterials/Substrate/Glints2/dict_0002_0028.uasset" 7398
"../../../Engine/Content/EngineMaterials/Substrate/Glints2/dict_0002_0027.uasset" 7399
"../../../Engine/Content/EngineMaterials/Substrate/Glints2/dict_0002_0026.uasset" 7400
"../../../Engine/Content/EngineMaterials/Substrate/Glints2/dict_0002_0025.uasset" 7401
"../../../Engine/Content/EngineMaterials/Substrate/Glints2/dict_0002_0036.uasset" 7402
"../../../Engine/Content/EngineMaterials/Substrate/Glints2/dict_0002_0032.uasset" 7403
"../../../Engine/Content/EngineMaterials/Substrate/Glints2/dict_0002_0035.uasset" 7404
"../../../Engine/Content/EngineMaterials/Substrate/Glints2/dict_0002_0034.uasset" 7405
"../../../Engine/Content/EngineMaterials/Substrate/Glints2/dict_0002_0031.uasset" 7406
"../../../Engine/Content/EngineMaterials/Substrate/Glints2/dict_0002_0033.uasset" 7407
"../../../Engine/Content/EngineMaterials/Substrate/Glints2/dict_0002_0029.uasset" 7408
"/Engine/EngineMaterials/Substrate/Glints2/dict_0002_0021" 7409
"../../../Engine/Content/EngineMaterials/Substrate/Glints2/dict_0002_0030.uasset" 7410
"../../../Engine/Content/EngineMaterials/Substrate/Glints2/dict_0002_0024.uasset" 7411
"/Engine/EngineMaterials/Substrate/Glints2/dict_0002_0020" 7412
"/Engine/EngineMaterials/Substrate/Glints2/dict_0002_0019" 7413
"/Engine/EngineMaterials/Substrate/Glints2/dict_0002_0018" 7414
"/Engine/EngineMaterials/Substrate/Glints2/dict_0002_0017" 7415
"/Engine/EngineMaterials/Substrate/Glints2/dict_0002_0016" 7416
"/Engine/EngineMaterials/Substrate/Glints2/dict_0002_0015" 7417
"/Engine/EngineMaterials/Substrate/Glints2/dict_0002_0014" 7418
"/Engine/EngineMaterials/Substrate/Glints2/dict_0002_0013" 7419
"/Engine/EngineMaterials/Substrate/Glints2/dict_0002_0012" 7420
"/Engine/EngineMaterials/Substrate/Glints2/dict_0002_0011" 7421
"/Engine/EngineMaterials/Substrate/Glints2/dict_0002_0010" 7422
"/Engine/EngineMaterials/Substrate/Glints2/dict_0002_0008" 7423
"/Engine/EngineMaterials/Substrate/Glints2/dict_0002_0007" 7424
"/Engine/EngineMaterials/Substrate/Glints2/dict_0002_0006" 7425
"/Engine/EngineMaterials/Substrate/Glints2/dict_0002_0023" 7426
"/Engine/EngineMaterials/Substrate/Glints2/dict_0002_0022" 7427
"/Engine/EngineMaterials/Substrate/Glints2/dict_0002_0004" 7428
"/Engine/EngineMaterials/Substrate/Glints2/dict_0002_0003" 7429
"../../../Engine/Content/EngineMaterials/Substrate/Glints2/dict_0002_0037.uasset" 7430
"../../../Engine/Content/EngineMaterials/Substrate/Glints2/dict_0002_0040.uasset" 7431
"../../../Engine/Content/EngineMaterials/Substrate/Glints2/dict_0002_0039.uasset" 7432
"../../../Engine/Content/EngineMaterials/Substrate/Glints2/dict_0002_0038.uasset" 7433
"../../../Engine/Content/EngineMaterials/Substrate/Glints2/dict_0002_0044.uasset" 7434
"../../../Engine/Content/EngineMaterials/Substrate/Glints2/dict_0002_0047.uasset" 7435
"../../../Engine/Content/EngineMaterials/Substrate/Glints2/dict_0002_0050.uasset" 7436
"../../../Engine/Content/EngineMaterials/Substrate/Glints2/dict_0002_0052.uasset" 7437
"/Engine/EngineMaterials/Substrate/Glints2/dict_0002_0036" 7438
"../../../Engine/Content/EngineMaterials/Substrate/Glints2/dict_0002_0041.uasset" 7439
"../../../Engine/Content/EngineMaterials/Substrate/Glints2/dict_0002_0053.uasset" 7440
"../../../Engine/Content/EngineMaterials/Substrate/Glints2/dict_0002_0042.uasset" 7441
"../../../Engine/Content/EngineMaterials/Substrate/Glints2/dict_0002_0046.uasset" 7442
"../../../Engine/Content/EngineMaterials/Substrate/Glints2/dict_0002_0045.uasset" 7443
"../../../Engine/Content/EngineMaterials/Substrate/Glints2/dict_0002_0055.uasset" 7444
"../../../Engine/Content/EngineMaterials/Substrate/Glints2/dict_0002_0048.uasset" 7445
"../../../Engine/Content/EngineMaterials/Substrate/Glints2/dict_0002_0043.uasset" 7446
"/Engine/EngineMaterials/Substrate/Glints2/dict_0002_0035" 7447
"/Engine/EngineMaterials/Substrate/Glints2/dict_0002_0034" 7448
"../../../Engine/Content/EngineMaterials/Substrate/Glints2/dict_0002_0051.uasset" 7449
"../../../Engine/Content/EngineMaterials/Substrate/Glints2/dict_0002_0054.uasset" 7450
"../../../Engine/Content/EngineMaterials/Substrate/Glints2/dict_0002_0049.uasset" 7451
"/Engine/EngineMaterials/Substrate/Glints2/dict_0002_0033" 7452
"/Engine/EngineMaterials/Substrate/Glints2/dict_0002_0032" 7453
"/Engine/EngineMaterials/Substrate/Glints2/dict_0002_0031" 7454
"/Engine/EngineMaterials/Substrate/Glints2/dict_0002_0030" 7455
"/Engine/EngineMaterials/Substrate/Glints2/dict_0002_0029" 7456
"/Engine/EngineMaterials/Substrate/Glints2/dict_0002_0028" 7457
"/Engine/EngineMaterials/Substrate/Glints2/dict_0002_0027" 7458
"/Engine/EngineMaterials/Substrate/Glints2/dict_0002_0026" 7459
"/Engine/EngineMaterials/Substrate/Glints2/dict_0002_0044" 7460
"/Engine/EngineMaterials/Substrate/Glints2/dict_0002_0025" 7461
"/Engine/EngineMaterials/Substrate/Glints2/dict_0002_0024" 7462
"/Engine/EngineMaterials/Substrate/Glints2/dict_0002_0040" 7463
"/Engine/EngineMaterials/Substrate/Glints2/dict_0002_0039" 7464
"/Engine/EngineMaterials/Substrate/Glints2/dict_0002_0038" 7465
"/Engine/EngineMaterials/Substrate/Glints2/dict_0002_0037" 7466
"../../../Engine/Content/EngineMaterials/Substrate/Glints2/dict_0002_0056.uasset" 7467
"../../../Engine/Content/EngineMaterials/Substrate/Glints2/dict_0002_0059.uasset" 7468
"../../../Engine/Content/EngineMaterials/Substrate/Glints2/dict_0002_0058.uasset" 7469
"../../../Engine/Content/EngineMaterials/Substrate/Glints2/dict_0002_0060.uasset" 7470
"../../../Engine/Content/EngineMaterials/Substrate/Glints2/dict_0002_0063.uasset" 7471
"../../../Engine/Content/EngineMaterials/Substrate/Glints2/dict_0002_0068.uasset" 7472
"../../../Engine/Content/EngineMaterials/Substrate/Glints2/dict_0002_0057.uasset" 7473
"../../../Engine/Content/EngineMaterials/Substrate/Glints2/dict_0002_0069.uasset" 7474
"../../../Engine/Content/EngineMaterials/Substrate/Glints2/dict_0002_0062.uasset" 7475
"../../../Engine/Content/EngineMaterials/Substrate/Glints2/dict_0002_0067.uasset" 7476
"/Engine/EngineMaterials/Substrate/Glints2/dict_0002_0055" 7477
"../../../Engine/Content/EngineMaterials/Substrate/Glints2/dict_0002_0061.uasset" 7478
"../../../Engine/Content/EngineMaterials/Substrate/Glints2/dict_0002_0065.uasset" 7479
"../../../Engine/Content/EngineMaterials/Substrate/Glints2/dict_0002_0064.uasset" 7480
"../../../Engine/Content/EngineMaterials/Substrate/Glints2/dict_0002_0072.uasset" 7481
"../../../Engine/Content/EngineMaterials/Substrate/Glints2/dict_0002_0071.uasset" 7482
"../../../Engine/Content/EngineMaterials/Substrate/Glints2/dict_0002_0070.uasset" 7483
"../../../Engine/Content/EngineMaterials/Substrate/Glints2/dict_0002_0073.uasset" 7484
"../../../Engine/Content/EngineMaterials/Substrate/Glints2/dict_0002_0066.uasset" 7485
"/Engine/EngineMaterials/Substrate/Glints2/dict_0002_0054" 7486
"/Engine/EngineMaterials/Substrate/Glints2/dict_0002_0053" 7487
"/Engine/EngineMaterials/Substrate/Glints2/dict_0002_0052" 7488
"/Engine/EngineMaterials/Substrate/Glints2/dict_0002_0051" 7489
"/Engine/EngineMaterials/Substrate/Glints2/dict_0002_0050" 7490
"/Engine/EngineMaterials/Substrate/Glints2/dict_0002_0049" 7491
"/Engine/EngineMaterials/Substrate/Glints2/dict_0002_0048" 7492
"/Engine/EngineMaterials/Substrate/Glints2/dict_0002_0047" 7493
"/Engine/EngineMaterials/Substrate/Glints2/dict_0002_0046" 7494
"/Engine/EngineMaterials/Substrate/Glints2/dict_0002_0045" 7495
"/Engine/EngineMaterials/Substrate/Glints2/dict_0002_0060" 7496
"/Engine/EngineMaterials/Substrate/Glints2/dict_0002_0043" 7497
"/Engine/EngineMaterials/Substrate/Glints2/dict_0002_0042" 7498
"/Engine/EngineMaterials/Substrate/Glints2/dict_0002_0041" 7499
"/Engine/EngineMaterials/Substrate/Glints2/dict_0002_0059" 7500
"/Engine/EngineMaterials/Substrate/Glints2/dict_0002_0058" 7501
"/Engine/EngineMaterials/Substrate/Glints2/dict_0002_0056" 7502
"../../../Engine/Content/EngineMaterials/Substrate/Glints2/dict_0002_0075.uasset" 7503
"../../../Engine/Content/EngineMaterials/Substrate/Glints2/dict_0002_0079.uasset" 7504
"../../../Engine/Content/EngineMaterials/Substrate/Glints2/dict_0002_0087.uasset" 7505
"../../../Engine/Content/EngineMaterials/Substrate/Glints2/dict_0002_0086.uasset" 7506
"../../../Engine/Content/EngineMaterials/Substrate/Glints2/dict_0002_0089.uasset" 7507
"../../../Engine/Content/EngineMaterials/Substrate/Glints2/dict_0002_0082.uasset" 7508
"../../../Engine/Content/EngineMaterials/Substrate/Glints2/dict_0002_0080.uasset" 7509
"/Engine/EngineMaterials/Substrate/Glints2/dict_0002_0073" 7510
"../../../Engine/Content/EngineMaterials/Substrate/Glints2/dict_0002_0091.uasset" 7511
"../../../Engine/Content/EngineMaterials/Substrate/Glints2/dict_0002_0090.uasset" 7512
"../../../Engine/Content/EngineMaterials/Substrate/Glints2/dict_0002_0074.uasset" 7513
"../../../Engine/Content/EngineMaterials/Substrate/Glints2/dict_0002_0081.uasset" 7514
"../../../Engine/Content/EngineMaterials/Substrate/Glints2/dict_0002_0088.uasset" 7515
"/Engine/EngineMaterials/Substrate/Glints2/dict_0002_0072" 7516
"/Engine/EngineMaterials/Substrate/Glints2/dict_0002_0071" 7517
"../../../Engine/Content/EngineMaterials/Substrate/Glints2/dict_0002_0083.uasset" 7518
"../../../Engine/Content/EngineMaterials/Substrate/Glints2/dict_0002_0078.uasset" 7519
"../../../Engine/Content/EngineMaterials/Substrate/Glints2/dict_0002_0077.uasset" 7520
"../../../Engine/Content/EngineMaterials/Substrate/Glints2/dict_0002_0084.uasset" 7521
"../../../Engine/Content/EngineMaterials/Substrate/Glints2/dict_0002_0076.uasset" 7522
"/Engine/EngineMaterials/Substrate/Glints2/dict_0002_0070" 7523
"../../../Engine/Content/EngineMaterials/Substrate/Glints2/dict_0002_0085.uasset" 7524
"/Engine/EngineMaterials/Substrate/Glints2/dict_0002_0069" 7525
"/Engine/EngineMaterials/Substrate/Glints2/dict_0002_0068" 7526
"/Engine/EngineMaterials/Substrate/Glints2/dict_0002_0067" 7527
"/Engine/EngineMaterials/Substrate/Glints2/dict_0002_0066" 7528
"/Engine/EngineMaterials/Substrate/Glints2/dict_0002_0065" 7529
"/Engine/EngineMaterials/Substrate/Glints2/dict_0002_0064" 7530
"/Engine/EngineMaterials/Substrate/Glints2/dict_0002_0063" 7531
"/Engine/EngineMaterials/Substrate/Glints2/dict_0002_0062" 7532
"/Engine/EngineMaterials/Substrate/Glints2/dict_0002_0061" 7533
"/Engine/EngineMaterials/Substrate/Glints2/dict_0002_0057" 7534
"../../../Engine/Content/EngineMaterials/Substrate/Glints2/dict_0002_0092.uasset" 7535
"../../../Engine/Content/EngineMaterials/Substrate/Glints2/dict_0002_0093.uasset" 7536
"../../../Engine/Content/EngineMaterials/Substrate/Glints2/dict_0002_0094.uasset" 7537
"../../../Engine/Content/EngineMaterials/Substrate/Glints2/dict_0002_0098.uasset" 7538
"../../../Engine/Content/EngineMaterials/Substrate/Glints2/dict_0002_0099.uasset" 7539
"../../../Engine/Content/EngineMaterials/Substrate/Glints2/dict_0002_0104.uasset" 7540
"../../../Engine/Content/EngineMaterials/Substrate/Glints2/dict_0002_0097.uasset" 7541
"../../../Engine/Content/EngineMaterials/Substrate/Glints2/dict_0002_0105.uasset" 7542
"../../../Engine/Content/EngineMaterials/Substrate/Glints2/dict_0002_0100.uasset" 7543
"../../../Engine/Content/EngineMaterials/Substrate/Glints2/dict_0002_0102.uasset" 7544
"../../../Engine/Content/EngineMaterials/Substrate/Glints2/dict_0002_0096.uasset" 7545
"/Engine/EngineMaterials/Substrate/Glints2/dict_0002_0091" 7546
"../../../Engine/Content/EngineMaterials/Substrate/Glints2/dict_0002_0101.uasset" 7547
"../../../Engine/Content/EngineMaterials/Substrate/Glints2/dict_0002_0095.uasset" 7548
"../../../Engine/Content/EngineMaterials/Substrate/Glints2/dict_0002_0103.uasset" 7549
"/Engine/EngineMaterials/Substrate/Glints2/dict_0002_0090" 7550
"/Engine/EngineMaterials/Substrate/Glints2/dict_0002_0089" 7551
"/Engine/EngineMaterials/Substrate/Glints2/dict_0002_0088" 7552
"/Engine/EngineMaterials/Substrate/Glints2/dict_0002_0087" 7553
"/Engine/EngineMaterials/Substrate/Glints2/dict_0002_0086" 7554
"/Engine/EngineMaterials/Substrate/Glints2/dict_0002_0085" 7555
"/Engine/EngineMaterials/Substrate/Glints2/dict_0002_0084" 7556
"/Engine/EngineMaterials/Substrate/Glints2/dict_0002_0083" 7557
"/Engine/EngineMaterials/Substrate/Glints2/dict_0002_0082" 7558
"/Engine/EngineMaterials/Substrate/Glints2/dict_0002_0081" 7559
"/Engine/EngineMaterials/Substrate/Glints2/dict_0002_0093" 7560
"/Engine/EngineMaterials/Substrate/Glints2/dict_0002_0080" 7561
"/Engine/EngineMaterials/Substrate/Glints2/dict_0002_0079" 7562
"/Engine/EngineMaterials/Substrate/Glints2/dict_0002_0078" 7563
"/Engine/EngineMaterials/Substrate/Glints2/dict_0002_0077" 7564
"/Engine/EngineMaterials/Substrate/Glints2/dict_0002_0076" 7565
"/Engine/EngineMaterials/Substrate/Glints2/dict_0002_0075" 7566
"/Engine/EngineMaterials/Substrate/Glints2/dict_0002_0092" 7567
"/Engine/EngineMaterials/Substrate/Glints2/dict_0002_0074" 7568
"../../../Engine/Content/EngineMaterials/Substrate/Glints2/dict_0002_0111.uasset" 7569
"../../../Engine/Content/EngineMaterials/Substrate/Glints2/dict_0002_0107.uasset" 7570
"../../../Engine/Content/EngineMaterials/Substrate/Glints2/dict_0002_0112.uasset" 7571
"../../../Engine/Content/EngineMaterials/Substrate/Glints2/dict_0002_0114.uasset" 7572
"../../../Engine/Content/EngineMaterials/Substrate/Glints2/dict_0002_0120.uasset" 7573
"../../../Engine/Content/EngineMaterials/Substrate/Glints2/dict_0002_0121.uasset" 7574
"../../../Engine/Content/EngineMaterials/Substrate/Glints2/dict_0002_0122.uasset" 7575
"../../../Engine/Content/EngineMaterials/Substrate/Glints2/dict_0002_0123.uasset" 7576
"../../../Engine/Content/EngineMaterials/Substrate/Glints2/dict_0002_0124.uasset" 7577
"../../../Engine/Content/EngineMaterials/Substrate/Glints2/dict_0002_0106.uasset" 7578
"../../../Engine/Content/EngineMaterials/Substrate/Glints2/dict_0002_0125.uasset" 7579
"../../../Engine/Content/EngineMaterials/Substrate/Glints2/dict_0002_0116.uasset" 7580
"../../../Engine/Content/EngineMaterials/Substrate/Glints2/dict_0002_0108.uasset" 7581
"/Engine/EngineMaterials/Substrate/Glints2/dict_0002_0105" 7582
"../../../Engine/Content/EngineMaterials/Substrate/Glints2/dict_0002_0115.uasset" 7583
"../../../Engine/Content/EngineMaterials/Substrate/Glints2/dict_0002_0119.uasset" 7584
"../../../Engine/Content/EngineMaterials/Substrate/Glints2/dict_0002_0117.uasset" 7585
"../../../Engine/Content/EngineMaterials/Substrate/Glints2/dict_0002_0109.uasset" 7586
"/Engine/EngineMaterials/Substrate/Glints2/dict_0002_0104" 7587
"/Engine/EngineMaterials/Substrate/Glints2/dict_0002_0103" 7588
"../../../Engine/Content/EngineMaterials/Substrate/Glints2/dict_0002_0113.uasset" 7589
"../../../Engine/Content/EngineMaterials/Substrate/Glints2/dict_0002_0118.uasset" 7590
"../../../Engine/Content/EngineMaterials/Substrate/Glints2/dict_0002_0110.uasset" 7591
"/Engine/EngineMaterials/Substrate/Glints2/dict_0002_0102" 7592
"/Engine/EngineMaterials/Substrate/Glints2/dict_0002_0101" 7593
"/Engine/EngineMaterials/Substrate/Glints2/dict_0002_0100" 7594
"/Engine/EngineMaterials/Substrate/Glints2/dict_0002_0099" 7595
"/Engine/EngineMaterials/Substrate/Glints2/dict_0002_0098" 7596
"/Engine/EngineMaterials/Substrate/Glints2/dict_0002_0097" 7597
"/Engine/EngineMaterials/Substrate/Glints2/dict_0002_0096" 7598
"/Engine/EngineMaterials/Substrate/Glints2/dict_0002_0095" 7599
"/Engine/EngineMaterials/Substrate/Glints2/dict_0002_0094" 7600
"/Engine/EngineMaterials/Substrate/Glints2/dict_0002_0112" 7601
"/Engine/EngineMaterials/Substrate/Glints2/dict_0002_0111" 7602
"/Engine/EngineMaterials/Substrate/Glints2/dict_0002_0107" 7603
"../../../Engine/Content/EngineMaterials/Substrate/Glints2/dict_0002_0126.uasset" 7604
"../../../Engine/Content/EngineMaterials/Substrate/Glints2/dict_0002_0129.uasset" 7605
"../../../Engine/Content/EngineMaterials/Substrate/Glints2/dict_0002_0136.uasset" 7606
"../../../Engine/Content/EngineMaterials/Substrate/Glints2/dict_0002_0127.uasset" 7607
"../../../Engine/Content/EngineMaterials/Substrate/Glints2/dict_0002_0137.uasset" 7608
"../../../Engine/Content/EngineMaterials/Substrate/Glints2/dict_0002_0135.uasset" 7609
"../../../Engine/Content/EngineMaterials/Substrate/Glints2/dict_0002_0130.uasset" 7610
"../../../Engine/Content/EngineMaterials/Substrate/Glints2/dict_0002_0140.uasset" 7611
"../../../Engine/Content/EngineMaterials/Substrate/Glints2/dict_0002_0138.uasset" 7612
"../../../Engine/Content/EngineMaterials/Substrate/Glints2/dict_0002_0128.uasset" 7613
"../../../Engine/Content/EngineMaterials/Substrate/Glints2/dict_0002_0139.uasset" 7614
"/Engine/EngineMaterials/Substrate/Glints2/dict_0002_0125" 7615
"../../../Engine/Content/EngineMaterials/Substrate/Glints2/dict_0002_0132.uasset" 7616
"../../../Engine/Content/EngineMaterials/Substrate/Glints2/dict_0002_0133.uasset" 7617
"../../../Engine/Content/EngineMaterials/Substrate/Glints2/dict_0002_0134.uasset" 7618
"../../../Engine/Content/EngineMaterials/Substrate/Glints2/dict_0002_0131.uasset" 7619
"/Engine/EngineMaterials/Substrate/Glints2/dict_0002_0124" 7620
"/Engine/EngineMaterials/Substrate/Glints2/dict_0002_0123" 7621
"/Engine/EngineMaterials/Substrate/Glints2/dict_0002_0122" 7622
"/Engine/EngineMaterials/Substrate/Glints2/dict_0002_0121" 7623
"/Engine/EngineMaterials/Substrate/Glints2/dict_0002_0120" 7624
"/Engine/EngineMaterials/Substrate/Glints2/dict_0002_0119" 7625
"/Engine/EngineMaterials/Substrate/Glints2/dict_0002_0118" 7626
"/Engine/EngineMaterials/Substrate/Glints2/dict_0002_0117" 7627
"/Engine/EngineMaterials/Substrate/Glints2/dict_0002_0116" 7628
"/Engine/EngineMaterials/Substrate/Glints2/dict_0002_0115" 7629
"/Engine/EngineMaterials/Substrate/Glints2/dict_0002_0114" 7630
"/Engine/EngineMaterials/Substrate/Glints2/dict_0002_0113" 7631
"/Engine/EngineMaterials/Substrate/Glints2/dict_0002_0110" 7632
"/Engine/EngineMaterials/Substrate/Glints2/dict_0002_0109" 7633
"/Engine/EngineMaterials/Substrate/Glints2/dict_0002_0108" 7634
"/Engine/EngineMaterials/Substrate/Glints2/dict_0002_0126" 7635
"/Engine/EngineMaterials/Substrate/Glints2/dict_0002_0106" 7636
"../../../Engine/Content/EngineMaterials/Substrate/Glints2/dict_0002_0141.uasset" 7637
"../../../Engine/Content/EngineMaterials/Substrate/Glints2/dict_0002_0142.uasset" 7638
"../../../Engine/Content/EngineMaterials/Substrate/Glints2/dict_0002_0144.uasset" 7639
"../../../Engine/Content/EngineMaterials/Substrate/Glints2/dict_0002_0149.uasset" 7640
"../../../Engine/Content/EngineMaterials/Substrate/Glints2/dict_0002_0151.uasset" 7641
"/Engine/EngineMaterials/Substrate/Glints2/dict_0002_0140" 7642
"../../../Engine/Content/EngineMaterials/Substrate/Glints2/dict_0002_0152.uasset" 7643
"../../../Engine/Content/EngineMaterials/Substrate/Glints2/dict_0002_0154.uasset" 7644
"../../../Engine/Content/EngineMaterials/Substrate/Glints2/dict_0002_0155.uasset" 7645
"../../../Engine/Content/EngineMaterials/Substrate/Glints2/dict_0002_0143.uasset" 7646
"../../../Engine/Content/EngineMaterials/Substrate/Glints2/dict_0002_0147.uasset" 7647
"../../../Engine/Content/EngineMaterials/Substrate/Glints2/dict_0002_0146.uasset" 7648
"/Engine/EngineMaterials/Substrate/Glints2/dict_0002_0139" 7649
"../../../Engine/Content/EngineMaterials/Substrate/Glints2/dict_0002_0156.uasset" 7650
"../../../Engine/Content/EngineMaterials/Substrate/Glints2/dict_0002_0153.uasset" 7651
"/Engine/EngineMaterials/Substrate/Glints2/dict_0002_0138" 7652
"/Engine/EngineMaterials/Substrate/Glints2/dict_0002_0137" 7653
"../../../Engine/Content/EngineMaterials/Substrate/Glints2/dict_0002_0158.uasset" 7654
"../../../Engine/Content/EngineMaterials/Substrate/Glints2/dict_0002_0150.uasset" 7655
"../../../Engine/Content/EngineMaterials/Substrate/Glints2/dict_0002_0145.uasset" 7656
"../../../Engine/Content/EngineMaterials/Substrate/Glints2/dict_0002_0157.uasset" 7657
"../../../Engine/Content/EngineMaterials/Substrate/Glints2/dict_0002_0148.uasset" 7658
"/Engine/EngineMaterials/Substrate/Glints2/dict_0002_0136" 7659
"/Engine/EngineMaterials/Substrate/Glints2/dict_0002_0135" 7660
"/Engine/EngineMaterials/Substrate/Glints2/dict_0002_0134" 7661
"/Engine/EngineMaterials/Substrate/Glints2/dict_0002_0133" 7662
"/Engine/EngineMaterials/Substrate/Glints2/dict_0002_0132" 7663
"/Engine/EngineMaterials/Substrate/Glints2/dict_0002_0131" 7664
"/Engine/EngineMaterials/Substrate/Glints2/dict_0002_0130" 7665
"/Engine/EngineMaterials/Substrate/Glints2/dict_0002_0129" 7666
"/Engine/EngineMaterials/Substrate/Glints2/dict_0002_0128" 7667
"/Engine/EngineMaterials/Substrate/Glints2/dict_0002_0127" 7668
"/Engine/EngineMaterials/Substrate/Glints2/dict_0002_0144" 7669
"/Engine/EngineMaterials/Substrate/Glints2/dict_0002_0142" 7670
"/Engine/EngineMaterials/Substrate/Glints2/dict_0002_0141" 7671
"../../../Engine/Content/EngineMaterials/Substrate/Glints2/dict_0002_0160.uasset" 7672
"../../../Engine/Content/EngineMaterials/Substrate/Glints2/dict_0002_0165.uasset" 7673
"../../../Engine/Content/EngineMaterials/Substrate/Glints2/dict_0002_0159.uasset" 7674
"../../../Engine/Content/EngineMaterials/Substrate/Glints2/dict_0002_0161.uasset" 7675
"../../../Engine/Content/EngineMaterials/Substrate/Glints2/dict_0002_0171.uasset" 7676
"../../../Engine/Content/EngineMaterials/Substrate/Glints2/dict_0002_0166.uasset" 7677
"../../../Engine/Content/EngineMaterials/Substrate/Glints2/dict_0002_0172.uasset" 7678
"../../../Engine/Content/EngineMaterials/Substrate/Glints2/dict_0002_0173.uasset" 7679
"../../../Engine/Content/EngineMaterials/Substrate/Glints2/dict_0002_0167.uasset" 7680
"../../../Engine/Content/EngineMaterials/Substrate/Glints2/dict_0002_0170.uasset" 7681
"../../../Engine/Content/EngineMaterials/Substrate/Glints2/dict_0002_0163.uasset" 7682
"../../../Engine/Content/EngineMaterials/Substrate/Glints2/dict_0002_0169.uasset" 7683
"../../../Engine/Content/EngineMaterials/Substrate/Glints2/dict_0002_0175.uasset" 7684
"../../../Engine/Content/EngineMaterials/Substrate/Glints2/dict_0002_0174.uasset" 7685
"../../../Engine/Content/EngineMaterials/Substrate/Glints2/dict_0002_0164.uasset" 7686
"/Engine/EngineMaterials/Substrate/Glints2/dict_0002_0158" 7687
"../../../Engine/Content/EngineMaterials/Substrate/Glints2/dict_0002_0168.uasset" 7688
"../../../Engine/Content/EngineMaterials/Substrate/Glints2/dict_0002_0162.uasset" 7689
"/Engine/EngineMaterials/Substrate/Glints2/dict_0002_0157" 7690
"/Engine/EngineMaterials/Substrate/Glints2/dict_0002_0156" 7691
"/Engine/EngineMaterials/Substrate/Glints2/dict_0002_0155" 7692
"/Engine/EngineMaterials/Substrate/Glints2/dict_0002_0154" 7693
"/Engine/EngineMaterials/Substrate/Glints2/dict_0002_0153" 7694
"/Engine/EngineMaterials/Substrate/Glints2/dict_0002_0152" 7695
"/Engine/EngineMaterials/Substrate/Glints2/dict_0002_0151" 7696
"/Engine/EngineMaterials/Substrate/Glints2/dict_0002_0150" 7697
"/Engine/EngineMaterials/Substrate/Glints2/dict_0002_0149" 7698
"/Engine/EngineMaterials/Substrate/Glints2/dict_0002_0148" 7699
"/Engine/EngineMaterials/Substrate/Glints2/dict_0002_0147" 7700
"/Engine/EngineMaterials/Substrate/Glints2/dict_0002_0146" 7701
"/Engine/EngineMaterials/Substrate/Glints2/dict_0002_0145" 7702
"/Engine/EngineMaterials/Substrate/Glints2/dict_0002_0143" 7703
"/Engine/EngineMaterials/Substrate/Glints2/dict_0002_0160" 7704
"../../../Engine/Content/EngineMaterials/Substrate/Glints2/dict_0002_0181.uasset" 7705
"../../../Engine/Content/EngineMaterials/Substrate/Glints2/dict_0002_0176.uasset" 7706
"../../../Engine/Content/EngineMaterials/Substrate/Glints2/dict_0002_0179.uasset" 7707
"../../../Engine/Content/EngineMaterials/Substrate/Glints2/dict_0002_0190.uasset" 7708
"../../../Engine/Content/EngineMaterials/Substrate/Glints2/dict_0002_0183.uasset" 7709
"/Engine/EngineMaterials/Substrate/Glints2/dict_0002_0175" 7710
"../../../Engine/Content/EngineMaterials/Substrate/Glints2/dict_0002_0186.uasset" 7711
"../../../Engine/Content/EngineMaterials/Substrate/Glints2/dict_0002_0191.uasset" 7712
"../../../Engine/Content/EngineMaterials/Substrate/Glints2/dict_0002_0187.uasset" 7713
"../../../Engine/Content/EngineMaterials/Substrate/Glints2/dict_0002_0184.uasset" 7714
"../../../Engine/Content/EngineMaterials/Substrate/Glints2/dict_0002_0185.uasset" 7715
"../../../Engine/Content/EngineMaterials/Substrate/Glints2/dict_0002_0189.uasset" 7716
"../../../Engine/Content/EngineMaterials/Substrate/Glints2/dict_0002_0188.uasset" 7717
"/Engine/EngineMaterials/Substrate/Glints2/dict_0002_0174" 7718
"/Engine/EngineMaterials/Substrate/Glints2/dict_0002_0173" 7719
"../../../Engine/Content/EngineMaterials/Substrate/Glints2/dict_0002_0182.uasset" 7720
"../../../Engine/Content/EngineMaterials/Substrate/Glints2/dict_0002_0180.uasset" 7721
"../../../Engine/Content/EngineMaterials/Substrate/Glints2/dict_0002_0177.uasset" 7722
"../../../Engine/Content/EngineMaterials/Substrate/Glints2/dict_0002_0178.uasset" 7723
"/Engine/EngineMaterials/Substrate/Glints2/dict_0002_0172" 7724
"/Engine/EngineMaterials/Substrate/Glints2/dict_0002_0171" 7725
"/Engine/EngineMaterials/Substrate/Glints2/dict_0002_0170" 7726
"/Engine/EngineMaterials/Substrate/Glints2/dict_0002_0169" 7727
"/Engine/EngineMaterials/Substrate/Glints2/dict_0002_0168" 7728
"/Engine/EngineMaterials/Substrate/Glints2/dict_0002_0167" 7729
"/Engine/EngineMaterials/Substrate/Glints2/dict_0002_0166" 7730
"/Engine/EngineMaterials/Substrate/Glints2/dict_0002_0165" 7731
"/Engine/EngineMaterials/Substrate/Glints2/dict_0002_0164" 7732
"/Engine/EngineMaterials/Substrate/Glints2/dict_0002_0163" 7733
"/Engine/EngineMaterials/Substrate/Glints2/dict_0002_0162" 7734
"/Engine/EngineMaterials/Substrate/Glints2/dict_0002_0161" 7735
"/Engine/EngineMaterials/Substrate/Glints2/dict_0002_0159" 7736
"../../../Engine/Content/EngineMaterials/Substrate/Glints2/dict_0002_0192.uasset" 7737
"../../../Engine/Content/EngineMaterials/Substrate/Glints2/dict_0002_0197.uasset" 7738
"../../../Engine/Content/EngineMaterials/Substrate/Glints2/dict_0002_0200.uasset" 7739
"../../../Engine/Content/EngineMaterials/Substrate/Glints2/dict_0002_0201.uasset" 7740
"../../../Engine/Content/EngineMaterials/Substrate/Glints2/dict_0002_0199.uasset" 7741
"/Engine/EngineMaterials/Substrate/Glints2/dict_0002_0191" 7742
"../../../Engine/Content/EngineMaterials/Substrate/Glints2/dict_0002_0205.uasset" 7743
"../../../Engine/Content/EngineMaterials/Substrate/Glints2/dict_0002_0203.uasset" 7744
"../../../Engine/Content/EngineMaterials/Substrate/Glints2/dict_0002_0196.uasset" 7745
"../../../Engine/Content/EngineMaterials/Substrate/Glints2/dict_0002_0202.uasset" 7746
"../../../Engine/Content/EngineMaterials/Substrate/Glints2/dict_0002_0206.uasset" 7747
"../../../Engine/Content/EngineMaterials/Substrate/Glints2/dict_0002_0193.uasset" 7748
"../../../Engine/Content/EngineMaterials/Substrate/Glints2/dict_0002_0195.uasset" 7749
"../../../Engine/Content/EngineMaterials/Substrate/Glints2/dict_0002_0207.uasset" 7750
"../../../Engine/Content/EngineMaterials/Substrate/Glints2/dict_0002_0204.uasset" 7751
"../../../Engine/Content/EngineMaterials/Substrate/Glints2/dict_0002_0194.uasset" 7752
"/Engine/EngineMaterials/Substrate/Glints2/dict_0002_0190" 7753
"../../../Engine/Content/EngineMaterials/Substrate/Glints2/dict_0002_0198.uasset" 7754
"/Engine/EngineMaterials/Substrate/Glints2/dict_0002_0189" 7755
"/Engine/EngineMaterials/Substrate/Glints2/dict_0002_0188" 7756
"/Engine/EngineMaterials/Substrate/Glints2/dict_0002_0187" 7757
"/Engine/EngineMaterials/Substrate/Glints2/dict_0002_0186" 7758
"/Engine/EngineMaterials/Substrate/Glints2/dict_0002_0185" 7759
"/Engine/EngineMaterials/Substrate/Glints2/dict_0002_0184" 7760
"/Engine/EngineMaterials/Substrate/Glints2/dict_0002_0183" 7761
"/Engine/EngineMaterials/Substrate/Glints2/dict_0002_0182" 7762
"/Engine/EngineMaterials/Substrate/Glints2/dict_0002_0181" 7763
"/Engine/EngineMaterials/Substrate/Glints2/dict_0002_0180" 7764
"/Engine/EngineMaterials/Substrate/Glints2/dict_0002_0179" 7765
"/Engine/EngineMaterials/Substrate/Glints2/dict_0002_0178" 7766
"/Engine/EngineMaterials/Substrate/Glints2/dict_0002_0177" 7767
"/Engine/EngineMaterials/Substrate/Glints2/dict_0002_0176" 7768
"/Engine/EngineMaterials/Substrate/Glints2/dict_0002_0192" 7769
"../../../Engine/Content/EngineMaterials/Substrate/Glints2/dict_0002_0209.uasset" 7770
"../../../Engine/Content/EngineMaterials/Substrate/Glints2/dict_0002_0211.uasset" 7771
"../../../Engine/Content/EngineMaterials/Substrate/Glints2/dict_0002_0210.uasset" 7772
"../../../Engine/Content/EngineMaterials/Substrate/Glints2/dict_0002_0212.uasset" 7773
"../../../Engine/Content/EngineMaterials/Substrate/Glints2/dict_0002_0218.uasset" 7774
"../../../Engine/Content/EngineMaterials/Substrate/Glints2/dict_0002_0220.uasset" 7775
"../../../Engine/Content/EngineMaterials/Substrate/Glints2/dict_0002_0221.uasset" 7776
"../../../Engine/Content/EngineMaterials/Substrate/Glints2/dict_0002_0222.uasset" 7777
"/Engine/EngineMaterials/Substrate/Glints2/dict_0002_0207" 7778
"../../../Engine/Content/EngineMaterials/Substrate/Glints2/dict_0002_0219.uasset" 7779
"../../../Engine/Content/EngineMaterials/Substrate/Glints2/dict_0002_0214.uasset" 7780
"../../../Engine/Content/EngineMaterials/Substrate/Glints2/dict_0002_0224.uasset" 7781
"../../../Engine/Content/EngineMaterials/Substrate/Glints2/dict_0002_0223.uasset" 7782
"../../../Engine/Content/EngineMaterials/Substrate/Glints2/dict_0002_0217.uasset" 7783
"../../../Engine/Content/EngineMaterials/Substrate/Glints2/dict_0002_0215.uasset" 7784
"/Engine/EngineMaterials/Substrate/Glints2/dict_0002_0206" 7785
"../../../Engine/Content/EngineMaterials/Substrate/Glints2/dict_0002_0208.uasset" 7786
"../../../Engine/Content/EngineMaterials/Substrate/Glints2/dict_0002_0216.uasset" 7787
"../../../Engine/Content/EngineMaterials/Substrate/Glints2/dict_0002_0213.uasset" 7788
"/Engine/EngineMaterials/Substrate/Glints2/dict_0002_0205" 7789
"/Engine/EngineMaterials/Substrate/Glints2/dict_0002_0204" 7790
"/Engine/EngineMaterials/Substrate/Glints2/dict_0002_0203" 7791
"/Engine/EngineMaterials/Substrate/Glints2/dict_0002_0202" 7792
"/Engine/EngineMaterials/Substrate/Glints2/dict_0002_0201" 7793
"/Engine/EngineMaterials/Substrate/Glints2/dict_0002_0200" 7794
"/Engine/EngineMaterials/Substrate/Glints2/dict_0002_0199" 7795
"/Engine/EngineMaterials/Substrate/Glints2/dict_0002_0198" 7796
"/Engine/EngineMaterials/Substrate/Glints2/dict_0002_0197" 7797
"/Engine/EngineMaterials/Substrate/Glints2/dict_0002_0196" 7798
"/Engine/EngineMaterials/Substrate/Glints2/dict_0002_0195" 7799
"/Engine/EngineMaterials/Substrate/Glints2/dict_0002_0194" 7800
"/Engine/EngineMaterials/Substrate/Glints2/dict_0002_0211" 7801
"/Engine/EngineMaterials/Substrate/Glints2/dict_0002_0193" 7802
"/Engine/EngineMaterials/Substrate/Glints2/dict_0002_0210" 7803
"/Engine/EngineMaterials/Substrate/Glints2/dict_0002_0209" 7804
"../../../Engine/Content/EngineMaterials/Substrate/Glints2/dict_0002_0225.uasset" 7805
"../../../Engine/Content/EngineMaterials/Substrate/Glints2/dict_0002_0226.uasset" 7806
"../../../Engine/Content/EngineMaterials/Substrate/Glints2/dict_0002_0228.uasset" 7807
"../../../Engine/Content/EngineMaterials/Substrate/Glints2/dict_0002_0230.uasset" 7808
"../../../Engine/Content/EngineMaterials/Substrate/Glints2/dict_0002_0231.uasset" 7809
"../../../Engine/Content/EngineMaterials/Substrate/Glints2/dict_0002_0235.uasset" 7810
"../../../Engine/Content/EngineMaterials/Substrate/Glints2/dict_0002_0234.uasset" 7811
"../../../Engine/Content/EngineMaterials/Substrate/Glints2/dict_0002_0227.uasset" 7812
"../../../Engine/Content/EngineMaterials/Substrate/Glints2/dict_0002_0240.uasset" 7813
"../../../Engine/Content/EngineMaterials/Substrate/Glints2/dict_0002_0239.uasset" 7814
"../../../Engine/Content/EngineMaterials/Substrate/Glints2/dict_0002_0241.uasset" 7815
"/Engine/EngineMaterials/Substrate/Glints2/dict_0002_0224" 7816
"../../../Engine/Content/EngineMaterials/Substrate/Glints2/dict_0002_0242.uasset" 7817
"../../../Engine/Content/EngineMaterials/Substrate/Glints2/dict_0002_0232.uasset" 7818
"../../../Engine/Content/EngineMaterials/Substrate/Glints2/dict_0002_0236.uasset" 7819
"../../../Engine/Content/EngineMaterials/Substrate/Glints2/dict_0002_0237.uasset" 7820
"/Engine/EngineMaterials/Substrate/Glints2/dict_0002_0223" 7821
"../../../Engine/Content/EngineMaterials/Substrate/Glints2/dict_0002_0233.uasset" 7822
"../../../Engine/Content/EngineMaterials/Substrate/Glints2/dict_0002_0229.uasset" 7823
"/Engine/EngineMaterials/Substrate/Glints2/dict_0002_0222" 7824
"/Engine/EngineMaterials/Substrate/Glints2/dict_0002_0221" 7825
"../../../Engine/Content/EngineMaterials/Substrate/Glints2/dict_0002_0238.uasset" 7826
"/Engine/EngineMaterials/Substrate/Glints2/dict_0002_0220" 7827
"/Engine/EngineMaterials/Substrate/Glints2/dict_0002_0219" 7828
"/Engine/EngineMaterials/Substrate/Glints2/dict_0002_0218" 7829
"/Engine/EngineMaterials/Substrate/Glints2/dict_0002_0217" 7830
"/Engine/EngineMaterials/Substrate/Glints2/dict_0002_0216" 7831
"/Engine/EngineMaterials/Substrate/Glints2/dict_0002_0215" 7832
"/Engine/EngineMaterials/Substrate/Glints2/dict_0002_0214" 7833
"/Engine/EngineMaterials/Substrate/Glints2/dict_0002_0231" 7834
"/Engine/EngineMaterials/Substrate/Glints2/dict_0002_0213" 7835
"/Engine/EngineMaterials/Substrate/Glints2/dict_0002_0212" 7836
"/Engine/EngineMaterials/Substrate/Glints2/dict_0002_0230" 7837
"/Engine/EngineMaterials/Substrate/Glints2/dict_0002_0228" 7838
"/Engine/EngineMaterials/Substrate/Glints2/dict_0002_0226" 7839
"/Engine/EngineMaterials/Substrate/Glints2/dict_0002_0225" 7840
"/Engine/EngineMaterials/Substrate/Glints2/dict_0002_0208" 7841
"../../../Engine/Content/EngineMaterials/Substrate/Glints2/dict_0002_0243.uasset" 7842
"../../../Engine/Content/EngineMaterials/Substrate/Glints2/dict_0002_0249.uasset" 7843
"../../../Engine/Content/EngineMaterials/Substrate/Glints2/dict_0002_0244.uasset" 7844
"../../../Engine/Content/EngineMaterials/Substrate/Glints2/dict_0002_0251.uasset" 7845
"../../../Engine/Content/EngineMaterials/Substrate/Glints2/dict_0002_0247.uasset" 7846
"../../../Engine/Content/EngineMaterials/Substrate/Glints2/dict_0002_0246.uasset" 7847
"../../../Engine/Content/EngineMaterials/Substrate/Glints2/dict_0002_0255.uasset" 7848
"/Engine/EngineMaterials/Substrate/Glints2/dict_0002_0242" 7849
"../../../Engine/Content/EngineMaterials/Substrate/Glints2/dict_0003_0005.uasset" 7850
"../../../Engine/Content/EngineMaterials/Substrate/Glints2/dict_0002_0252.uasset" 7851
"../../../Engine/Content/EngineMaterials/Substrate/Glints2/dict_0002_0254.uasset" 7852
"../../../Engine/Content/EngineMaterials/Substrate/Glints2/dict_0003_0003.uasset" 7853
"../../../Engine/Content/EngineMaterials/Substrate/Glints2/dict_0003_0002.uasset" 7854
"../../../Engine/Content/EngineMaterials/Substrate/Glints2/dict_0003_0004.uasset" 7855
"../../../Engine/Content/EngineMaterials/Substrate/Glints2/dict_0002_0250.uasset" 7856
"/Engine/EngineMaterials/Substrate/Glints2/dict_0002_0241" 7857
"/Engine/EngineMaterials/Substrate/Glints2/dict_0002_0240" 7858
"../../../Engine/Content/EngineMaterials/Substrate/Glints2/dict_0002_0248.uasset" 7859
"../../../Engine/Content/EngineMaterials/Substrate/Glints2/dict_0003_0000.uasset" 7860
"../../../Engine/Content/EngineMaterials/Substrate/Glints2/dict_0002_0253.uasset" 7861
"../../../Engine/Content/EngineMaterials/Substrate/Glints2/dict_0002_0245.uasset" 7862
"../../../Engine/Content/EngineMaterials/Substrate/Glints2/dict_0003_0001.uasset" 7863
"/Engine/EngineMaterials/Substrate/Glints2/dict_0002_0239" 7864
"/Engine/EngineMaterials/Substrate/Glints2/dict_0002_0238" 7865
"/Engine/EngineMaterials/Substrate/Glints2/dict_0002_0237" 7866
"/Engine/EngineMaterials/Substrate/Glints2/dict_0002_0236" 7867
"/Engine/EngineMaterials/Substrate/Glints2/dict_0002_0235" 7868
"/Engine/EngineMaterials/Substrate/Glints2/dict_0002_0234" 7869
"/Engine/EngineMaterials/Substrate/Glints2/dict_0002_0233" 7870
"/Engine/EngineMaterials/Substrate/Glints2/dict_0002_0232" 7871
"/Engine/EngineMaterials/Substrate/Glints2/dict_0002_0249" 7872
"/Engine/EngineMaterials/Substrate/Glints2/dict_0002_0229" 7873
"/Engine/EngineMaterials/Substrate/Glints2/dict_0002_0227" 7874
"/Engine/EngineMaterials/Substrate/Glints2/dict_0002_0243" 7875
"../../../Engine/Content/EngineMaterials/Substrate/Glints2/dict_0003_0006.uasset" 7876
"../../../Engine/Content/EngineMaterials/Substrate/Glints2/dict_0003_0008.uasset" 7877
"../../../Engine/Content/EngineMaterials/Substrate/Glints2/dict_0003_0007.uasset" 7878
"../../../Engine/Content/EngineMaterials/Substrate/Glints2/dict_0003_0010.uasset" 7879
"../../../Engine/Content/EngineMaterials/Substrate/Glints2/dict_0003_0016.uasset" 7880
"../../../Engine/Content/EngineMaterials/Substrate/Glints2/dict_0003_0018.uasset" 7881
"/Engine/EngineMaterials/Substrate/Glints2/dict_0003_0005" 7882
"../../../Engine/Content/EngineMaterials/Substrate/Glints2/dict_0003_0020.uasset" 7883
"../../../Engine/Content/EngineMaterials/Substrate/Glints2/dict_0003_0009.uasset" 7884
"../../../Engine/Content/EngineMaterials/Substrate/Glints2/dict_0003_0019.uasset" 7885
"../../../Engine/Content/EngineMaterials/Substrate/Glints2/dict_0003_0011.uasset" 7886
"../../../Engine/Content/EngineMaterials/Substrate/Glints2/dict_0003_0015.uasset" 7887
"../../../Engine/Content/EngineMaterials/Substrate/Glints2/dict_0003_0017.uasset" 7888
"../../../Engine/Content/EngineMaterials/Substrate/Glints2/dict_0003_0013.uasset" 7889
"../../../Engine/Content/EngineMaterials/Substrate/Glints2/dict_0003_0014.uasset" 7890
"../../../Engine/Content/EngineMaterials/Substrate/Glints2/dict_0003_0012.uasset" 7891
"/Engine/EngineMaterials/Substrate/Glints2/dict_0003_0004" 7892
"/Engine/EngineMaterials/Substrate/Glints2/dict_0003_0003" 7893
"/Engine/EngineMaterials/Substrate/Glints2/dict_0003_0002" 7894
"/Engine/EngineMaterials/Substrate/Glints2/dict_0003_0001" 7895
"/Engine/EngineMaterials/Substrate/Glints2/dict_0003_0000" 7896
"/Engine/EngineMaterials/Substrate/Glints2/dict_0002_0255" 7897
"/Engine/EngineMaterials/Substrate/Glints2/dict_0002_0254" 7898
"/Engine/EngineMaterials/Substrate/Glints2/dict_0002_0253" 7899
"/Engine/EngineMaterials/Substrate/Glints2/dict_0002_0252" 7900
"/Engine/EngineMaterials/Substrate/Glints2/dict_0002_0251" 7901
"/Engine/EngineMaterials/Substrate/Glints2/dict_0002_0250" 7902
"/Engine/EngineMaterials/Substrate/Glints2/dict_0002_0248" 7903
"/Engine/EngineMaterials/Substrate/Glints2/dict_0002_0247" 7904
"/Engine/EngineMaterials/Substrate/Glints2/dict_0003_0008" 7905
"/Engine/EngineMaterials/Substrate/Glints2/dict_0002_0246" 7906
"/Engine/EngineMaterials/Substrate/Glints2/dict_0003_0007" 7907
"/Engine/EngineMaterials/Substrate/Glints2/dict_0002_0245" 7908
"/Engine/EngineMaterials/Substrate/Glints2/dict_0002_0244" 7909
"/Engine/EngineMaterials/Substrate/Glints2/dict_0003_0006" 7910
"../../../Engine/Content/EngineMaterials/Substrate/Glints2/dict_0003_0021.uasset" 7911
"../../../Engine/Content/EngineMaterials/Substrate/Glints2/dict_0003_0028.uasset" 7912
"../../../Engine/Content/EngineMaterials/Substrate/Glints2/dict_0003_0027.uasset" 7913
"../../../Engine/Content/EngineMaterials/Substrate/Glints2/dict_0003_0032.uasset" 7914
"../../../Engine/Content/EngineMaterials/Substrate/Glints2/dict_0003_0026.uasset" 7915
"../../../Engine/Content/EngineMaterials/Substrate/Glints2/dict_0003_0029.uasset" 7916
"../../../Engine/Content/EngineMaterials/Substrate/Glints2/dict_0003_0033.uasset" 7917
"../../../Engine/Content/EngineMaterials/Substrate/Glints2/dict_0003_0035.uasset" 7918
"../../../Engine/Content/EngineMaterials/Substrate/Glints2/dict_0003_0034.uasset" 7919
"../../../Engine/Content/EngineMaterials/Substrate/Glints2/dict_0003_0036.uasset" 7920
"/Engine/EngineMaterials/Substrate/Glints2/dict_0003_0020" 7921
"../../../Engine/Content/EngineMaterials/Substrate/Glints2/dict_0003_0024.uasset" 7922
"../../../Engine/Content/EngineMaterials/Substrate/Glints2/dict_0003_0038.uasset" 7923
"../../../Engine/Content/EngineMaterials/Substrate/Glints2/dict_0003_0039.uasset" 7924
"../../../Engine/Content/EngineMaterials/Substrate/Glints2/dict_0003_0040.uasset" 7925
"../../../Engine/Content/EngineMaterials/Substrate/Glints2/dict_0003_0022.uasset" 7926
"../../../Engine/Content/EngineMaterials/Substrate/Glints2/dict_0003_0023.uasset" 7927
"../../../Engine/Content/EngineMaterials/Substrate/Glints2/dict_0003_0031.uasset" 7928
"/Engine/EngineMaterials/Substrate/Glints2/dict_0003_0019" 7929
"../../../Engine/Content/EngineMaterials/Substrate/Glints2/dict_0003_0030.uasset" 7930
"../../../Engine/Content/EngineMaterials/Substrate/Glints2/dict_0003_0037.uasset" 7931
"/Engine/EngineMaterials/Substrate/Glints2/dict_0003_0018" 7932
"../../../Engine/Content/EngineMaterials/Substrate/Glints2/dict_0003_0025.uasset" 7933
"/Engine/EngineMaterials/Substrate/Glints2/dict_0003_0017" 7934
"/Engine/EngineMaterials/Substrate/Glints2/dict_0003_0016" 7935
"/Engine/EngineMaterials/Substrate/Glints2/dict_0003_0015" 7936
"/Engine/EngineMaterials/Substrate/Glints2/dict_0003_0014" 7937
"/Engine/EngineMaterials/Substrate/Glints2/dict_0003_0013" 7938
"/Engine/EngineMaterials/Substrate/Glints2/dict_0003_0012" 7939
"/Engine/EngineMaterials/Substrate/Glints2/dict_0003_0011" 7940
"/Engine/EngineMaterials/Substrate/Glints2/dict_0003_0010" 7941
"/Engine/EngineMaterials/Substrate/Glints2/dict_0003_0009" 7942
"/Engine/EngineMaterials/Substrate/Glints2/dict_0003_0028" 7943
"/Engine/EngineMaterials/Substrate/Glints2/dict_0003_0027" 7944
"/Engine/EngineMaterials/Substrate/Glints2/dict_0003_0021" 7945
"../../../Engine/Content/EngineMaterials/Substrate/Glints2/dict_0003_0042.uasset" 7946
"../../../Engine/Content/EngineMaterials/Substrate/Glints2/dict_0003_0045.uasset" 7947
"../../../Engine/Content/EngineMaterials/Substrate/Glints2/dict_0003_0043.uasset" 7948
"../../../Engine/Content/EngineMaterials/Substrate/Glints2/dict_0003_0041.uasset" 7949
"../../../Engine/Content/EngineMaterials/Substrate/Glints2/dict_0003_0047.uasset" 7950
"../../../Engine/Content/EngineMaterials/Substrate/Glints2/dict_0003_0050.uasset" 7951
"../../../Engine/Content/EngineMaterials/Substrate/Glints2/dict_0003_0048.uasset" 7952
"../../../Engine/Content/EngineMaterials/Substrate/Glints2/dict_0003_0049.uasset" 7953
"../../../Engine/Content/EngineMaterials/Substrate/Glints2/dict_0003_0053.uasset" 7954
"../../../Engine/Content/EngineMaterials/Substrate/Glints2/dict_0003_0052.uasset" 7955
"../../../Engine/Content/EngineMaterials/Substrate/Glints2/dict_0003_0055.uasset" 7956
"/Engine/EngineMaterials/Substrate/Glints2/dict_0003_0040" 7957
"../../../Engine/Content/EngineMaterials/Substrate/Glints2/dict_0003_0051.uasset" 7958
"../../../Engine/Content/EngineMaterials/Substrate/Glints2/dict_0003_0054.uasset" 7959
"/Engine/EngineMaterials/Substrate/Glints2/dict_0003_0039" 7960
"../../../Engine/Content/EngineMaterials/Substrate/Glints2/dict_0003_0044.uasset" 7961
"../../../Engine/Content/EngineMaterials/Substrate/Glints2/dict_0003_0046.uasset" 7962
"/Engine/EngineMaterials/Substrate/Glints2/dict_0003_0038" 7963
"/Engine/EngineMaterials/Substrate/Glints2/dict_0003_0037" 7964
"/Engine/EngineMaterials/Substrate/Glints2/dict_0003_0036" 7965
"/Engine/EngineMaterials/Substrate/Glints2/dict_0003_0035" 7966
"/Engine/EngineMaterials/Substrate/Glints2/dict_0003_0034" 7967
"/Engine/EngineMaterials/Substrate/Glints2/dict_0003_0033" 7968
"/Engine/EngineMaterials/Substrate/Glints2/dict_0003_0032" 7969
"/Engine/EngineMaterials/Substrate/Glints2/dict_0003_0045" 7970
"/Engine/EngineMaterials/Substrate/Glints2/dict_0003_0031" 7971
"/Engine/EngineMaterials/Substrate/Glints2/dict_0003_0030" 7972
"/Engine/EngineMaterials/Substrate/Glints2/dict_0003_0029" 7973
"/Engine/EngineMaterials/Substrate/Glints2/dict_0003_0042" 7974
"/Engine/EngineMaterials/Substrate/Glints2/dict_0003_0026" 7975
"/Engine/EngineMaterials/Substrate/Glints2/dict_0003_0025" 7976
"/Engine/EngineMaterials/Substrate/Glints2/dict_0003_0024" 7977
"/Engine/EngineMaterials/Substrate/Glints2/dict_0003_0023" 7978
"/Engine/EngineMaterials/Substrate/Glints2/dict_0003_0022" 7979
"../../../Engine/Content/EngineMaterials/Substrate/Glints2/dict_0003_0056.uasset" 7980
"../../../Engine/Content/EngineMaterials/Substrate/Glints2/dict_0003_0057.uasset" 7981
"../../../Engine/Content/EngineMaterials/Substrate/Glints2/dict_0003_0058.uasset" 7982
"../../../Engine/Content/EngineMaterials/Substrate/Glints2/dict_0003_0061.uasset" 7983
"../../../Engine/Content/EngineMaterials/Substrate/Glints2/dict_0003_0063.uasset" 7984
"../../../Engine/Content/EngineMaterials/Substrate/Glints2/dict_0003_0059.uasset" 7985
"../../../Engine/Content/EngineMaterials/Substrate/Glints2/dict_0003_0068.uasset" 7986
"../../../Engine/Content/EngineMaterials/Substrate/Glints2/dict_0003_0067.uasset" 7987
"../../../Engine/Content/EngineMaterials/Substrate/Glints2/dict_0003_0072.uasset" 7988
"../../../Engine/Content/EngineMaterials/Substrate/Glints2/dict_0003_0060.uasset" 7989
"../../../Engine/Content/EngineMaterials/Substrate/Glints2/dict_0003_0071.uasset" 7990
"../../../Engine/Content/EngineMaterials/Substrate/Glints2/dict_0003_0073.uasset" 7991
"../../../Engine/Content/EngineMaterials/Substrate/Glints2/dict_0003_0069.uasset" 7992
"../../../Engine/Content/EngineMaterials/Substrate/Glints2/dict_0003_0074.uasset" 7993
"../../../Engine/Content/EngineMaterials/Substrate/Glints2/dict_0003_0070.uasset" 7994
"/Engine/EngineMaterials/Substrate/Glints2/dict_0003_0055" 7995
"../../../Engine/Content/EngineMaterials/Substrate/Glints2/dict_0003_0066.uasset" 7996
"/Engine/EngineMaterials/Substrate/Glints2/dict_0003_0054" 7997
"/Engine/EngineMaterials/Substrate/Glints2/dict_0003_0053" 7998
"../../../Engine/Content/EngineMaterials/Substrate/Glints2/dict_0003_0065.uasset" 7999
"../../../Engine/Content/EngineMaterials/Substrate/Glints2/dict_0003_0062.uasset" 8000
"../../../Engine/Content/EngineMaterials/Substrate/Glints2/dict_0003_0064.uasset" 8001
"/Engine/EngineMaterials/Substrate/Glints2/dict_0003_0052" 8002
"/Engine/EngineMaterials/Substrate/Glints2/dict_0003_0051" 8003
"/Engine/EngineMaterials/Substrate/Glints2/dict_0003_0050" 8004
"/Engine/EngineMaterials/Substrate/Glints2/dict_0003_0049" 8005
"/Engine/EngineMaterials/Substrate/Glints2/dict_0003_0048" 8006
"/Engine/EngineMaterials/Substrate/Glints2/dict_0003_0047" 8007
"/Engine/EngineMaterials/Substrate/Glints2/dict_0003_0046" 8008
"/Engine/EngineMaterials/Substrate/Glints2/dict_0003_0044" 8009
"/Engine/EngineMaterials/Substrate/Glints2/dict_0003_0043" 8010
"/Engine/EngineMaterials/Substrate/Glints2/dict_0003_0061" 8011
"/Engine/EngineMaterials/Substrate/Glints2/dict_0003_0058" 8012
"/Engine/EngineMaterials/Substrate/Glints2/dict_0003_0057" 8013
"/Engine/EngineMaterials/Substrate/Glints2/dict_0003_0056" 8014
"/Engine/EngineMaterials/Substrate/Glints2/dict_0003_0041" 8015
"../../../Engine/Content/EngineMaterials/Substrate/Glints2/dict_0003_0077.uasset" 8016
"../../../Engine/Content/EngineMaterials/Substrate/Glints2/dict_0003_0076.uasset" 8017
"../../../Engine/Content/EngineMaterials/Substrate/Glints2/dict_0003_0080.uasset" 8018
"../../../Engine/Content/EngineMaterials/Substrate/Glints2/dict_0003_0082.uasset" 8019
"../../../Engine/Content/EngineMaterials/Substrate/Glints2/dict_0003_0081.uasset" 8020
"../../../Engine/Content/EngineMaterials/Substrate/Glints2/dict_0003_0089.uasset" 8021
"../../../Engine/Content/EngineMaterials/Substrate/Glints2/dict_0003_0088.uasset" 8022
"/Engine/EngineMaterials/Substrate/Glints2/dict_0003_0074" 8023
"../../../Engine/Content/EngineMaterials/Substrate/Glints2/dict_0003_0091.uasset" 8024
"../../../Engine/Content/EngineMaterials/Substrate/Glints2/dict_0003_0086.uasset" 8025
"../../../Engine/Content/EngineMaterials/Substrate/Glints2/dict_0003_0084.uasset" 8026
"../../../Engine/Content/EngineMaterials/Substrate/Glints2/dict_0003_0087.uasset" 8027
"../../../Engine/Content/EngineMaterials/Substrate/Glints2/dict_0003_0083.uasset" 8028
"../../../Engine/Content/EngineMaterials/Substrate/Glints2/dict_0003_0085.uasset" 8029
"../../../Engine/Content/EngineMaterials/Substrate/Glints2/dict_0003_0090.uasset" 8030
"../../../Engine/Content/EngineMaterials/Substrate/Glints2/dict_0003_0075.uasset" 8031
"../../../Engine/Content/EngineMaterials/Substrate/Glints2/dict_0003_0079.uasset" 8032
"../../../Engine/Content/EngineMaterials/Substrate/Glints2/dict_0003_0078.uasset" 8033
"/Engine/EngineMaterials/Substrate/Glints2/dict_0003_0073" 8034
"/Engine/EngineMaterials/Substrate/Glints2/dict_0003_0072" 8035
"/Engine/EngineMaterials/Substrate/Glints2/dict_0003_0071" 8036
"/Engine/EngineMaterials/Substrate/Glints2/dict_0003_0070" 8037
"/Engine/EngineMaterials/Substrate/Glints2/dict_0003_0069" 8038
"/Engine/EngineMaterials/Substrate/Glints2/dict_0003_0068" 8039
"/Engine/EngineMaterials/Substrate/Glints2/dict_0003_0067" 8040
"/Engine/EngineMaterials/Substrate/Glints2/dict_0003_0066" 8041
"/Engine/EngineMaterials/Substrate/Glints2/dict_0003_0065" 8042
"/Engine/EngineMaterials/Substrate/Glints2/dict_0003_0064" 8043
"/Engine/EngineMaterials/Substrate/Glints2/dict_0003_0063" 8044
"/Engine/EngineMaterials/Substrate/Glints2/dict_0003_0062" 8045
"/Engine/EngineMaterials/Substrate/Glints2/dict_0003_0080" 8046
"/Engine/EngineMaterials/Substrate/Glints2/dict_0003_0060" 8047
"/Engine/EngineMaterials/Substrate/Glints2/dict_0003_0059" 8048
"/Engine/EngineMaterials/Substrate/Glints2/dict_0003_0077" 8049
"/Engine/EngineMaterials/Substrate/Glints2/dict_0003_0076" 8050
"../../../Engine/Content/EngineMaterials/Substrate/Glints2/dict_0003_0092.uasset" 8051
"../../../Engine/Content/EngineMaterials/Substrate/Glints2/dict_0003_0094.uasset" 8052
"../../../Engine/Content/EngineMaterials/Substrate/Glints2/dict_0003_0095.uasset" 8053
"../../../Engine/Content/EngineMaterials/Substrate/Glints2/dict_0003_0097.uasset" 8054
"../../../Engine/Content/EngineMaterials/Substrate/Glints2/dict_0003_0096.uasset" 8055
"/Engine/EngineMaterials/Substrate/Glints2/dict_0003_0091" 8056
"/Engine/EngineMaterials/Substrate/Glints2/dict_0003_0090" 8057
"/Engine/EngineMaterials/Substrate/Glints2/dict_0003_0089" 8058
"/Engine/EngineMaterials/Substrate/Glints2/dict_0003_0088" 8059
"../../../Engine/Content/EngineMaterials/Substrate/Glints2/dict_0003_0099.uasset" 8060
"../../../Engine/Content/EngineMaterials/Substrate/Glints2/dict_0003_0102.uasset" 8061
"../../../Engine/Content/EngineMaterials/Substrate/Glints2/dict_0003_0104.uasset" 8062
"../../../Engine/Content/EngineMaterials/Substrate/Glints2/dict_0003_0103.uasset" 8063
"../../../Engine/Content/EngineMaterials/Substrate/Glints2/dict_0003_0105.uasset" 8064
"../../../Engine/Content/EngineMaterials/Substrate/Glints2/dict_0003_0098.uasset" 8065
"../../../Engine/Content/EngineMaterials/Substrate/Glints2/dict_0003_0107.uasset" 8066
"../../../Engine/Content/EngineMaterials/Substrate/Glints2/dict_0003_0093.uasset" 8067
"../../../Engine/Content/EngineMaterials/Substrate/Glints2/dict_0003_0106.uasset" 8068
"../../../Engine/Content/EngineMaterials/Substrate/Glints2/dict_0003_0101.uasset" 8069
"../../../Engine/Content/EngineMaterials/Substrate/Glints2/dict_0003_0109.uasset" 8070
"../../../Engine/Content/EngineMaterials/Substrate/Glints2/dict_0003_0108.uasset" 8071
"/Engine/EngineMaterials/Substrate/Glints2/dict_0003_0087" 8072
"../../../Engine/Content/EngineMaterials/Substrate/Glints2/dict_0003_0100.uasset" 8073
"/Engine/EngineMaterials/Substrate/Glints2/dict_0003_0086" 8074
"/Engine/EngineMaterials/Substrate/Glints2/dict_0003_0085" 8075
"/Engine/EngineMaterials/Substrate/Glints2/dict_0003_0084" 8076
"/Engine/EngineMaterials/Substrate/Glints2/dict_0003_0083" 8077
"/Engine/EngineMaterials/Substrate/Glints2/dict_0003_0082" 8078
"/Engine/EngineMaterials/Substrate/Glints2/dict_0003_0081" 8079
"/Engine/EngineMaterials/Substrate/Glints2/dict_0003_0079" 8080
"/Engine/EngineMaterials/Substrate/Glints2/dict_0003_0094" 8081
"/Engine/EngineMaterials/Substrate/Glints2/dict_0003_0078" 8082
"/Engine/EngineMaterials/Substrate/Glints2/dict_0003_0092" 8083
"/Engine/EngineMaterials/Substrate/Glints2/dict_0003_0075" 8084
"../../../Engine/Content/EngineMaterials/Substrate/Glints2/dict_0003_0110.uasset" 8085
"../../../Engine/Content/EngineMaterials/Substrate/Glints2/dict_0003_0111.uasset" 8086
"../../../Engine/Content/EngineMaterials/Substrate/Glints2/dict_0003_0112.uasset" 8087
"../../../Engine/Content/EngineMaterials/Substrate/Glints2/dict_0003_0114.uasset" 8088
"../../../Engine/Content/EngineMaterials/Substrate/Glints2/dict_0003_0115.uasset" 8089
"../../../Engine/Content/EngineMaterials/Substrate/Glints2/dict_0003_0118.uasset" 8090
"../../../Engine/Content/EngineMaterials/Substrate/Glints2/dict_0003_0120.uasset" 8091
"../../../Engine/Content/EngineMaterials/Substrate/Glints2/dict_0003_0124.uasset" 8092
"../../../Engine/Content/EngineMaterials/Substrate/Glints2/dict_0003_0119.uasset" 8093
"../../../Engine/Content/EngineMaterials/Substrate/Glints2/dict_0003_0125.uasset" 8094
"../../../Engine/Content/EngineMaterials/Substrate/Glints2/dict_0003_0123.uasset" 8095
"../../../Engine/Content/EngineMaterials/Substrate/Glints2/dict_0003_0117.uasset" 8096
"/Engine/EngineMaterials/Substrate/Glints2/dict_0003_0109" 8097
"../../../Engine/Content/EngineMaterials/Substrate/Glints2/dict_0003_0121.uasset" 8098
"../../../Engine/Content/EngineMaterials/Substrate/Glints2/dict_0003_0122.uasset" 8099
"../../../Engine/Content/EngineMaterials/Substrate/Glints2/dict_0003_0116.uasset" 8100
"/Engine/EngineMaterials/Substrate/Glints2/dict_0003_0108" 8101
"/Engine/EngineMaterials/Substrate/Glints2/dict_0003_0107" 8102
"../../../Engine/Content/EngineMaterials/Substrate/Glints2/dict_0003_0113.uasset" 8103
"/Engine/EngineMaterials/Substrate/Glints2/dict_0003_0106" 8104
"/Engine/EngineMaterials/Substrate/Glints2/dict_0003_0105" 8105
"/Engine/EngineMaterials/Substrate/Glints2/dict_0003_0104" 8106
"/Engine/EngineMaterials/Substrate/Glints2/dict_0003_0103" 8107
"/Engine/EngineMaterials/Substrate/Glints2/dict_0003_0102" 8108
"/Engine/EngineMaterials/Substrate/Glints2/dict_0003_0101" 8109
"/Engine/EngineMaterials/Substrate/Glints2/dict_0003_0100" 8110
"/Engine/EngineMaterials/Substrate/Glints2/dict_0003_0099" 8111
"/Engine/EngineMaterials/Substrate/Glints2/dict_0003_0098" 8112
"/Engine/EngineMaterials/Substrate/Glints2/dict_0003_0097" 8113
"/Engine/EngineMaterials/Substrate/Glints2/dict_0003_0096" 8114
"/Engine/EngineMaterials/Substrate/Glints2/dict_0003_0114" 8115
"/Engine/EngineMaterials/Substrate/Glints2/dict_0003_0095" 8116
"/Engine/EngineMaterials/Substrate/Glints2/dict_0003_0112" 8117
"/Engine/EngineMaterials/Substrate/Glints2/dict_0003_0093" 8118
"/Engine/EngineMaterials/Substrate/Glints2/dict_0003_0111" 8119
"/Engine/EngineMaterials/Substrate/Glints2/dict_0003_0110" 8120
"../../../Engine/Content/EngineMaterials/Substrate/Glints2/dict_0003_0128.uasset" 8121
"/Engine/EngineMaterials/Substrate/Glints2/dict_0003_0125" 8122
"/Engine/EngineMaterials/Substrate/Glints2/dict_0003_0124" 8123
"/Engine/EngineMaterials/Substrate/Glints2/dict_0003_0123" 8124
"../../../Engine/Content/EngineMaterials/Substrate/Glints2/dict_0003_0131.uasset" 8125
"../../../Engine/Content/EngineMaterials/Substrate/Glints2/dict_0003_0129.uasset" 8126
"../../../Engine/Content/EngineMaterials/Substrate/Glints2/dict_0003_0135.uasset" 8127
"../../../Engine/Content/EngineMaterials/Substrate/Glints2/dict_0003_0130.uasset" 8128
"../../../Engine/Content/EngineMaterials/Substrate/Glints2/dict_0003_0143.uasset" 8129
"../../../Engine/Content/EngineMaterials/Substrate/Glints2/dict_0003_0133.uasset" 8130
"../../../Engine/Content/EngineMaterials/Substrate/Glints2/dict_0003_0140.uasset" 8131
"../../../Engine/Content/EngineMaterials/Substrate/Glints2/dict_0003_0136.uasset" 8132
"../../../Engine/Content/EngineMaterials/Substrate/Glints2/dict_0003_0144.uasset" 8133
"../../../Engine/Content/EngineMaterials/Substrate/Glints2/dict_0003_0145.uasset" 8134
"/Engine/EngineMaterials/Substrate/Glints2/dict_0003_0122" 8135
"../../../Engine/Content/EngineMaterials/Substrate/Glints2/dict_0003_0132.uasset" 8136
"../../../Engine/Content/EngineMaterials/Substrate/Glints2/dict_0003_0134.uasset" 8137
"../../../Engine/Content/EngineMaterials/Substrate/Glints2/dict_0003_0137.uasset" 8138
"../../../Engine/Content/EngineMaterials/Substrate/Glints2/dict_0003_0138.uasset" 8139
"../../../Engine/Content/EngineMaterials/Substrate/Glints2/dict_0003_0142.uasset" 8140
"../../../Engine/Content/EngineMaterials/Substrate/Glints2/dict_0003_0139.uasset" 8141
"../../../Engine/Content/EngineMaterials/Substrate/Glints2/dict_0003_0126.uasset" 8142
"../../../Engine/Content/EngineMaterials/Substrate/Glints2/dict_0003_0141.uasset" 8143
"../../../Engine/Content/EngineMaterials/Substrate/Glints2/dict_0003_0127.uasset" 8144
"/Engine/EngineMaterials/Substrate/Glints2/dict_0003_0121" 8145
"/Engine/EngineMaterials/Substrate/Glints2/dict_0003_0120" 8146
"/Engine/EngineMaterials/Substrate/Glints2/dict_0003_0119" 8147
"/Engine/EngineMaterials/Substrate/Glints2/dict_0003_0118" 8148
"/Engine/EngineMaterials/Substrate/Glints2/dict_0003_0117" 8149
"/Engine/EngineMaterials/Substrate/Glints2/dict_0003_0116" 8150
"/Engine/EngineMaterials/Substrate/Glints2/dict_0003_0115" 8151
"/Engine/EngineMaterials/Substrate/Glints2/dict_0003_0113" 8152
"/Engine/EngineMaterials/Substrate/Glints2/dict_0003_0128" 8153
"../../../Engine/Content/EngineMaterials/Substrate/Glints2/dict_0003_0146.uasset" 8154
"../../../Engine/Content/EngineMaterials/Substrate/Glints2/dict_0003_0148.uasset" 8155
"../../../Engine/Content/EngineMaterials/Substrate/Glints2/dict_0003_0147.uasset" 8156
"../../../Engine/Content/EngineMaterials/Substrate/Glints2/dict_0003_0150.uasset" 8157
"../../../Engine/Content/EngineMaterials/Substrate/Glints2/dict_0003_0152.uasset" 8158
"../../../Engine/Content/EngineMaterials/Substrate/Glints2/dict_0003_0151.uasset" 8159
"../../../Engine/Content/EngineMaterials/Substrate/Glints2/dict_0003_0156.uasset" 8160
"../../../Engine/Content/EngineMaterials/Substrate/Glints2/dict_0003_0155.uasset" 8161
"../../../Engine/Content/EngineMaterials/Substrate/Glints2/dict_0003_0158.uasset" 8162
"../../../Engine/Content/EngineMaterials/Substrate/Glints2/dict_0003_0157.uasset" 8163
"../../../Engine/Content/EngineMaterials/Substrate/Glints2/dict_0003_0153.uasset" 8164
"/Engine/EngineMaterials/Substrate/Glints2/dict_0003_0145" 8165
"../../../Engine/Content/EngineMaterials/Substrate/Glints2/dict_0003_0154.uasset" 8166
"../../../Engine/Content/EngineMaterials/Substrate/Glints2/dict_0003_0149.uasset" 8167
"/Engine/EngineMaterials/Substrate/Glints2/dict_0003_0144" 8168
"/Engine/EngineMaterials/Substrate/Glints2/dict_0003_0143" 8169
"/Engine/EngineMaterials/Substrate/Glints2/dict_0003_0142" 8170
"/Engine/EngineMaterials/Substrate/Glints2/dict_0003_0141" 8171
"/Engine/EngineMaterials/Substrate/Glints2/dict_0003_0140" 8172
"/Engine/EngineMaterials/Substrate/Glints2/dict_0003_0139" 8173
"/Engine/EngineMaterials/Substrate/Glints2/dict_0003_0138" 8174
"/Engine/EngineMaterials/Substrate/Glints2/dict_0003_0137" 8175
"/Engine/EngineMaterials/Substrate/Glints2/dict_0003_0136" 8176
"/Engine/EngineMaterials/Substrate/Glints2/dict_0003_0135" 8177
"/Engine/EngineMaterials/Substrate/Glints2/dict_0003_0134" 8178
"/Engine/EngineMaterials/Substrate/Glints2/dict_0003_0133" 8179
"/Engine/EngineMaterials/Substrate/Glints2/dict_0003_0148" 8180
"/Engine/EngineMaterials/Substrate/Glints2/dict_0003_0132" 8181
"/Engine/EngineMaterials/Substrate/Glints2/dict_0003_0131" 8182
"/Engine/EngineMaterials/Substrate/Glints2/dict_0003_0130" 8183
"/Engine/EngineMaterials/Substrate/Glints2/dict_0003_0147" 8184
"/Engine/EngineMaterials/Substrate/Glints2/dict_0003_0129" 8185
"/Engine/EngineMaterials/Substrate/Glints2/dict_0003_0146" 8186
"/Engine/EngineMaterials/Substrate/Glints2/dict_0003_0127" 8187
"/Engine/EngineMaterials/Substrate/Glints2/dict_0003_0126" 8188
"../../../Engine/Content/EngineMaterials/Substrate/Glints2/dict_0003_0160.uasset" 8189
"../../../Engine/Content/EngineMaterials/Substrate/Glints2/dict_0003_0162.uasset" 8190
"../../../Engine/Content/EngineMaterials/Substrate/Glints2/dict_0003_0161.uasset" 8191
"../../../Engine/Content/EngineMaterials/Substrate/Glints2/dict_0003_0166.uasset" 8192
"../../../Engine/Content/EngineMaterials/Substrate/Glints2/dict_0003_0168.uasset" 8193
"../../../Engine/Content/EngineMaterials/Substrate/Glints2/dict_0003_0171.uasset" 8194
"../../../Engine/Content/EngineMaterials/Substrate/Glints2/dict_0003_0170.uasset" 8195
"../../../Engine/Content/EngineMaterials/Substrate/Glints2/dict_0003_0173.uasset" 8196
"../../../Engine/Content/EngineMaterials/Substrate/Glints2/dict_0003_0167.uasset" 8197
"../../../Engine/Content/EngineMaterials/Substrate/Glints2/dict_0003_0174.uasset" 8198
"/Engine/EngineMaterials/Substrate/Glints2/dict_0003_0158" 8199
"../../../Engine/Content/EngineMaterials/Substrate/Glints2/dict_0003_0163.uasset" 8200
"../../../Engine/Content/EngineMaterials/Substrate/Glints2/dict_0003_0176.uasset" 8201
"../../../Engine/Content/EngineMaterials/Substrate/Glints2/dict_0003_0177.uasset" 8202
"../../../Engine/Content/EngineMaterials/Substrate/Glints2/dict_0003_0169.uasset" 8203
"../../../Engine/Content/EngineMaterials/Substrate/Glints2/dict_0003_0175.uasset" 8204
"../../../Engine/Content/EngineMaterials/Substrate/Glints2/dict_0003_0179.uasset" 8205
"../../../Engine/Content/EngineMaterials/Substrate/Glints2/dict_0003_0164.uasset" 8206
"../../../Engine/Content/EngineMaterials/Substrate/Glints2/dict_0003_0165.uasset" 8207
"../../../Engine/Content/EngineMaterials/Substrate/Glints2/dict_0003_0178.uasset" 8208
"../../../Engine/Content/EngineMaterials/Substrate/Glints2/dict_0003_0180.uasset" 8209
"../../../Engine/Content/EngineMaterials/Substrate/Glints2/dict_0003_0172.uasset" 8210
"/Engine/EngineMaterials/Substrate/Glints2/dict_0003_0157" 8211
"/Engine/EngineMaterials/Substrate/Glints2/dict_0003_0156" 8212
"../../../Engine/Content/EngineMaterials/Substrate/Glints2/dict_0003_0159.uasset" 8213
"/Engine/EngineMaterials/Substrate/Glints2/dict_0003_0155" 8214
"/Engine/EngineMaterials/Substrate/Glints2/dict_0003_0154" 8215
"/Engine/EngineMaterials/Substrate/Glints2/dict_0003_0153" 8216
"/Engine/EngineMaterials/Substrate/Glints2/dict_0003_0152" 8217
"/Engine/EngineMaterials/Substrate/Glints2/dict_0003_0151" 8218
"/Engine/EngineMaterials/Substrate/Glints2/dict_0003_0150" 8219
"/Engine/EngineMaterials/Substrate/Glints2/dict_0003_0149" 8220
"/Engine/EngineMaterials/Substrate/Glints2/dict_0003_0168" 8221
"/Engine/EngineMaterials/Substrate/Glints2/dict_0003_0166" 8222
"/Engine/EngineMaterials/Substrate/Glints2/dict_0003_0161" 8223
"/Engine/EngineMaterials/Substrate/Glints2/dict_0003_0160" 8224
"../../../Engine/Content/EngineMaterials/Substrate/Glints2/dict_0003_0181.uasset" 8225
"../../../Engine/Content/EngineMaterials/Substrate/Glints2/dict_0003_0182.uasset" 8226
"../../../Engine/Content/EngineMaterials/Substrate/Glints2/dict_0003_0183.uasset" 8227
"../../../Engine/Content/EngineMaterials/Substrate/Glints2/dict_0003_0184.uasset" 8228
"../../../Engine/Content/EngineMaterials/Substrate/Glints2/dict_0003_0185.uasset" 8229
"../../../Engine/Content/EngineMaterials/Substrate/Glints2/dict_0003_0187.uasset" 8230
"../../../Engine/Content/EngineMaterials/Substrate/Glints2/dict_0003_0192.uasset" 8231
"../../../Engine/Content/EngineMaterials/Substrate/Glints2/dict_0003_0189.uasset" 8232
"../../../Engine/Content/EngineMaterials/Substrate/Glints2/dict_0003_0193.uasset" 8233
"../../../Engine/Content/EngineMaterials/Substrate/Glints2/dict_0003_0186.uasset" 8234
"/Engine/EngineMaterials/Substrate/Glints2/dict_0003_0180" 8235
"../../../Engine/Content/EngineMaterials/Substrate/Glints2/dict_0003_0188.uasset" 8236
"../../../Engine/Content/EngineMaterials/Substrate/Glints2/dict_0003_0191.uasset" 8237
"../../../Engine/Content/EngineMaterials/Substrate/Glints2/dict_0003_0190.uasset" 8238
"../../../Engine/Content/EngineMaterials/Substrate/Glints2/dict_0003_0194.uasset" 8239
"/Engine/EngineMaterials/Substrate/Glints2/dict_0003_0179" 8240
"/Engine/EngineMaterials/Substrate/Glints2/dict_0003_0178" 8241
"/Engine/EngineMaterials/Substrate/Glints2/dict_0003_0177" 8242
"/Engine/EngineMaterials/Substrate/Glints2/dict_0003_0176" 8243
"/Engine/EngineMaterials/Substrate/Glints2/dict_0003_0175" 8244
"/Engine/EngineMaterials/Substrate/Glints2/dict_0003_0174" 8245
"/Engine/EngineMaterials/Substrate/Glints2/dict_0003_0173" 8246
"/Engine/EngineMaterials/Substrate/Glints2/dict_0003_0172" 8247
"/Engine/EngineMaterials/Substrate/Glints2/dict_0003_0171" 8248
"/Engine/EngineMaterials/Substrate/Glints2/dict_0003_0170" 8249
"/Engine/EngineMaterials/Substrate/Glints2/dict_0003_0169" 8250
"/Engine/EngineMaterials/Substrate/Glints2/dict_0003_0167" 8251
"/Engine/EngineMaterials/Substrate/Glints2/dict_0003_0183" 8252
"/Engine/EngineMaterials/Substrate/Glints2/dict_0003_0165" 8253
"/Engine/EngineMaterials/Substrate/Glints2/dict_0003_0164" 8254
"/Engine/EngineMaterials/Substrate/Glints2/dict_0003_0163" 8255
"/Engine/EngineMaterials/Substrate/Glints2/dict_0003_0162" 8256
"/Engine/EngineMaterials/Substrate/Glints2/dict_0003_0182" 8257
"/Engine/EngineMaterials/Substrate/Glints2/dict_0003_0181" 8258
"/Engine/EngineMaterials/Substrate/Glints2/dict_0003_0159" 8259
"../../../Engine/Content/EngineMaterials/Substrate/Glints2/dict_0003_0196.uasset" 8260
"../../../Engine/Content/EngineMaterials/Substrate/Glints2/dict_0003_0195.uasset" 8261
"../../../Engine/Content/EngineMaterials/Substrate/Glints2/dict_0003_0198.uasset" 8262
"../../../Engine/Content/EngineMaterials/Substrate/Glints2/dict_0003_0197.uasset" 8263
"../../../Engine/Content/EngineMaterials/Substrate/Glints2/dict_0003_0203.uasset" 8264
"../../../Engine/Content/EngineMaterials/Substrate/Glints2/dict_0003_0205.uasset" 8265
"../../../Engine/Content/EngineMaterials/Substrate/Glints2/dict_0003_0207.uasset" 8266
"/Engine/EngineMaterials/Substrate/Glints2/dict_0003_0194" 8267
"../../../Engine/Content/EngineMaterials/Substrate/Glints2/dict_0003_0209.uasset" 8268
"../../../Engine/Content/EngineMaterials/Substrate/Glints2/dict_0003_0210.uasset" 8269
"../../../Engine/Content/EngineMaterials/Substrate/Glints2/dict_0003_0202.uasset" 8270
"../../../Engine/Content/EngineMaterials/Substrate/Glints2/dict_0003_0199.uasset" 8271
"../../../Engine/Content/EngineMaterials/Substrate/Glints2/dict_0003_0200.uasset" 8272
"../../../Engine/Content/EngineMaterials/Substrate/Glints2/dict_0003_0201.uasset" 8273
"../../../Engine/Content/EngineMaterials/Substrate/Glints2/dict_0003_0204.uasset" 8274
"../../../Engine/Content/EngineMaterials/Substrate/Glints2/dict_0003_0206.uasset" 8275
"../../../Engine/Content/EngineMaterials/Substrate/Glints2/dict_0003_0214.uasset" 8276
"../../../Engine/Content/EngineMaterials/Substrate/Glints2/dict_0003_0211.uasset" 8277
"../../../Engine/Content/EngineMaterials/Substrate/Glints2/dict_0003_0212.uasset" 8278
"../../../Engine/Content/EngineMaterials/Substrate/Glints2/dict_0003_0213.uasset" 8279
"../../../Engine/Content/EngineMaterials/Substrate/Glints2/dict_0003_0215.uasset" 8280
"/Engine/EngineMaterials/Substrate/Glints2/dict_0003_0193" 8281
"/Engine/EngineMaterials/Substrate/Glints2/dict_0003_0192" 8282
"/Engine/EngineMaterials/Substrate/Glints2/dict_0003_0191" 8283
"../../../Engine/Content/EngineMaterials/Substrate/Glints2/dict_0003_0208.uasset" 8284
"/Engine/EngineMaterials/Substrate/Glints2/dict_0003_0190" 8285
"/Engine/EngineMaterials/Substrate/Glints2/dict_0003_0189" 8286
"/Engine/EngineMaterials/Substrate/Glints2/dict_0003_0188" 8287
"/Engine/EngineMaterials/Substrate/Glints2/dict_0003_0187" 8288
"/Engine/EngineMaterials/Substrate/Glints2/dict_0003_0186" 8289
"/Engine/EngineMaterials/Substrate/Glints2/dict_0003_0185" 8290
"/Engine/EngineMaterials/Substrate/Glints2/dict_0003_0184" 8291
"/Engine/EngineMaterials/Substrate/Glints2/dict_0003_0198" 8292
"/Engine/EngineMaterials/Substrate/Glints2/dict_0003_0197" 8293
"/Engine/EngineMaterials/Substrate/Glints2/dict_0003_0196" 8294
"/Engine/EngineMaterials/Substrate/Glints2/dict_0003_0195" 8295
"../../../Engine/Content/EngineMaterials/Substrate/Glints2/dict_0003_0216.uasset" 8296
"../../../Engine/Content/EngineMaterials/Substrate/Glints2/dict_0003_0217.uasset" 8297
"../../../Engine/Content/EngineMaterials/Substrate/Glints2/dict_0003_0218.uasset" 8298
"../../../Engine/Content/EngineMaterials/Substrate/Glints2/dict_0003_0221.uasset" 8299
"../../../Engine/Content/EngineMaterials/Substrate/Glints2/dict_0003_0220.uasset" 8300
"../../../Engine/Content/EngineMaterials/Substrate/Glints2/dict_0003_0219.uasset" 8301
"../../../Engine/Content/EngineMaterials/Substrate/Glints2/dict_0003_0226.uasset" 8302
"../../../Engine/Content/EngineMaterials/Substrate/Glints2/dict_0003_0225.uasset" 8303
"../../../Engine/Content/EngineMaterials/Substrate/Glints2/dict_0003_0229.uasset" 8304
"../../../Engine/Content/EngineMaterials/Substrate/Glints2/dict_0003_0228.uasset" 8305
"../../../Engine/Content/EngineMaterials/Substrate/Glints2/dict_0003_0230.uasset" 8306
"../../../Engine/Content/EngineMaterials/Substrate/Glints2/dict_0003_0222.uasset" 8307
"../../../Engine/Content/EngineMaterials/Substrate/Glints2/dict_0003_0223.uasset" 8308
"/Engine/EngineMaterials/Substrate/Glints2/dict_0003_0215" 8309
"../../../Engine/Content/EngineMaterials/Substrate/Glints2/dict_0003_0227.uasset" 8310
"/Engine/EngineMaterials/Substrate/Glints2/dict_0003_0214" 8311
"/Engine/EngineMaterials/Substrate/Glints2/dict_0003_0213" 8312
"../../../Engine/Content/EngineMaterials/Substrate/Glints2/dict_0003_0224.uasset" 8313
"/Engine/EngineMaterials/Substrate/Glints2/dict_0003_0212" 8314
"/Engine/EngineMaterials/Substrate/Glints2/dict_0003_0211" 8315
"/Engine/EngineMaterials/Substrate/Glints2/dict_0003_0210" 8316
"/Engine/EngineMaterials/Substrate/Glints2/dict_0003_0209" 8317
"/Engine/EngineMaterials/Substrate/Glints2/dict_0003_0208" 8318
"/Engine/EngineMaterials/Substrate/Glints2/dict_0003_0207" 8319
"/Engine/EngineMaterials/Substrate/Glints2/dict_0003_0206" 8320
"/Engine/EngineMaterials/Substrate/Glints2/dict_0003_0205" 8321
"/Engine/EngineMaterials/Substrate/Glints2/dict_0003_0204" 8322
"/Engine/EngineMaterials/Substrate/Glints2/dict_0003_0203" 8323
"/Engine/EngineMaterials/Substrate/Glints2/dict_0003_0202" 8324
"/Engine/EngineMaterials/Substrate/Glints2/dict_0003_0201" 8325
"/Engine/EngineMaterials/Substrate/Glints2/dict_0003_0200" 8326
"/Engine/EngineMaterials/Substrate/Glints2/dict_0003_0199" 8327
"/Engine/EngineMaterials/Substrate/Glints2/dict_0003_0218" 8328
"/Engine/EngineMaterials/Substrate/Glints2/dict_0003_0217" 8329
"/Engine/EngineMaterials/Substrate/Glints2/dict_0003_0216" 8330
"../../../Engine/Content/EngineMaterials/Substrate/Glints2/dict_0003_0232.uasset" 8331
"../../../Engine/Content/EngineMaterials/Substrate/Glints2/dict_0003_0231.uasset" 8332
"../../../Engine/Content/EngineMaterials/Substrate/Glints2/dict_0003_0235.uasset" 8333
"../../../Engine/Content/EngineMaterials/Substrate/Glints2/dict_0003_0237.uasset" 8334
"../../../Engine/Content/EngineMaterials/Substrate/Glints2/dict_0003_0238.uasset" 8335
"../../../Engine/Content/EngineMaterials/Substrate/Glints2/dict_0003_0236.uasset" 8336
"../../../Engine/Content/EngineMaterials/Substrate/Glints2/dict_0003_0239.uasset" 8337
"../../../Engine/Content/EngineMaterials/Substrate/Glints2/dict_0003_0240.uasset" 8338
"../../../Engine/Content/EngineMaterials/Substrate/Glints2/dict_0003_0241.uasset" 8339
"/Engine/EngineMaterials/Substrate/Glints2/dict_0003_0230" 8340
"../../../Engine/Content/EngineMaterials/Substrate/Glints2/dict_0003_0242.uasset" 8341
"../../../Engine/Content/EngineMaterials/Substrate/Glints2/dict_0003_0244.uasset" 8342
"../../../Engine/Content/EngineMaterials/Substrate/Glints2/dict_0003_0234.uasset" 8343
"../../../Engine/Content/EngineMaterials/Substrate/Glints2/dict_0003_0245.uasset" 8344
"../../../Engine/Content/EngineMaterials/Substrate/Glints2/dict_0003_0246.uasset" 8345
"../../../Engine/Content/EngineMaterials/Substrate/Glints2/dict_0003_0247.uasset" 8346
"../../../Engine/Content/EngineMaterials/Substrate/Glints2/dict_0003_0249.uasset" 8347
"../../../Engine/Content/EngineMaterials/Substrate/Glints2/dict_0003_0250.uasset" 8348
"../../../Engine/Content/EngineMaterials/Substrate/Glints2/dict_0003_0248.uasset" 8349
"../../../Engine/Content/EngineMaterials/Substrate/Glints2/dict_0003_0243.uasset" 8350
"/Engine/EngineMaterials/Substrate/Glints2/dict_0003_0229" 8351
"/Engine/EngineMaterials/Substrate/Glints2/dict_0003_0228" 8352
"/Engine/EngineMaterials/Substrate/Glints2/dict_0003_0227" 8353
"../../../Engine/Content/EngineMaterials/Substrate/Glints2/dict_0003_0233.uasset" 8354
"/Engine/EngineMaterials/Substrate/Glints2/dict_0003_0226" 8355
"/Engine/EngineMaterials/Substrate/Glints2/dict_0003_0225" 8356
"/Engine/EngineMaterials/Substrate/Glints2/dict_0003_0224" 8357
"/Engine/EngineMaterials/Substrate/Glints2/dict_0003_0223" 8358
"/Engine/EngineMaterials/Substrate/Glints2/dict_0003_0222" 8359
"/Engine/EngineMaterials/Substrate/Glints2/dict_0003_0221" 8360
"/Engine/EngineMaterials/Substrate/Glints2/dict_0003_0220" 8361
"/Engine/EngineMaterials/Substrate/Glints2/dict_0003_0237" 8362
"/Engine/EngineMaterials/Substrate/Glints2/dict_0003_0235" 8363
"/Engine/EngineMaterials/Substrate/Glints2/dict_0003_0219" 8364
"/Engine/EngineMaterials/Substrate/Glints2/dict_0003_0232" 8365
"/Engine/EngineMaterials/Substrate/Glints2/dict_0003_0231" 8366
"../../../Engine/Content/EngineMaterials/Substrate/Glints2/dict_0003_0252.uasset" 8367
"../../../Engine/Content/EngineMaterials/Substrate/Glints2/dict_0003_0253.uasset" 8368
"../../../Engine/Content/EngineMaterials/Substrate/Glints2/dict_0003_0254.uasset" 8369
"../../../Engine/Content/EngineMaterials/Substrate/Glints2/dict_0003_0255.uasset" 8370
"../../../Engine/Content/EngineMaterials/Substrate/Glints2/dict_0004_0005.uasset" 8371
"../../../Engine/Content/EngineMaterials/Substrate/Glints2/dict_0004_0004.uasset" 8372
"../../../Engine/Content/EngineMaterials/Substrate/Glints2/dict_0004_0006.uasset" 8373
"../../../Engine/Content/EngineMaterials/Substrate/Glints2/dict_0004_0007.uasset" 8374
"../../../Engine/Content/EngineMaterials/Substrate/Glints2/dict_0004_0008.uasset" 8375
"../../../Engine/Content/EngineMaterials/Substrate/Glints2/dict_0004_0010.uasset" 8376
"../../../Engine/Content/EngineMaterials/Substrate/Glints2/dict_0004_0009.uasset" 8377
"../../../Engine/Content/EngineMaterials/Substrate/Glints2/dict_0004_0002.uasset" 8378
"/Engine/EngineMaterials/Substrate/Glints2/dict_0003_0250" 8379
"../../../Engine/Content/EngineMaterials/Substrate/Glints2/dict_0004_0003.uasset" 8380
"../../../Engine/Content/EngineMaterials/Substrate/Glints2/dict_0003_0251.uasset" 8381
"../../../Engine/Content/EngineMaterials/Substrate/Glints2/dict_0004_0000.uasset" 8382
"../../../Engine/Content/EngineMaterials/Substrate/Glints2/dict_0004_0001.uasset" 8383
"/Engine/EngineMaterials/Substrate/Glints2/dict_0003_0249" 8384
"/Engine/EngineMaterials/Substrate/Glints2/dict_0003_0248" 8385
"/Engine/EngineMaterials/Substrate/Glints2/dict_0003_0247" 8386
"/Engine/EngineMaterials/Substrate/Glints2/dict_0003_0246" 8387
"/Engine/EngineMaterials/Substrate/Glints2/dict_0003_0245" 8388
"/Engine/EngineMaterials/Substrate/Glints2/dict_0003_0244" 8389
"/Engine/EngineMaterials/Substrate/Glints2/dict_0003_0243" 8390
"/Engine/EngineMaterials/Substrate/Glints2/dict_0003_0242" 8391
"/Engine/EngineMaterials/Substrate/Glints2/dict_0003_0241" 8392
"/Engine/EngineMaterials/Substrate/Glints2/dict_0003_0240" 8393
"/Engine/EngineMaterials/Substrate/Glints2/dict_0003_0239" 8394
"/Engine/EngineMaterials/Substrate/Glints2/dict_0003_0238" 8395
"/Engine/EngineMaterials/Substrate/Glints2/dict_0003_0236" 8396
"/Engine/EngineMaterials/Substrate/Glints2/dict_0003_0234" 8397
"/Engine/EngineMaterials/Substrate/Glints2/dict_0003_0253" 8398
"/Engine/EngineMaterials/Substrate/Glints2/dict_0003_0233" 8399
"/Engine/EngineMaterials/Substrate/Glints2/dict_0003_0252" 8400
"../../../Engine/Content/EngineMaterials/Substrate/Glints2/dict_0004_0014.uasset" 8401
"../../../Engine/Content/EngineMaterials/Substrate/Glints2/dict_0004_0018.uasset" 8402
"../../../Engine/Content/EngineMaterials/Substrate/Glints2/dict_0004_0020.uasset" 8403
"../../../Engine/Content/EngineMaterials/Substrate/Glints2/dict_0004_0011.uasset" 8404
"../../../Engine/Content/EngineMaterials/Substrate/Glints2/dict_0004_0019.uasset" 8405
"../../../Engine/Content/EngineMaterials/Substrate/Glints2/dict_0004_0023.uasset" 8406
"../../../Engine/Content/EngineMaterials/Substrate/Glints2/dict_0004_0022.uasset" 8407
"../../../Engine/Content/EngineMaterials/Substrate/Glints2/dict_0004_0024.uasset" 8408
"../../../Engine/Content/EngineMaterials/Substrate/Glints2/dict_0004_0021.uasset" 8409
"/Engine/EngineMaterials/Substrate/Glints2/dict_0004_0010" 8410
"../../../Engine/Content/EngineMaterials/Substrate/Glints2/dict_0004_0013.uasset" 8411
"../../../Engine/Content/EngineMaterials/Substrate/Glints2/dict_0004_0028.uasset" 8412
"../../../Engine/Content/EngineMaterials/Substrate/Glints2/dict_0004_0027.uasset" 8413
"../../../Engine/Content/EngineMaterials/Substrate/Glints2/dict_0004_0026.uasset" 8414
"../../../Engine/Content/EngineMaterials/Substrate/Glints2/dict_0004_0025.uasset" 8415
"../../../Engine/Content/EngineMaterials/Substrate/Glints2/dict_0004_0016.uasset" 8416
"../../../Engine/Content/EngineMaterials/Substrate/Glints2/dict_0004_0017.uasset" 8417
"../../../Engine/Content/EngineMaterials/Substrate/Glints2/dict_0004_0012.uasset" 8418
"/Engine/EngineMaterials/Substrate/Glints2/dict_0004_0009" 8419
"../../../Engine/Content/EngineMaterials/Substrate/Glints2/dict_0004_0015.uasset" 8420
"/Engine/EngineMaterials/Substrate/Glints2/dict_0004_0008" 8421
"/Engine/EngineMaterials/Substrate/Glints2/dict_0004_0007" 8422
"/Engine/EngineMaterials/Substrate/Glints2/dict_0004_0006" 8423
"/Engine/EngineMaterials/Substrate/Glints2/dict_0004_0005" 8424
"/Engine/EngineMaterials/Substrate/Glints2/dict_0004_0004" 8425
"/Engine/EngineMaterials/Substrate/Glints2/dict_0004_0003" 8426
"/Engine/EngineMaterials/Substrate/Glints2/dict_0004_0002" 8427
"/Engine/EngineMaterials/Substrate/Glints2/dict_0004_0001" 8428
"/Engine/EngineMaterials/Substrate/Glints2/dict_0004_0020" 8429
"/Engine/EngineMaterials/Substrate/Glints2/dict_0004_0018" 8430
"/Engine/EngineMaterials/Substrate/Glints2/dict_0004_0000" 8431
"/Engine/EngineMaterials/Substrate/Glints2/dict_0003_0255" 8432
"/Engine/EngineMaterials/Substrate/Glints2/dict_0003_0254" 8433
"/Engine/EngineMaterials/Substrate/Glints2/dict_0004_0014" 8434
"/Engine/EngineMaterials/Substrate/Glints2/dict_0003_0251" 8435
"../../../Engine/Content/EngineMaterials/Substrate/Glints2/dict_0004_0029.uasset" 8436
"../../../Engine/Content/EngineMaterials/Substrate/Glints2/dict_0004_0031.uasset" 8437
"../../../Engine/Content/EngineMaterials/Substrate/Glints2/dict_0004_0032.uasset" 8438
"../../../Engine/Content/EngineMaterials/Substrate/Glints2/dict_0004_0034.uasset" 8439
"../../../Engine/Content/EngineMaterials/Substrate/Glints2/dict_0004_0035.uasset" 8440
"../../../Engine/Content/EngineMaterials/Substrate/Glints2/dict_0004_0042.uasset" 8441
"../../../Engine/Content/EngineMaterials/Substrate/Glints2/dict_0004_0037.uasset" 8442
"../../../Engine/Content/EngineMaterials/Substrate/Glints2/dict_0004_0043.uasset" 8443
"../../../Engine/Content/EngineMaterials/Substrate/Glints2/dict_0004_0041.uasset" 8444
"/Engine/EngineMaterials/Substrate/Glints2/dict_0004_0028" 8445
"../../../Engine/Content/EngineMaterials/Substrate/Glints2/dict_0004_0045.uasset" 8446
"../../../Engine/Content/EngineMaterials/Substrate/Glints2/dict_0004_0044.uasset" 8447
"../../../Engine/Content/EngineMaterials/Substrate/Glints2/dict_0004_0033.uasset" 8448
"../../../Engine/Content/EngineMaterials/Substrate/Glints2/dict_0004_0030.uasset" 8449
"../../../Engine/Content/EngineMaterials/Substrate/Glints2/dict_0004_0036.uasset" 8450
"../../../Engine/Content/EngineMaterials/Substrate/Glints2/dict_0004_0040.uasset" 8451
"../../../Engine/Content/EngineMaterials/Substrate/Glints2/dict_0004_0039.uasset" 8452
"/Engine/EngineMaterials/Substrate/Glints2/dict_0004_0027" 8453
"../../../Engine/Content/EngineMaterials/Substrate/Glints2/dict_0004_0038.uasset" 8454
"/Engine/EngineMaterials/Substrate/Glints2/dict_0004_0026" 8455
"/Engine/EngineMaterials/Substrate/Glints2/dict_0004_0025" 8456
"/Engine/EngineMaterials/Substrate/Glints2/dict_0004_0024" 8457
"/Engine/EngineMaterials/Substrate/Glints2/dict_0004_0023" 8458
"/Engine/EngineMaterials/Substrate/Glints2/dict_0004_0022" 8459
"/Engine/EngineMaterials/Substrate/Glints2/dict_0004_0021" 8460
"/Engine/EngineMaterials/Substrate/Glints2/dict_0004_0019" 8461
"/Engine/EngineMaterials/Substrate/Glints2/dict_0004_0017" 8462
"/Engine/EngineMaterials/Substrate/Glints2/dict_0004_0016" 8463
"/Engine/EngineMaterials/Substrate/Glints2/dict_0004_0032" 8464
"/Engine/EngineMaterials/Substrate/Glints2/dict_0004_0015" 8465
"/Engine/EngineMaterials/Substrate/Glints2/dict_0004_0031" 8466
"/Engine/EngineMaterials/Substrate/Glints2/dict_0004_0013" 8467
"/Engine/EngineMaterials/Substrate/Glints2/dict_0004_0012" 8468
"/Engine/EngineMaterials/Substrate/Glints2/dict_0004_0011" 8469
"/Engine/EngineMaterials/Substrate/Glints2/dict_0004_0029" 8470
"../../../Engine/Content/EngineMaterials/Substrate/Glints2/dict_0004_0046.uasset" 8471
"../../../Engine/Content/EngineMaterials/Substrate/Glints2/dict_0004_0047.uasset" 8472
"../../../Engine/Content/EngineMaterials/Substrate/Glints2/dict_0004_0050.uasset" 8473
"../../../Engine/Content/EngineMaterials/Substrate/Glints2/dict_0004_0053.uasset" 8474
"../../../Engine/Content/EngineMaterials/Substrate/Glints2/dict_0004_0059.uasset" 8475
"../../../Engine/Content/EngineMaterials/Substrate/Glints2/dict_0004_0063.uasset" 8476
"../../../Engine/Content/EngineMaterials/Substrate/Glints2/dict_0004_0056.uasset" 8477
"/Engine/EngineMaterials/Substrate/Glints2/dict_0004_0045" 8478
"../../../Engine/Content/EngineMaterials/Substrate/Glints2/dict_0004_0061.uasset" 8479
"../../../Engine/Content/EngineMaterials/Substrate/Glints2/dict_0004_0048.uasset" 8480
"../../../Engine/Content/EngineMaterials/Substrate/Glints2/dict_0004_0057.uasset" 8481
"../../../Engine/Content/EngineMaterials/Substrate/Glints2/dict_0004_0051.uasset" 8482
"../../../Engine/Content/EngineMaterials/Substrate/Glints2/dict_0004_0054.uasset" 8483
"../../../Engine/Content/EngineMaterials/Substrate/Glints2/dict_0004_0060.uasset" 8484
"../../../Engine/Content/EngineMaterials/Substrate/Glints2/dict_0004_0052.uasset" 8485
"../../../Engine/Content/EngineMaterials/Substrate/Glints2/dict_0004_0062.uasset" 8486
"../../../Engine/Content/EngineMaterials/Substrate/Glints2/dict_0004_0058.uasset" 8487
"../../../Engine/Content/EngineMaterials/Substrate/Glints2/dict_0004_0055.uasset" 8488
"../../../Engine/Content/EngineMaterials/Substrate/Glints2/dict_0004_0049.uasset" 8489
"/Engine/EngineMaterials/Substrate/Glints2/dict_0004_0044" 8490
"/Engine/EngineMaterials/Substrate/Glints2/dict_0004_0043" 8491
"/Engine/EngineMaterials/Substrate/Glints2/dict_0004_0042" 8492
"/Engine/EngineMaterials/Substrate/Glints2/dict_0004_0041" 8493
"/Engine/EngineMaterials/Substrate/Glints2/dict_0004_0040" 8494
"/Engine/EngineMaterials/Substrate/Glints2/dict_0004_0039" 8495
"/Engine/EngineMaterials/Substrate/Glints2/dict_0004_0038" 8496
"/Engine/EngineMaterials/Substrate/Glints2/dict_0004_0037" 8497
"/Engine/EngineMaterials/Substrate/Glints2/dict_0004_0036" 8498
"/Engine/EngineMaterials/Substrate/Glints2/dict_0004_0035" 8499
"/Engine/EngineMaterials/Substrate/Glints2/dict_0004_0034" 8500
"/Engine/EngineMaterials/Substrate/Glints2/dict_0004_0033" 8501
"/Engine/EngineMaterials/Substrate/Glints2/dict_0004_0050" 8502
"/Engine/EngineMaterials/Substrate/Glints2/dict_0004_0030" 8503
"/Engine/EngineMaterials/Substrate/Glints2/dict_0004_0047" 8504
"/Engine/EngineMaterials/Substrate/Glints2/dict_0004_0046" 8505
"../../../Engine/Content/EngineMaterials/Substrate/Glints2/dict_0004_0064.uasset" 8506
"../../../Engine/Content/EngineMaterials/Substrate/Glints2/dict_0004_0065.uasset" 8507
"../../../Engine/Content/EngineMaterials/Substrate/Glints2/dict_0004_0066.uasset" 8508
"../../../Engine/Content/EngineMaterials/Substrate/Glints2/dict_0004_0068.uasset" 8509
"../../../Engine/Content/EngineMaterials/Substrate/Glints2/dict_0004_0070.uasset" 8510
"../../../Engine/Content/EngineMaterials/Substrate/Glints2/dict_0004_0067.uasset" 8511
"../../../Engine/Content/EngineMaterials/Substrate/Glints2/dict_0004_0075.uasset" 8512
"../../../Engine/Content/EngineMaterials/Substrate/Glints2/dict_0004_0073.uasset" 8513
"../../../Engine/Content/EngineMaterials/Substrate/Glints2/dict_0004_0074.uasset" 8514
"../../../Engine/Content/EngineMaterials/Substrate/Glints2/dict_0004_0077.uasset" 8515
"../../../Engine/Content/EngineMaterials/Substrate/Glints2/dict_0004_0080.uasset" 8516
"../../../Engine/Content/EngineMaterials/Substrate/Glints2/dict_0004_0078.uasset" 8517
"/Engine/EngineMaterials/Substrate/Glints2/dict_0004_0063" 8518
"../../../Engine/Content/EngineMaterials/Substrate/Glints2/dict_0004_0079.uasset" 8519
"../../../Engine/Content/EngineMaterials/Substrate/Glints2/dict_0004_0076.uasset" 8520
"../../../Engine/Content/EngineMaterials/Substrate/Glints2/dict_0004_0072.uasset" 8521
"../../../Engine/Content/EngineMaterials/Substrate/Glints2/dict_0004_0071.uasset" 8522
"/Engine/EngineMaterials/Substrate/Glints2/dict_0004_0062" 8523
"/Engine/EngineMaterials/Substrate/Glints2/dict_0004_0061" 8524
"/Engine/EngineMaterials/Substrate/Glints2/dict_0004_0060" 8525
"/Engine/EngineMaterials/Substrate/Glints2/dict_0004_0059" 8526
"../../../Engine/Content/EngineMaterials/Substrate/Glints2/dict_0004_0069.uasset" 8527
"/Engine/EngineMaterials/Substrate/Glints2/dict_0004_0058" 8528
"/Engine/EngineMaterials/Substrate/Glints2/dict_0004_0057" 8529
"/Engine/EngineMaterials/Substrate/Glints2/dict_0004_0056" 8530
"/Engine/EngineMaterials/Substrate/Glints2/dict_0004_0055" 8531
"/Engine/EngineMaterials/Substrate/Glints2/dict_0004_0054" 8532
"/Engine/EngineMaterials/Substrate/Glints2/dict_0004_0068" 8533
"/Engine/EngineMaterials/Substrate/Glints2/dict_0004_0053" 8534
"/Engine/EngineMaterials/Substrate/Glints2/dict_0004_0052" 8535
"/Engine/EngineMaterials/Substrate/Glints2/dict_0004_0051" 8536
"/Engine/EngineMaterials/Substrate/Glints2/dict_0004_0066" 8537
"/Engine/EngineMaterials/Substrate/Glints2/dict_0004_0049" 8538
"/Engine/EngineMaterials/Substrate/Glints2/dict_0004_0048" 8539
"/Engine/EngineMaterials/Substrate/Glints2/dict_0004_0065" 8540
"/Engine/EngineMaterials/Substrate/Glints2/dict_0004_0064" 8541
"../../../Engine/Content/EngineMaterials/Substrate/Glints2/dict_0004_0083.uasset" 8542
"../../../Engine/Content/EngineMaterials/Substrate/Glints2/dict_0004_0084.uasset" 8543
"../../../Engine/Content/EngineMaterials/Substrate/Glints2/dict_0004_0087.uasset" 8544
"../../../Engine/Content/EngineMaterials/Substrate/Glints2/dict_0004_0089.uasset" 8545
"../../../Engine/Content/EngineMaterials/Substrate/Glints2/dict_0004_0095.uasset" 8546
"../../../Engine/Content/EngineMaterials/Substrate/Glints2/dict_0004_0096.uasset" 8547
"../../../Engine/Content/EngineMaterials/Substrate/Glints2/dict_0004_0097.uasset" 8548
"../../../Engine/Content/EngineMaterials/Substrate/Glints2/dict_0004_0082.uasset" 8549
"../../../Engine/Content/EngineMaterials/Substrate/Glints2/dict_0004_0081.uasset" 8550
"../../../Engine/Content/EngineMaterials/Substrate/Glints2/dict_0004_0088.uasset" 8551
"/Engine/EngineMaterials/Substrate/Glints2/dict_0004_0080" 8552
"../../../Engine/Content/EngineMaterials/Substrate/Glints2/dict_0004_0090.uasset" 8553
"../../../Engine/Content/EngineMaterials/Substrate/Glints2/dict_0004_0099.uasset" 8554
"../../../Engine/Content/EngineMaterials/Substrate/Glints2/dict_0004_0091.uasset" 8555
"../../../Engine/Content/EngineMaterials/Substrate/Glints2/dict_0004_0092.uasset" 8556
"/Engine/EngineMaterials/Substrate/Glints2/dict_0004_0079" 8557
"/Engine/EngineMaterials/Substrate/Glints2/dict_0004_0078" 8558
"../../../Engine/Content/EngineMaterials/Substrate/Glints2/dict_0004_0086.uasset" 8559
"../../../Engine/Content/EngineMaterials/Substrate/Glints2/dict_0004_0094.uasset" 8560
"../../../Engine/Content/EngineMaterials/Substrate/Glints2/dict_0004_0085.uasset" 8561
"../../../Engine/Content/EngineMaterials/Substrate/Glints2/dict_0004_0093.uasset" 8562
"/Engine/EngineMaterials/Substrate/Glints2/dict_0004_0077" 8563
"../../../Engine/Content/EngineMaterials/Substrate/Glints2/dict_0004_0098.uasset" 8564
"/Engine/EngineMaterials/Substrate/Glints2/dict_0004_0076" 8565
"/Engine/EngineMaterials/Substrate/Glints2/dict_0004_0075" 8566
"/Engine/EngineMaterials/Substrate/Glints2/dict_0004_0074" 8567
"/Engine/EngineMaterials/Substrate/Glints2/dict_0004_0073" 8568
"/Engine/EngineMaterials/Substrate/Glints2/dict_0004_0072" 8569
"/Engine/EngineMaterials/Substrate/Glints2/dict_0004_0071" 8570
"/Engine/EngineMaterials/Substrate/Glints2/dict_0004_0070" 8571
"/Engine/EngineMaterials/Substrate/Glints2/dict_0004_0069" 8572
"/Engine/EngineMaterials/Substrate/Glints2/dict_0004_0087" 8573
"/Engine/EngineMaterials/Substrate/Glints2/dict_0004_0067" 8574
"/Engine/EngineMaterials/Substrate/Glints2/dict_0004_0084" 8575
"/Engine/EngineMaterials/Substrate/Glints2/dict_0004_0083" 8576
"../../../Engine/Content/EngineMaterials/Substrate/Glints2/dict_0004_0102.uasset" 8577
"../../../Engine/Content/EngineMaterials/Substrate/Glints2/dict_0004_0105.uasset" 8578
"../../../Engine/Content/EngineMaterials/Substrate/Glints2/dict_0004_0101.uasset" 8579
"../../../Engine/Content/EngineMaterials/Substrate/Glints2/dict_0004_0104.uasset" 8580
"/Engine/EngineMaterials/Substrate/Glints2/dict_0004_0099" 8581
"../../../Engine/Content/EngineMaterials/Substrate/Glints2/dict_0004_0107.uasset" 8582
"../../../Engine/Content/EngineMaterials/Substrate/Glints2/dict_0004_0108.uasset" 8583
"../../../Engine/Content/EngineMaterials/Substrate/Glints2/dict_0004_0106.uasset" 8584
"../../../Engine/Content/EngineMaterials/Substrate/Glints2/dict_0004_0100.uasset" 8585
"../../../Engine/Content/EngineMaterials/Substrate/Glints2/dict_0004_0115.uasset" 8586
"../../../Engine/Content/EngineMaterials/Substrate/Glints2/dict_0004_0113.uasset" 8587
"../../../Engine/Content/EngineMaterials/Substrate/Glints2/dict_0004_0114.uasset" 8588
"../../../Engine/Content/EngineMaterials/Substrate/Glints2/dict_0004_0110.uasset" 8589
"../../../Engine/Content/EngineMaterials/Substrate/Glints2/dict_0004_0111.uasset" 8590
"../../../Engine/Content/EngineMaterials/Substrate/Glints2/dict_0004_0109.uasset" 8591
"../../../Engine/Content/EngineMaterials/Substrate/Glints2/dict_0004_0112.uasset" 8592
"/Engine/EngineMaterials/Substrate/Glints2/dict_0004_0098" 8593
"/Engine/EngineMaterials/Substrate/Glints2/dict_0004_0097" 8594
"/Engine/EngineMaterials/Substrate/Glints2/dict_0004_0096" 8595
"/Engine/EngineMaterials/Substrate/Glints2/dict_0004_0095" 8596
"../../../Engine/Content/EngineMaterials/Substrate/Glints2/dict_0004_0103.uasset" 8597
"/Engine/EngineMaterials/Substrate/Glints2/dict_0004_0094" 8598
"/Engine/EngineMaterials/Substrate/Glints2/dict_0004_0093" 8599
"/Engine/EngineMaterials/Substrate/Glints2/dict_0004_0092" 8600
"/Engine/EngineMaterials/Substrate/Glints2/dict_0004_0091" 8601
"/Engine/EngineMaterials/Substrate/Glints2/dict_0004_0090" 8602
"/Engine/EngineMaterials/Substrate/Glints2/dict_0004_0089" 8603
"/Engine/EngineMaterials/Substrate/Glints2/dict_0004_0088" 8604
"/Engine/EngineMaterials/Substrate/Glints2/dict_0004_0086" 8605
"/Engine/EngineMaterials/Substrate/Glints2/dict_0004_0102" 8606
"/Engine/EngineMaterials/Substrate/Glints2/dict_0004_0085" 8607
"/Engine/EngineMaterials/Substrate/Glints2/dict_0004_0082" 8608
"/Engine/EngineMaterials/Substrate/Glints2/dict_0004_0081" 8609
"../../../Engine/Content/EngineMaterials/Substrate/Glints2/dict_0004_0116.uasset" 8610
"../../../Engine/Content/EngineMaterials/Substrate/Glints2/dict_0004_0117.uasset" 8611
"../../../Engine/Content/EngineMaterials/Substrate/Glints2/dict_0004_0118.uasset" 8612
"../../../Engine/Content/EngineMaterials/Substrate/Glints2/dict_0004_0120.uasset" 8613
"../../../Engine/Content/EngineMaterials/Substrate/Glints2/dict_0004_0122.uasset" 8614
"../../../Engine/Content/EngineMaterials/Substrate/Glints2/dict_0004_0128.uasset" 8615
"../../../Engine/Content/EngineMaterials/Substrate/Glints2/dict_0004_0126.uasset" 8616
"../../../Engine/Content/EngineMaterials/Substrate/Glints2/dict_0004_0125.uasset" 8617
"../../../Engine/Content/EngineMaterials/Substrate/Glints2/dict_0004_0130.uasset" 8618
"../../../Engine/Content/EngineMaterials/Substrate/Glints2/dict_0004_0132.uasset" 8619
"../../../Engine/Content/EngineMaterials/Substrate/Glints2/dict_0004_0131.uasset" 8620
"../../../Engine/Content/EngineMaterials/Substrate/Glints2/dict_0004_0124.uasset" 8621
"../../../Engine/Content/EngineMaterials/Substrate/Glints2/dict_0004_0129.uasset" 8622
"../../../Engine/Content/EngineMaterials/Substrate/Glints2/dict_0004_0121.uasset" 8623
"/Engine/EngineMaterials/Substrate/Glints2/dict_0004_0115" 8624
"../../../Engine/Content/EngineMaterials/Substrate/Glints2/dict_0004_0127.uasset" 8625
"/Engine/EngineMaterials/Substrate/Glints2/dict_0004_0114" 8626
"../../../Engine/Content/EngineMaterials/Substrate/Glints2/dict_0004_0119.uasset" 8627
"../../../Engine/Content/EngineMaterials/Substrate/Glints2/dict_0004_0123.uasset" 8628
"/Engine/EngineMaterials/Substrate/Glints2/dict_0004_0113" 8629
"/Engine/EngineMaterials/Substrate/Glints2/dict_0004_0112" 8630
"/Engine/EngineMaterials/Substrate/Glints2/dict_0004_0111" 8631
"/Engine/EngineMaterials/Substrate/Glints2/dict_0004_0110" 8632
"/Engine/EngineMaterials/Substrate/Glints2/dict_0004_0109" 8633
"/Engine/EngineMaterials/Substrate/Glints2/dict_0004_0108" 8634
"/Engine/EngineMaterials/Substrate/Glints2/dict_0004_0107" 8635
"/Engine/EngineMaterials/Substrate/Glints2/dict_0004_0106" 8636
"/Engine/EngineMaterials/Substrate/Glints2/dict_0004_0105" 8637
"/Engine/EngineMaterials/Substrate/Glints2/dict_0004_0104" 8638
"/Engine/EngineMaterials/Substrate/Glints2/dict_0004_0103" 8639
"/Engine/EngineMaterials/Substrate/Glints2/dict_0004_0120" 8640
"/Engine/EngineMaterials/Substrate/Glints2/dict_0004_0118" 8641
"/Engine/EngineMaterials/Substrate/Glints2/dict_0004_0101" 8642
"/Engine/EngineMaterials/Substrate/Glints2/dict_0004_0100" 8643
"/Engine/EngineMaterials/Substrate/Glints2/dict_0004_0117" 8644
"/Engine/EngineMaterials/Substrate/Glints2/dict_0004_0116" 8645
"../../../Engine/Content/EngineMaterials/Substrate/Glints2/dict_0004_0135.uasset" 8646
"../../../Engine/Content/EngineMaterials/Substrate/Glints2/dict_0004_0136.uasset" 8647
"../../../Engine/Content/EngineMaterials/Substrate/Glints2/dict_0004_0144.uasset" 8648
"../../../Engine/Content/EngineMaterials/Substrate/Glints2/dict_0004_0133.uasset" 8649
"../../../Engine/Content/EngineMaterials/Substrate/Glints2/dict_0004_0139.uasset" 8650
"../../../Engine/Content/EngineMaterials/Substrate/Glints2/dict_0004_0147.uasset" 8651
"../../../Engine/Content/EngineMaterials/Substrate/Glints2/dict_0004_0149.uasset" 8652
"../../../Engine/Content/EngineMaterials/Substrate/Glints2/dict_0004_0146.uasset" 8653
"../../../Engine/Content/EngineMaterials/Substrate/Glints2/dict_0004_0150.uasset" 8654
"../../../Engine/Content/EngineMaterials/Substrate/Glints2/dict_0004_0148.uasset" 8655
"../../../Engine/Content/EngineMaterials/Substrate/Glints2/dict_0004_0142.uasset" 8656
"../../../Engine/Content/EngineMaterials/Substrate/Glints2/dict_0004_0141.uasset" 8657
"../../../Engine/Content/EngineMaterials/Substrate/Glints2/dict_0004_0145.uasset" 8658
"../../../Engine/Content/EngineMaterials/Substrate/Glints2/dict_0004_0151.uasset" 8659
"/Engine/EngineMaterials/Substrate/Glints2/dict_0004_0132" 8660
"/Engine/EngineMaterials/Substrate/Glints2/dict_0004_0131" 8661
"../../../Engine/Content/EngineMaterials/Substrate/Glints2/dict_0004_0143.uasset" 8662
"/Engine/EngineMaterials/Substrate/Glints2/dict_0004_0130" 8663
"/Engine/EngineMaterials/Substrate/Glints2/dict_0004_0129" 8664
"../../../Engine/Content/EngineMaterials/Substrate/Glints2/dict_0004_0140.uasset" 8665
"../../../Engine/Content/EngineMaterials/Substrate/Glints2/dict_0004_0137.uasset" 8666
"../../../Engine/Content/EngineMaterials/Substrate/Glints2/dict_0004_0134.uasset" 8667
"../../../Engine/Content/EngineMaterials/Substrate/Glints2/dict_0004_0138.uasset" 8668
"/Engine/EngineMaterials/Substrate/Glints2/dict_0004_0128" 8669
"/Engine/EngineMaterials/Substrate/Glints2/dict_0004_0127" 8670
"/Engine/EngineMaterials/Substrate/Glints2/dict_0004_0126" 8671
"/Engine/EngineMaterials/Substrate/Glints2/dict_0004_0125" 8672
"/Engine/EngineMaterials/Substrate/Glints2/dict_0004_0124" 8673
"/Engine/EngineMaterials/Substrate/Glints2/dict_0004_0123" 8674
"/Engine/EngineMaterials/Substrate/Glints2/dict_0004_0122" 8675
"/Engine/EngineMaterials/Substrate/Glints2/dict_0004_0121" 8676
"/Engine/EngineMaterials/Substrate/Glints2/dict_0004_0119" 8677
"/Engine/EngineMaterials/Substrate/Glints2/dict_0004_0136" 8678
"/Engine/EngineMaterials/Substrate/Glints2/dict_0004_0135" 8679
"../../../Engine/Content/EngineMaterials/Substrate/Glints2/dict_0004_0152.uasset" 8680
"../../../Engine/Content/EngineMaterials/Substrate/Glints2/dict_0004_0153.uasset" 8681
"../../../Engine/Content/EngineMaterials/Substrate/Glints2/dict_0004_0156.uasset" 8682
"../../../Engine/Content/EngineMaterials/Substrate/Glints2/dict_0004_0155.uasset" 8683
"../../../Engine/Content/EngineMaterials/Substrate/Glints2/dict_0004_0157.uasset" 8684
"../../../Engine/Content/EngineMaterials/Substrate/Glints2/dict_0004_0160.uasset" 8685
"../../../Engine/Content/EngineMaterials/Substrate/Glints2/dict_0004_0165.uasset" 8686
"../../../Engine/Content/EngineMaterials/Substrate/Glints2/dict_0004_0161.uasset" 8687
"../../../Engine/Content/EngineMaterials/Substrate/Glints2/dict_0004_0164.uasset" 8688
"../../../Engine/Content/EngineMaterials/Substrate/Glints2/dict_0004_0166.uasset" 8689
"../../../Engine/Content/EngineMaterials/Substrate/Glints2/dict_0004_0158.uasset" 8690
"../../../Engine/Content/EngineMaterials/Substrate/Glints2/dict_0004_0154.uasset" 8691
"../../../Engine/Content/EngineMaterials/Substrate/Glints2/dict_0004_0159.uasset" 8692
"/Engine/EngineMaterials/Substrate/Glints2/dict_0004_0151" 8693
"../../../Engine/Content/EngineMaterials/Substrate/Glints2/dict_0004_0162.uasset" 8694
"../../../Engine/Content/EngineMaterials/Substrate/Glints2/dict_0004_0163.uasset" 8695
"/Engine/EngineMaterials/Substrate/Glints2/dict_0004_0150" 8696
"/Engine/EngineMaterials/Substrate/Glints2/dict_0004_0149" 8697
"/Engine/EngineMaterials/Substrate/Glints2/dict_0004_0148" 8698
"/Engine/EngineMaterials/Substrate/Glints2/dict_0004_0147" 8699
"/Engine/EngineMaterials/Substrate/Glints2/dict_0004_0146" 8700
"/Engine/EngineMaterials/Substrate/Glints2/dict_0004_0145" 8701
"/Engine/EngineMaterials/Substrate/Glints2/dict_0004_0144" 8702
"/Engine/EngineMaterials/Substrate/Glints2/dict_0004_0143" 8703
"/Engine/EngineMaterials/Substrate/Glints2/dict_0004_0142" 8704
"/Engine/EngineMaterials/Substrate/Glints2/dict_0004_0141" 8705
"/Engine/EngineMaterials/Substrate/Glints2/dict_0004_0140" 8706
"/Engine/EngineMaterials/Substrate/Glints2/dict_0004_0156" 8707
"/Engine/EngineMaterials/Substrate/Glints2/dict_0004_0139" 8708
"/Engine/EngineMaterials/Substrate/Glints2/dict_0004_0138" 8709
"/Engine/EngineMaterials/Substrate/Glints2/dict_0004_0137" 8710
"/Engine/EngineMaterials/Substrate/Glints2/dict_0004_0153" 8711
"/Engine/EngineMaterials/Substrate/Glints2/dict_0004_0152" 8712
"/Engine/EngineMaterials/Substrate/Glints2/dict_0004_0134" 8713
"/Engine/EngineMaterials/Substrate/Glints2/dict_0004_0133" 8714
"../../../Engine/Content/EngineMaterials/Substrate/Glints2/dict_0004_0168.uasset" 8715
"../../../Engine/Content/EngineMaterials/Substrate/Glints2/dict_0004_0167.uasset" 8716
"../../../Engine/Content/EngineMaterials/Substrate/Glints2/dict_0004_0169.uasset" 8717
"../../../Engine/Content/EngineMaterials/Substrate/Glints2/dict_0004_0170.uasset" 8718
"../../../Engine/Content/EngineMaterials/Substrate/Glints2/dict_0004_0171.uasset" 8719
"../../../Engine/Content/EngineMaterials/Substrate/Glints2/dict_0004_0175.uasset" 8720
"../../../Engine/Content/EngineMaterials/Substrate/Glints2/dict_0004_0180.uasset" 8721
"../../../Engine/Content/EngineMaterials/Substrate/Glints2/dict_0004_0173.uasset" 8722
"../../../Engine/Content/EngineMaterials/Substrate/Glints2/dict_0004_0182.uasset" 8723
"../../../Engine/Content/EngineMaterials/Substrate/Glints2/dict_0004_0183.uasset" 8724
"../../../Engine/Content/EngineMaterials/Substrate/Glints2/dict_0004_0178.uasset" 8725
"../../../Engine/Content/EngineMaterials/Substrate/Glints2/dict_0004_0184.uasset" 8726
"../../../Engine/Content/EngineMaterials/Substrate/Glints2/dict_0004_0185.uasset" 8727
"../../../Engine/Content/EngineMaterials/Substrate/Glints2/dict_0004_0186.uasset" 8728
"/Engine/EngineMaterials/Substrate/Glints2/dict_0004_0166" 8729
"../../../Engine/Content/EngineMaterials/Substrate/Glints2/dict_0004_0181.uasset" 8730
"../../../Engine/Content/EngineMaterials/Substrate/Glints2/dict_0004_0176.uasset" 8731
"../../../Engine/Content/EngineMaterials/Substrate/Glints2/dict_0004_0172.uasset" 8732
"../../../Engine/Content/EngineMaterials/Substrate/Glints2/dict_0004_0177.uasset" 8733
"../../../Engine/Content/EngineMaterials/Substrate/Glints2/dict_0004_0179.uasset" 8734
"/Engine/EngineMaterials/Substrate/Glints2/dict_0004_0165" 8735
"/Engine/EngineMaterials/Substrate/Glints2/dict_0004_0164" 8736
"/Engine/EngineMaterials/Substrate/Glints2/dict_0004_0163" 8737
"../../../Engine/Content/EngineMaterials/Substrate/Glints2/dict_0004_0174.uasset" 8738
"/Engine/EngineMaterials/Substrate/Glints2/dict_0004_0162" 8739
"/Engine/EngineMaterials/Substrate/Glints2/dict_0004_0161" 8740
"/Engine/EngineMaterials/Substrate/Glints2/dict_0004_0160" 8741
"/Engine/EngineMaterials/Substrate/Glints2/dict_0004_0159" 8742
"/Engine/EngineMaterials/Substrate/Glints2/dict_0004_0158" 8743
"/Engine/EngineMaterials/Substrate/Glints2/dict_0004_0175" 8744
"/Engine/EngineMaterials/Substrate/Glints2/dict_0004_0157" 8745
"/Engine/EngineMaterials/Substrate/Glints2/dict_0004_0155" 8746
"/Engine/EngineMaterials/Substrate/Glints2/dict_0004_0154" 8747
"/Engine/EngineMaterials/Substrate/Glints2/dict_0004_0171" 8748
"/Engine/EngineMaterials/Substrate/Glints2/dict_0004_0170" 8749
"/Engine/EngineMaterials/Substrate/Glints2/dict_0004_0169" 8750
"/Engine/EngineMaterials/Substrate/Glints2/dict_0004_0168" 8751
"/Engine/EngineMaterials/Substrate/Glints2/dict_0004_0167" 8752
"../../../Engine/Content/EngineMaterials/Substrate/Glints2/dict_0004_0189.uasset" 8753
"../../../Engine/Content/EngineMaterials/Substrate/Glints2/dict_0004_0188.uasset" 8754
"../../../Engine/Content/EngineMaterials/Substrate/Glints2/dict_0004_0192.uasset" 8755
"../../../Engine/Content/EngineMaterials/Substrate/Glints2/dict_0004_0195.uasset" 8756
"../../../Engine/Content/EngineMaterials/Substrate/Glints2/dict_0004_0200.uasset" 8757
"../../../Engine/Content/EngineMaterials/Substrate/Glints2/dict_0004_0199.uasset" 8758
"../../../Engine/Content/EngineMaterials/Substrate/Glints2/dict_0004_0203.uasset" 8759
"../../../Engine/Content/EngineMaterials/Substrate/Glints2/dict_0004_0204.uasset" 8760
"/Engine/EngineMaterials/Substrate/Glints2/dict_0004_0186" 8761
"../../../Engine/Content/EngineMaterials/Substrate/Glints2/dict_0004_0190.uasset" 8762
"../../../Engine/Content/EngineMaterials/Substrate/Glints2/dict_0004_0202.uasset" 8763
"../../../Engine/Content/EngineMaterials/Substrate/Glints2/dict_0004_0187.uasset" 8764
"../../../Engine/Content/EngineMaterials/Substrate/Glints2/dict_0004_0201.uasset" 8765
"../../../Engine/Content/EngineMaterials/Substrate/Glints2/dict_0004_0191.uasset" 8766
"/Engine/EngineMaterials/Substrate/Glints2/dict_0004_0185" 8767
"../../../Engine/Content/EngineMaterials/Substrate/Glints2/dict_0004_0196.uasset" 8768
"../../../Engine/Content/EngineMaterials/Substrate/Glints2/dict_0004_0194.uasset" 8769
"../../../Engine/Content/EngineMaterials/Substrate/Glints2/dict_0004_0193.uasset" 8770
"/Engine/EngineMaterials/Substrate/Glints2/dict_0004_0184" 8771
"../../../Engine/Content/EngineMaterials/Substrate/Glints2/dict_0004_0197.uasset" 8772
"../../../Engine/Content/EngineMaterials/Substrate/Glints2/dict_0004_0198.uasset" 8773
"/Engine/EngineMaterials/Substrate/Glints2/dict_0004_0183" 8774
"/Engine/EngineMaterials/Substrate/Glints2/dict_0004_0182" 8775
"/Engine/EngineMaterials/Substrate/Glints2/dict_0004_0181" 8776
"/Engine/EngineMaterials/Substrate/Glints2/dict_0004_0180" 8777
"/Engine/EngineMaterials/Substrate/Glints2/dict_0004_0179" 8778
"/Engine/EngineMaterials/Substrate/Glints2/dict_0004_0178" 8779
"/Engine/EngineMaterials/Substrate/Glints2/dict_0004_0177" 8780
"/Engine/EngineMaterials/Substrate/Glints2/dict_0004_0176" 8781
"/Engine/EngineMaterials/Substrate/Glints2/dict_0004_0174" 8782
"/Engine/EngineMaterials/Substrate/Glints2/dict_0004_0173" 8783
"/Engine/EngineMaterials/Substrate/Glints2/dict_0004_0172" 8784
"/Engine/EngineMaterials/Substrate/Glints2/dict_0004_0192" 8785
"/Engine/EngineMaterials/Substrate/Glints2/dict_0004_0189" 8786
"/Engine/EngineMaterials/Substrate/Glints2/dict_0004_0188" 8787
"../../../Engine/Content/EngineMaterials/Substrate/Glints2/dict_0004_0207.uasset" 8788
"../../../Engine/Content/EngineMaterials/Substrate/Glints2/dict_0004_0208.uasset" 8789
"../../../Engine/Content/EngineMaterials/Substrate/Glints2/dict_0004_0205.uasset" 8790
"../../../Engine/Content/EngineMaterials/Substrate/Glints2/dict_0004_0210.uasset" 8791
"../../../Engine/Content/EngineMaterials/Substrate/Glints2/dict_0004_0211.uasset" 8792
"../../../Engine/Content/EngineMaterials/Substrate/Glints2/dict_0004_0206.uasset" 8793
"../../../Engine/Content/EngineMaterials/Substrate/Glints2/dict_0004_0213.uasset" 8794
"../../../Engine/Content/EngineMaterials/Substrate/Glints2/dict_0004_0218.uasset" 8795
"../../../Engine/Content/EngineMaterials/Substrate/Glints2/dict_0004_0214.uasset" 8796
"../../../Engine/Content/EngineMaterials/Substrate/Glints2/dict_0004_0215.uasset" 8797
"../../../Engine/Content/EngineMaterials/Substrate/Glints2/dict_0004_0221.uasset" 8798
"../../../Engine/Content/EngineMaterials/Substrate/Glints2/dict_0004_0219.uasset" 8799
"../../../Engine/Content/EngineMaterials/Substrate/Glints2/dict_0004_0220.uasset" 8800
"../../../Engine/Content/EngineMaterials/Substrate/Glints2/dict_0004_0212.uasset" 8801
"../../../Engine/Content/EngineMaterials/Substrate/Glints2/dict_0004_0216.uasset" 8802
"/Engine/EngineMaterials/Substrate/Glints2/dict_0004_0204" 8803
"../../../Engine/Content/EngineMaterials/Substrate/Glints2/dict_0004_0217.uasset" 8804
"../../../Engine/Content/EngineMaterials/Substrate/Glints2/dict_0004_0209.uasset" 8805
"/Engine/EngineMaterials/Substrate/Glints2/dict_0004_0203" 8806
"/Engine/EngineMaterials/Substrate/Glints2/dict_0004_0202" 8807
"/Engine/EngineMaterials/Substrate/Glints2/dict_0004_0201" 8808
"/Engine/EngineMaterials/Substrate/Glints2/dict_0004_0200" 8809
"/Engine/EngineMaterials/Substrate/Glints2/dict_0004_0199" 8810
"/Engine/EngineMaterials/Substrate/Glints2/dict_0004_0198" 8811
"/Engine/EngineMaterials/Substrate/Glints2/dict_0004_0197" 8812
"/Engine/EngineMaterials/Substrate/Glints2/dict_0004_0196" 8813
"/Engine/EngineMaterials/Substrate/Glints2/dict_0004_0195" 8814
"/Engine/EngineMaterials/Substrate/Glints2/dict_0004_0194" 8815
"/Engine/EngineMaterials/Substrate/Glints2/dict_0004_0193" 8816
"/Engine/EngineMaterials/Substrate/Glints2/dict_0004_0208" 8817
"/Engine/EngineMaterials/Substrate/Glints2/dict_0004_0207" 8818
"/Engine/EngineMaterials/Substrate/Glints2/dict_0004_0191" 8819
"/Engine/EngineMaterials/Substrate/Glints2/dict_0004_0190" 8820
"/Engine/EngineMaterials/Substrate/Glints2/dict_0004_0205" 8821
"/Engine/EngineMaterials/Substrate/Glints2/dict_0004_0187" 8822
"../../../Engine/Content/EngineMaterials/Substrate/Glints2/dict_0004_0223.uasset" 8823
"../../../Engine/Content/EngineMaterials/Substrate/Glints2/dict_0004_0225.uasset" 8824
"../../../Engine/Content/EngineMaterials/Substrate/Glints2/dict_0004_0224.uasset" 8825
"../../../Engine/Content/EngineMaterials/Substrate/Glints2/dict_0004_0227.uasset" 8826
"../../../Engine/Content/EngineMaterials/Substrate/Glints2/dict_0004_0231.uasset" 8827
"../../../Engine/Content/EngineMaterials/Substrate/Glints2/dict_0004_0233.uasset" 8828
"../../../Engine/Content/EngineMaterials/Substrate/Glints2/dict_0004_0234.uasset" 8829
"../../../Engine/Content/EngineMaterials/Substrate/Glints2/dict_0004_0236.uasset" 8830
"/Engine/EngineMaterials/Substrate/Glints2/dict_0004_0221" 8831
"../../../Engine/Content/EngineMaterials/Substrate/Glints2/dict_0004_0235.uasset" 8832
"../../../Engine/Content/EngineMaterials/Substrate/Glints2/dict_0004_0230.uasset" 8833
"../../../Engine/Content/EngineMaterials/Substrate/Glints2/dict_0004_0239.uasset" 8834
"../../../Engine/Content/EngineMaterials/Substrate/Glints2/dict_0004_0228.uasset" 8835
"../../../Engine/Content/EngineMaterials/Substrate/Glints2/dict_0004_0222.uasset" 8836
"../../../Engine/Content/EngineMaterials/Substrate/Glints2/dict_0004_0238.uasset" 8837
"../../../Engine/Content/EngineMaterials/Substrate/Glints2/dict_0004_0229.uasset" 8838
"../../../Engine/Content/EngineMaterials/Substrate/Glints2/dict_0004_0237.uasset" 8839
"../../../Engine/Content/EngineMaterials/Substrate/Glints2/dict_0004_0226.uasset" 8840
"../../../Engine/Content/EngineMaterials/Substrate/Glints2/dict_0004_0232.uasset" 8841
"/Engine/EngineMaterials/Substrate/Glints2/dict_0004_0220" 8842
"/Engine/EngineMaterials/Substrate/Glints2/dict_0004_0219" 8843
"/Engine/EngineMaterials/Substrate/Glints2/dict_0004_0218" 8844
"/Engine/EngineMaterials/Substrate/Glints2/dict_0004_0217" 8845
"/Engine/EngineMaterials/Substrate/Glints2/dict_0004_0216" 8846
"/Engine/EngineMaterials/Substrate/Glints2/dict_0004_0215" 8847
"/Engine/EngineMaterials/Substrate/Glints2/dict_0004_0214" 8848
"/Engine/EngineMaterials/Substrate/Glints2/dict_0004_0213" 8849
"/Engine/EngineMaterials/Substrate/Glints2/dict_0004_0212" 8850
"/Engine/EngineMaterials/Substrate/Glints2/dict_0004_0211" 8851
"/Engine/EngineMaterials/Substrate/Glints2/dict_0004_0210" 8852
"/Engine/EngineMaterials/Substrate/Glints2/dict_0004_0209" 8853
"/Engine/EngineMaterials/Substrate/Glints2/dict_0004_0225" 8854
"/Engine/EngineMaterials/Substrate/Glints2/dict_0004_0206" 8855
"/Engine/EngineMaterials/Substrate/Glints2/dict_0004_0223" 8856
"../../../Engine/Content/EngineMaterials/Substrate/Glints2/dict_0004_0243.uasset" 8857
"../../../Engine/Content/EngineMaterials/Substrate/Glints2/dict_0004_0244.uasset" 8858
"../../../Engine/Content/EngineMaterials/Substrate/Glints2/dict_0004_0245.uasset" 8859
"../../../Engine/Content/EngineMaterials/Substrate/Glints2/dict_0004_0250.uasset" 8860
"/Engine/EngineMaterials/Substrate/Glints2/dict_0004_0239" 8861
"../../../Engine/Content/EngineMaterials/Substrate/Glints2/dict_0004_0252.uasset" 8862
"../../../Engine/Content/EngineMaterials/Substrate/Glints2/dict_0004_0254.uasset" 8863
"../../../Engine/Content/EngineMaterials/Substrate/Glints2/dict_0004_0249.uasset" 8864
"../../../Engine/Content/EngineMaterials/Substrate/Glints2/dict_0004_0253.uasset" 8865
"../../../Engine/Content/EngineMaterials/Substrate/Glints2/dict_0004_0255.uasset" 8866
"../../../Engine/Content/EngineMaterials/Substrate/Glints2/dict_0004_0248.uasset" 8867
"../../../Engine/Content/EngineMaterials/Substrate/Glints2/dict_0004_0251.uasset" 8868
"../../../Engine/Content/EngineMaterials/Substrate/Glints2/dict_0004_0247.uasset" 8869
"/Engine/EngineMaterials/Substrate/Glints2/dict_0004_0238" 8870
"/Engine/EngineMaterials/Substrate/Glints2/dict_0004_0237" 8871
"../../../Engine/Content/EngineMaterials/Substrate/Glints2/dict_0004_0241.uasset" 8872
"../../../Engine/Content/EngineMaterials/Substrate/Glints2/dict_0004_0246.uasset" 8873
"../../../Engine/Content/EngineMaterials/Substrate/Glints2/dict_0004_0240.uasset" 8874
"../../../Engine/Content/EngineMaterials/Substrate/Glints2/dict_0004_0242.uasset" 8875
"/Engine/EngineMaterials/Substrate/Glints2/dict_0004_0236" 8876
"/Engine/EngineMaterials/Substrate/Glints2/dict_0004_0235" 8877
"/Engine/EngineMaterials/Substrate/Glints2/dict_0004_0234" 8878
"/Engine/EngineMaterials/Substrate/Glints2/dict_0004_0233" 8879
"/Engine/EngineMaterials/Substrate/Glints2/dict_0004_0232" 8880
"/Engine/EngineMaterials/Substrate/Glints2/dict_0004_0231" 8881
"/Engine/EngineMaterials/Substrate/Glints2/dict_0004_0230" 8882
"/Engine/EngineMaterials/Substrate/Glints2/dict_0004_0229" 8883
"/Engine/EngineMaterials/Substrate/Glints2/dict_0004_0228" 8884
"/Engine/EngineMaterials/Substrate/Glints2/dict_0004_0227" 8885
"/Engine/EngineMaterials/Substrate/Glints2/dict_0004_0226" 8886
"/Engine/EngineMaterials/Substrate/Glints2/dict_0004_0224" 8887
"/Engine/EngineMaterials/Substrate/Glints2/dict_0004_0222" 8888
"../../../Engine/Content/EngineMaterials/Substrate/Glints2/dict_0005_0000.uasset" 8889
"../../../Engine/Content/EngineMaterials/Substrate/Glints2/dict_0005_0003.uasset" 8890
"../../../Engine/Content/EngineMaterials/Substrate/Glints2/dict_0005_0001.uasset" 8891
"../../../Engine/Content/EngineMaterials/Substrate/Glints2/dict_0005_0006.uasset" 8892
"../../../Engine/Content/EngineMaterials/Substrate/Glints2/dict_0005_0005.uasset" 8893
"../../../Engine/Content/EngineMaterials/Substrate/Glints2/dict_0005_0009.uasset" 8894
"../../../Engine/Content/EngineMaterials/Substrate/Glints2/dict_0005_0010.uasset" 8895
"../../../Engine/Content/EngineMaterials/Substrate/Glints2/dict_0005_0013.uasset" 8896
"../../../Engine/Content/EngineMaterials/Substrate/Glints2/dict_0005_0012.uasset" 8897
"../../../Engine/Content/EngineMaterials/Substrate/Glints2/dict_0005_0011.uasset" 8898
"../../../Engine/Content/EngineMaterials/Substrate/Glints2/dict_0005_0014.uasset" 8899
"../../../Engine/Content/EngineMaterials/Substrate/Glints2/dict_0005_0015.uasset" 8900
"/Engine/EngineMaterials/Substrate/Glints2/dict_0004_0255" 8901
"../../../Engine/Content/EngineMaterials/Substrate/Glints2/dict_0005_0008.uasset" 8902
"../../../Engine/Content/EngineMaterials/Substrate/Glints2/dict_0005_0004.uasset" 8903
"../../../Engine/Content/EngineMaterials/Substrate/Glints2/dict_0005_0002.uasset" 8904
"/Engine/EngineMaterials/Substrate/Glints2/dict_0004_0254" 8905
"/Engine/EngineMaterials/Substrate/Glints2/dict_0004_0253" 8906
"../../../Engine/Content/EngineMaterials/Substrate/Glints2/dict_0005_0007.uasset" 8907
"/Engine/EngineMaterials/Substrate/Glints2/dict_0004_0252" 8908
"/Engine/EngineMaterials/Substrate/Glints2/dict_0004_0251" 8909
"/Engine/EngineMaterials/Substrate/Glints2/dict_0004_0250" 8910
"/Engine/EngineMaterials/Substrate/Glints2/dict_0004_0249" 8911
"/Engine/EngineMaterials/Substrate/Glints2/dict_0004_0248" 8912
"/Engine/EngineMaterials/Substrate/Glints2/dict_0004_0247" 8913
"/Engine/EngineMaterials/Substrate/Glints2/dict_0004_0246" 8914
"/Engine/EngineMaterials/Substrate/Glints2/dict_0004_0245" 8915
"/Engine/EngineMaterials/Substrate/Glints2/dict_0004_0244" 8916
"/Engine/EngineMaterials/Substrate/Glints2/dict_0004_0243" 8917
"/Engine/EngineMaterials/Substrate/Glints2/dict_0005_0003" 8918
"/Engine/EngineMaterials/Substrate/Glints2/dict_0004_0242" 8919
"/Engine/EngineMaterials/Substrate/Glints2/dict_0005_0001" 8920
"/Engine/EngineMaterials/Substrate/Glints2/dict_0004_0241" 8921
"/Engine/EngineMaterials/Substrate/Glints2/dict_0004_0240" 8922
"/Engine/EngineMaterials/Substrate/Glints2/dict_0005_0000" 8923
"../../../Engine/Content/EngineMaterials/Substrate/Glints2/dict_0005_0018.uasset" 8924
"../../../Engine/Content/EngineMaterials/Substrate/Glints2/dict_0005_0017.uasset" 8925
"../../../Engine/Content/EngineMaterials/Substrate/Glints2/dict_0005_0019.uasset" 8926
"../../../Engine/Content/EngineMaterials/Substrate/Glints2/dict_0005_0022.uasset" 8927
"../../../Engine/Content/EngineMaterials/Substrate/Glints2/dict_0005_0021.uasset" 8928
"../../../Engine/Content/EngineMaterials/Substrate/Glints2/dict_0005_0029.uasset" 8929
"../../../Engine/Content/EngineMaterials/Substrate/Glints2/dict_0005_0031.uasset" 8930
"../../../Engine/Content/EngineMaterials/Substrate/Glints2/dict_0005_0032.uasset" 8931
"../../../Engine/Content/EngineMaterials/Substrate/Glints2/dict_0005_0034.uasset" 8932
"/Engine/EngineMaterials/Substrate/Glints2/dict_0005_0015" 8933
"../../../Engine/Content/EngineMaterials/Substrate/Glints2/dict_0005_0023.uasset" 8934
"../../../Engine/Content/EngineMaterials/Substrate/Glints2/dict_0005_0016.uasset" 8935
"../../../Engine/Content/EngineMaterials/Substrate/Glints2/dict_0005_0025.uasset" 8936
"../../../Engine/Content/EngineMaterials/Substrate/Glints2/dict_0005_0026.uasset" 8937
"../../../Engine/Content/EngineMaterials/Substrate/Glints2/dict_0005_0024.uasset" 8938
"../../../Engine/Content/EngineMaterials/Substrate/Glints2/dict_0005_0028.uasset" 8939
"/Engine/EngineMaterials/Substrate/Glints2/dict_0005_0014" 8940
"/Engine/EngineMaterials/Substrate/Glints2/dict_0005_0013" 8941
"../../../Engine/Content/EngineMaterials/Substrate/Glints2/dict_0005_0020.uasset" 8942
"/Engine/EngineMaterials/Substrate/Glints2/dict_0005_0012" 8943
"../../../Engine/Content/EngineMaterials/Substrate/Glints2/dict_0005_0033.uasset" 8944
"../../../Engine/Content/EngineMaterials/Substrate/Glints2/dict_0005_0030.uasset" 8945
"../../../Engine/Content/EngineMaterials/Substrate/Glints2/dict_0005_0027.uasset" 8946
"/Engine/EngineMaterials/Substrate/Glints2/dict_0005_0011" 8947
"/Engine/EngineMaterials/Substrate/Glints2/dict_0005_0010" 8948
"/Engine/EngineMaterials/Substrate/Glints2/dict_0005_0009" 8949
"/Engine/EngineMaterials/Substrate/Glints2/dict_0005_0008" 8950
"/Engine/EngineMaterials/Substrate/Glints2/dict_0005_0007" 8951
"/Engine/EngineMaterials/Substrate/Glints2/dict_0005_0006" 8952
"/Engine/EngineMaterials/Substrate/Glints2/dict_0005_0005" 8953
"/Engine/EngineMaterials/Substrate/Glints2/dict_0005_0004" 8954
"/Engine/EngineMaterials/Substrate/Glints2/dict_0005_0022" 8955
"/Engine/EngineMaterials/Substrate/Glints2/dict_0005_0021" 8956
"/Engine/EngineMaterials/Substrate/Glints2/dict_0005_0002" 8957
"/Engine/EngineMaterials/Substrate/Glints2/dict_0005_0019" 8958
"/Engine/EngineMaterials/Substrate/Glints2/dict_0005_0018" 8959
"/Engine/EngineMaterials/Substrate/Glints2/dict_0005_0017" 8960
"../../../Engine/Content/EngineMaterials/Substrate/Glints2/dict_0005_0038.uasset" 8961
"../../../Engine/Content/EngineMaterials/Substrate/Glints2/dict_0005_0042.uasset" 8962
"../../../Engine/Content/EngineMaterials/Substrate/Glints2/dict_0005_0046.uasset" 8963
"../../../Engine/Content/EngineMaterials/Substrate/Glints2/dict_0005_0040.uasset" 8964
"../../../Engine/Content/EngineMaterials/Substrate/Glints2/dict_0005_0039.uasset" 8965
"../../../Engine/Content/EngineMaterials/Substrate/Glints2/dict_0005_0036.uasset" 8966
"../../../Engine/Content/EngineMaterials/Substrate/Glints2/dict_0005_0051.uasset" 8967
"../../../Engine/Content/EngineMaterials/Substrate/Glints2/dict_0005_0052.uasset" 8968
"../../../Engine/Content/EngineMaterials/Substrate/Glints2/dict_0005_0041.uasset" 8969
"../../../Engine/Content/EngineMaterials/Substrate/Glints2/dict_0005_0049.uasset" 8970
"../../../Engine/Content/EngineMaterials/Substrate/Glints2/dict_0005_0045.uasset" 8971
"../../../Engine/Content/EngineMaterials/Substrate/Glints2/dict_0005_0048.uasset" 8972
"../../../Engine/Content/EngineMaterials/Substrate/Glints2/dict_0005_0043.uasset" 8973
"/Engine/EngineMaterials/Substrate/Glints2/dict_0005_0034" 8974
"/Engine/EngineMaterials/Substrate/Glints2/dict_0005_0033" 8975
"../../../Engine/Content/EngineMaterials/Substrate/Glints2/dict_0005_0044.uasset" 8976
"../../../Engine/Content/EngineMaterials/Substrate/Glints2/dict_0005_0037.uasset" 8977
"../../../Engine/Content/EngineMaterials/Substrate/Glints2/dict_0005_0047.uasset" 8978
"../../../Engine/Content/EngineMaterials/Substrate/Glints2/dict_0005_0050.uasset" 8979
"../../../Engine/Content/EngineMaterials/Substrate/Glints2/dict_0005_0035.uasset" 8980
"/Engine/EngineMaterials/Substrate/Glints2/dict_0005_0032" 8981
"/Engine/EngineMaterials/Substrate/Glints2/dict_0005_0031" 8982
"/Engine/EngineMaterials/Substrate/Glints2/dict_0005_0030" 8983
"/Engine/EngineMaterials/Substrate/Glints2/dict_0005_0029" 8984
"/Engine/EngineMaterials/Substrate/Glints2/dict_0005_0028" 8985
"/Engine/EngineMaterials/Substrate/Glints2/dict_0005_0027" 8986
"/Engine/EngineMaterials/Substrate/Glints2/dict_0005_0026" 8987
"/Engine/EngineMaterials/Substrate/Glints2/dict_0005_0025" 8988
"/Engine/EngineMaterials/Substrate/Glints2/dict_0005_0024" 8989
"/Engine/EngineMaterials/Substrate/Glints2/dict_0005_0042" 8990
"/Engine/EngineMaterials/Substrate/Glints2/dict_0005_0023" 8991
"/Engine/EngineMaterials/Substrate/Glints2/dict_0005_0038" 8992
"/Engine/EngineMaterials/Substrate/Glints2/dict_0005_0020" 8993
"/Engine/EngineMaterials/Substrate/Glints2/dict_0005_0016" 8994
"../../../Engine/Content/EngineMaterials/Substrate/Glints2/dict_0005_0053.uasset" 8995
"../../../Engine/Content/EngineMaterials/Substrate/Glints2/dict_0005_0054.uasset" 8996
"../../../Engine/Content/EngineMaterials/Substrate/Glints2/dict_0005_0055.uasset" 8997
"../../../Engine/Content/EngineMaterials/Substrate/Glints2/dict_0005_0057.uasset" 8998
"../../../Engine/Content/EngineMaterials/Substrate/Glints2/dict_0005_0056.uasset" 8999
"../../../Engine/Content/EngineMaterials/Substrate/Glints2/dict_0005_0058.uasset" 9000
"../../../Engine/Content/EngineMaterials/Substrate/Glints2/dict_0005_0063.uasset" 9001
"../../../Engine/Content/EngineMaterials/Substrate/Glints2/dict_0005_0066.uasset" 9002
"../../../Engine/Content/EngineMaterials/Substrate/Glints2/dict_0005_0067.uasset" 9003
"../../../Engine/Content/EngineMaterials/Substrate/Glints2/dict_0005_0068.uasset" 9004
"/Engine/EngineMaterials/Substrate/Glints2/dict_0005_0052" 9005
"../../../Engine/Content/EngineMaterials/Substrate/Glints2/dict_0005_0060.uasset" 9006
"../../../Engine/Content/EngineMaterials/Substrate/Glints2/dict_0005_0062.uasset" 9007
"../../../Engine/Content/EngineMaterials/Substrate/Glints2/dict_0005_0064.uasset" 9008
"../../../Engine/Content/EngineMaterials/Substrate/Glints2/dict_0005_0065.uasset" 9009
"../../../Engine/Content/EngineMaterials/Substrate/Glints2/dict_0005_0061.uasset" 9010
"/Engine/EngineMaterials/Substrate/Glints2/dict_0005_0051" 9011
"/Engine/EngineMaterials/Substrate/Glints2/dict_0005_0050" 9012
"/Engine/EngineMaterials/Substrate/Glints2/dict_0005_0049" 9013
"../../../Engine/Content/EngineMaterials/Substrate/Glints2/dict_0005_0059.uasset" 9014
"/Engine/EngineMaterials/Substrate/Glints2/dict_0005_0048" 9015
"/Engine/EngineMaterials/Substrate/Glints2/dict_0005_0047" 9016
"/Engine/EngineMaterials/Substrate/Glints2/dict_0005_0046" 9017
"/Engine/EngineMaterials/Substrate/Glints2/dict_0005_0045" 9018
"/Engine/EngineMaterials/Substrate/Glints2/dict_0005_0044" 9019
"/Engine/EngineMaterials/Substrate/Glints2/dict_0005_0043" 9020
"/Engine/EngineMaterials/Substrate/Glints2/dict_0005_0057" 9021
"/Engine/EngineMaterials/Substrate/Glints2/dict_0005_0056" 9022
"/Engine/EngineMaterials/Substrate/Glints2/dict_0005_0041" 9023
"/Engine/EngineMaterials/Substrate/Glints2/dict_0005_0040" 9024
"/Engine/EngineMaterials/Substrate/Glints2/dict_0005_0039" 9025
"/Engine/EngineMaterials/Substrate/Glints2/dict_0005_0055" 9026
"/Engine/EngineMaterials/Substrate/Glints2/dict_0005_0054" 9027
"/Engine/EngineMaterials/Substrate/Glints2/dict_0005_0037" 9028
"/Engine/EngineMaterials/Substrate/Glints2/dict_0005_0036" 9029
"/Engine/EngineMaterials/Substrate/Glints2/dict_0005_0035" 9030
"/Engine/EngineMaterials/Substrate/Glints2/dict_0005_0053" 9031
"../../../Engine/Content/EngineMaterials/Substrate/Glints2/dict_0005_0069.uasset" 9032
"../../../Engine/Content/EngineMaterials/Substrate/Glints2/dict_0005_0071.uasset" 9033
"../../../Engine/Content/EngineMaterials/Substrate/Glints2/dict_0005_0074.uasset" 9034
"../../../Engine/Content/EngineMaterials/Substrate/Glints2/dict_0005_0077.uasset" 9035
"../../../Engine/Content/EngineMaterials/Substrate/Glints2/dict_0005_0081.uasset" 9036
"../../../Engine/Content/EngineMaterials/Substrate/Glints2/dict_0005_0082.uasset" 9037
"../../../Engine/Content/EngineMaterials/Substrate/Glints2/dict_0005_0083.uasset" 9038
"../../../Engine/Content/EngineMaterials/Substrate/Glints2/dict_0005_0070.uasset" 9039
"../../../Engine/Content/EngineMaterials/Substrate/Glints2/dict_0005_0085.uasset" 9040
"../../../Engine/Content/EngineMaterials/Substrate/Glints2/dict_0005_0086.uasset" 9041
"/Engine/EngineMaterials/Substrate/Glints2/dict_0005_0068" 9042
"../../../Engine/Content/EngineMaterials/Substrate/Glints2/dict_0005_0087.uasset" 9043
"../../../Engine/Content/EngineMaterials/Substrate/Glints2/dict_0005_0089.uasset" 9044
"../../../Engine/Content/EngineMaterials/Substrate/Glints2/dict_0005_0084.uasset" 9045
"../../../Engine/Content/EngineMaterials/Substrate/Glints2/dict_0005_0088.uasset" 9046
"../../../Engine/Content/EngineMaterials/Substrate/Glints2/dict_0005_0079.uasset" 9047
"/Engine/EngineMaterials/Substrate/Glints2/dict_0005_0067" 9048
"/Engine/EngineMaterials/Substrate/Glints2/dict_0005_0066" 9049
"/Engine/EngineMaterials/Substrate/Glints2/dict_0005_0065" 9050
"../../../Engine/Content/EngineMaterials/Substrate/Glints2/dict_0005_0080.uasset" 9051
"../../../Engine/Content/EngineMaterials/Substrate/Glints2/dict_0005_0076.uasset" 9052
"../../../Engine/Content/EngineMaterials/Substrate/Glints2/dict_0005_0075.uasset" 9053
"../../../Engine/Content/EngineMaterials/Substrate/Glints2/dict_0005_0078.uasset" 9054
"../../../Engine/Content/EngineMaterials/Substrate/Glints2/dict_0005_0073.uasset" 9055
"/Engine/EngineMaterials/Substrate/Glints2/dict_0005_0064" 9056
"../../../Engine/Content/EngineMaterials/Substrate/Glints2/dict_0005_0072.uasset" 9057
"/Engine/EngineMaterials/Substrate/Glints2/dict_0005_0063" 9058
"/Engine/EngineMaterials/Substrate/Glints2/dict_0005_0062" 9059
"/Engine/EngineMaterials/Substrate/Glints2/dict_0005_0061" 9060
"/Engine/EngineMaterials/Substrate/Glints2/dict_0005_0060" 9061
"/Engine/EngineMaterials/Substrate/Glints2/dict_0005_0059" 9062
"/Engine/EngineMaterials/Substrate/Glints2/dict_0005_0058" 9063
"/Engine/EngineMaterials/Substrate/Glints2/dict_0005_0081" 9064
"/Engine/EngineMaterials/Substrate/Glints2/dict_0005_0077" 9065
"/Engine/EngineMaterials/Substrate/Glints2/dict_0005_0074" 9066
"/Engine/EngineMaterials/Substrate/Glints2/dict_0005_0071" 9067
"/Engine/EngineMaterials/Substrate/Glints2/dict_0005_0069" 9068
"../../../Engine/Content/EngineMaterials/Substrate/Glints2/dict_0005_0091.uasset" 9069
"../../../Engine/Content/EngineMaterials/Substrate/Glints2/dict_0005_0094.uasset" 9070
"../../../Engine/Content/EngineMaterials/Substrate/Glints2/dict_0005_0095.uasset" 9071
"../../../Engine/Content/EngineMaterials/Substrate/Glints2/dict_0005_0096.uasset" 9072
"../../../Engine/Content/EngineMaterials/Substrate/Glints2/dict_0005_0090.uasset" 9073
"/Engine/EngineMaterials/Substrate/Glints2/dict_0005_0089" 9074
"../../../Engine/Content/EngineMaterials/Substrate/Glints2/dict_0005_0100.uasset" 9075
"../../../Engine/Content/EngineMaterials/Substrate/Glints2/dict_0005_0103.uasset" 9076
"../../../Engine/Content/EngineMaterials/Substrate/Glints2/dict_0005_0099.uasset" 9077
"../../../Engine/Content/EngineMaterials/Substrate/Glints2/dict_0005_0102.uasset" 9078
"../../../Engine/Content/EngineMaterials/Substrate/Glints2/dict_0005_0104.uasset" 9079
"/Engine/EngineMaterials/Substrate/Glints2/dict_0005_0088" 9080
"../../../Engine/Content/EngineMaterials/Substrate/Glints2/dict_0005_0092.uasset" 9081
"../../../Engine/Content/EngineMaterials/Substrate/Glints2/dict_0005_0101.uasset" 9082
"../../../Engine/Content/EngineMaterials/Substrate/Glints2/dict_0005_0105.uasset" 9083
"../../../Engine/Content/EngineMaterials/Substrate/Glints2/dict_0005_0097.uasset" 9084
"../../../Engine/Content/EngineMaterials/Substrate/Glints2/dict_0005_0098.uasset" 9085
"/Engine/EngineMaterials/Substrate/Glints2/dict_0005_0087" 9086
"../../../Engine/Content/EngineMaterials/Substrate/Glints2/dict_0005_0093.uasset" 9087
"/Engine/EngineMaterials/Substrate/Glints2/dict_0005_0086" 9088
"/Engine/EngineMaterials/Substrate/Glints2/dict_0005_0085" 9089
"/Engine/EngineMaterials/Substrate/Glints2/dict_0005_0084" 9090
"/Engine/EngineMaterials/Substrate/Glints2/dict_0005_0083" 9091
"/Engine/EngineMaterials/Substrate/Glints2/dict_0005_0082" 9092
"/Engine/EngineMaterials/Substrate/Glints2/dict_0005_0080" 9093
"/Engine/EngineMaterials/Substrate/Glints2/dict_0005_0079" 9094
"/Engine/EngineMaterials/Substrate/Glints2/dict_0005_0078" 9095
"/Engine/EngineMaterials/Substrate/Glints2/dict_0005_0076" 9096
"/Engine/EngineMaterials/Substrate/Glints2/dict_0005_0075" 9097
"/Engine/EngineMaterials/Substrate/Glints2/dict_0005_0073" 9098
"/Engine/EngineMaterials/Substrate/Glints2/dict_0005_0072" 9099
"/Engine/EngineMaterials/Substrate/Glints2/dict_0005_0091" 9100
"/Engine/EngineMaterials/Substrate/Glints2/dict_0005_0070" 9101
"../../../Engine/Content/EngineMaterials/Substrate/Glints2/dict_0005_0106.uasset" 9102
"../../../Engine/Content/EngineMaterials/Substrate/Glints2/dict_0005_0109.uasset" 9103
"../../../Engine/Content/EngineMaterials/Substrate/Glints2/dict_0005_0111.uasset" 9104
"../../../Engine/Content/EngineMaterials/Substrate/Glints2/dict_0005_0114.uasset" 9105
"../../../Engine/Content/EngineMaterials/Substrate/Glints2/dict_0005_0115.uasset" 9106
"../../../Engine/Content/EngineMaterials/Substrate/Glints2/dict_0005_0117.uasset" 9107
"../../../Engine/Content/EngineMaterials/Substrate/Glints2/dict_0005_0121.uasset" 9108
"../../../Engine/Content/EngineMaterials/Substrate/Glints2/dict_0005_0118.uasset" 9109
"../../../Engine/Content/EngineMaterials/Substrate/Glints2/dict_0005_0122.uasset" 9110
"/Engine/EngineMaterials/Substrate/Glints2/dict_0005_0105" 9111
"../../../Engine/Content/EngineMaterials/Substrate/Glints2/dict_0005_0119.uasset" 9112
"../../../Engine/Content/EngineMaterials/Substrate/Glints2/dict_0005_0108.uasset" 9113
"../../../Engine/Content/EngineMaterials/Substrate/Glints2/dict_0005_0120.uasset" 9114
"../../../Engine/Content/EngineMaterials/Substrate/Glints2/dict_0005_0113.uasset" 9115
"../../../Engine/Content/EngineMaterials/Substrate/Glints2/dict_0005_0112.uasset" 9116
"../../../Engine/Content/EngineMaterials/Substrate/Glints2/dict_0005_0116.uasset" 9117
"/Engine/EngineMaterials/Substrate/Glints2/dict_0005_0104" 9118
"/Engine/EngineMaterials/Substrate/Glints2/dict_0005_0103" 9119
"/Engine/EngineMaterials/Substrate/Glints2/dict_0005_0102" 9120
"/Engine/EngineMaterials/Substrate/Glints2/dict_0005_0101" 9121
"../../../Engine/Content/EngineMaterials/Substrate/Glints2/dict_0005_0107.uasset" 9122
"../../../Engine/Content/EngineMaterials/Substrate/Glints2/dict_0005_0110.uasset" 9123
"/Engine/EngineMaterials/Substrate/Glints2/dict_0005_0100" 9124
"/Engine/EngineMaterials/Substrate/Glints2/dict_0005_0099" 9125
"/Engine/EngineMaterials/Substrate/Glints2/dict_0005_0098" 9126
"/Engine/EngineMaterials/Substrate/Glints2/dict_0005_0097" 9127
"/Engine/EngineMaterials/Substrate/Glints2/dict_0005_0096" 9128
"/Engine/EngineMaterials/Substrate/Glints2/dict_0005_0095" 9129
"/Engine/EngineMaterials/Substrate/Glints2/dict_0005_0094" 9130
"/Engine/EngineMaterials/Substrate/Glints2/dict_0005_0093" 9131
"/Engine/EngineMaterials/Substrate/Glints2/dict_0005_0111" 9132
"/Engine/EngineMaterials/Substrate/Glints2/dict_0005_0092" 9133
"/Engine/EngineMaterials/Substrate/Glints2/dict_0005_0109" 9134
"/Engine/EngineMaterials/Substrate/Glints2/dict_0005_0106" 9135
"/Engine/EngineMaterials/Substrate/Glints2/dict_0005_0090" 9136
"../../../Engine/Content/EngineMaterials/Substrate/Glints2/dict_0005_0125.uasset" 9137
"../../../Engine/Content/EngineMaterials/Substrate/Glints2/dict_0005_0124.uasset" 9138
"../../../Engine/Content/EngineMaterials/Substrate/Glints2/dict_0005_0123.uasset" 9139
"../../../Engine/Content/EngineMaterials/Substrate/Glints2/dict_0005_0128.uasset" 9140
"../../../Engine/Content/EngineMaterials/Substrate/Glints2/dict_0005_0129.uasset" 9141
"../../../Engine/Content/EngineMaterials/Substrate/Glints2/dict_0005_0134.uasset" 9142
"../../../Engine/Content/EngineMaterials/Substrate/Glints2/dict_0005_0136.uasset" 9143
"../../../Engine/Content/EngineMaterials/Substrate/Glints2/dict_0005_0126.uasset" 9144
"../../../Engine/Content/EngineMaterials/Substrate/Glints2/dict_0005_0138.uasset" 9145
"/Engine/EngineMaterials/Substrate/Glints2/dict_0005_0122" 9146
"../../../Engine/Content/EngineMaterials/Substrate/Glints2/dict_0005_0139.uasset" 9147
"../../../Engine/Content/EngineMaterials/Substrate/Glints2/dict_0005_0131.uasset" 9148
"../../../Engine/Content/EngineMaterials/Substrate/Glints2/dict_0005_0130.uasset" 9149
"../../../Engine/Content/EngineMaterials/Substrate/Glints2/dict_0005_0137.uasset" 9150
"../../../Engine/Content/EngineMaterials/Substrate/Glints2/dict_0005_0140.uasset" 9151
"../../../Engine/Content/EngineMaterials/Substrate/Glints2/dict_0005_0135.uasset" 9152
"../../../Engine/Content/EngineMaterials/Substrate/Glints2/dict_0005_0132.uasset" 9153
"/Engine/EngineMaterials/Substrate/Glints2/dict_0005_0121" 9154
"../../../Engine/Content/EngineMaterials/Substrate/Glints2/dict_0005_0127.uasset" 9155
"/Engine/EngineMaterials/Substrate/Glints2/dict_0005_0120" 9156
"/Engine/EngineMaterials/Substrate/Glints2/dict_0005_0119" 9157
"/Engine/EngineMaterials/Substrate/Glints2/dict_0005_0118" 9158
"../../../Engine/Content/EngineMaterials/Substrate/Glints2/dict_0005_0133.uasset" 9159
"/Engine/EngineMaterials/Substrate/Glints2/dict_0005_0117" 9160
"/Engine/EngineMaterials/Substrate/Glints2/dict_0005_0116" 9161
"/Engine/EngineMaterials/Substrate/Glints2/dict_0005_0115" 9162
"/Engine/EngineMaterials/Substrate/Glints2/dict_0005_0114" 9163
"/Engine/EngineMaterials/Substrate/Glints2/dict_0005_0113" 9164
"/Engine/EngineMaterials/Substrate/Glints2/dict_0005_0112" 9165
"/Engine/EngineMaterials/Substrate/Glints2/dict_0005_0110" 9166
"/Engine/EngineMaterials/Substrate/Glints2/dict_0005_0125" 9167
"/Engine/EngineMaterials/Substrate/Glints2/dict_0005_0108" 9168
"/Engine/EngineMaterials/Substrate/Glints2/dict_0005_0107" 9169
"/Engine/EngineMaterials/Substrate/Glints2/dict_0005_0124" 9170
"/Engine/EngineMaterials/Substrate/Glints2/dict_0005_0123" 9171
"../../../Engine/Content/EngineMaterials/Substrate/Glints2/dict_0005_0141.uasset" 9172
"../../../Engine/Content/EngineMaterials/Substrate/Glints2/dict_0005_0142.uasset" 9173
"../../../Engine/Content/EngineMaterials/Substrate/Glints2/dict_0005_0143.uasset" 9174
"../../../Engine/Content/EngineMaterials/Substrate/Glints2/dict_0005_0145.uasset" 9175
"../../../Engine/Content/EngineMaterials/Substrate/Glints2/dict_0005_0144.uasset" 9176
"../../../Engine/Content/EngineMaterials/Substrate/Glints2/dict_0005_0149.uasset" 9177
"../../../Engine/Content/EngineMaterials/Substrate/Glints2/dict_0005_0153.uasset" 9178
"../../../Engine/Content/EngineMaterials/Substrate/Glints2/dict_0005_0155.uasset" 9179
"../../../Engine/Content/EngineMaterials/Substrate/Glints2/dict_0005_0156.uasset" 9180
"../../../Engine/Content/EngineMaterials/Substrate/Glints2/dict_0005_0146.uasset" 9181
"../../../Engine/Content/EngineMaterials/Substrate/Glints2/dict_0005_0157.uasset" 9182
"/Engine/EngineMaterials/Substrate/Glints2/dict_0005_0140" 9183
"../../../Engine/Content/EngineMaterials/Substrate/Glints2/dict_0005_0150.uasset" 9184
"../../../Engine/Content/EngineMaterials/Substrate/Glints2/dict_0005_0152.uasset" 9185
"../../../Engine/Content/EngineMaterials/Substrate/Glints2/dict_0005_0151.uasset" 9186
"../../../Engine/Content/EngineMaterials/Substrate/Glints2/dict_0005_0154.uasset" 9187
"/Engine/EngineMaterials/Substrate/Glints2/dict_0005_0139" 9188
"../../../Engine/Content/EngineMaterials/Substrate/Glints2/dict_0005_0147.uasset" 9189
"/Engine/EngineMaterials/Substrate/Glints2/dict_0005_0138" 9190
"/Engine/EngineMaterials/Substrate/Glints2/dict_0005_0137" 9191
"/Engine/EngineMaterials/Substrate/Glints2/dict_0005_0136" 9192
"../../../Engine/Content/EngineMaterials/Substrate/Glints2/dict_0005_0148.uasset" 9193
"/Engine/EngineMaterials/Substrate/Glints2/dict_0005_0135" 9194
"/Engine/EngineMaterials/Substrate/Glints2/dict_0005_0134" 9195
"/Engine/EngineMaterials/Substrate/Glints2/dict_0005_0133" 9196
"/Engine/EngineMaterials/Substrate/Glints2/dict_0005_0132" 9197
"/Engine/EngineMaterials/Substrate/Glints2/dict_0005_0131" 9198
"/Engine/EngineMaterials/Substrate/Glints2/dict_0005_0130" 9199
"/Engine/EngineMaterials/Substrate/Glints2/dict_0005_0129" 9200
"/Engine/EngineMaterials/Substrate/Glints2/dict_0005_0149" 9201
"/Engine/EngineMaterials/Substrate/Glints2/dict_0005_0128" 9202
"/Engine/EngineMaterials/Substrate/Glints2/dict_0005_0127" 9203
"/Engine/EngineMaterials/Substrate/Glints2/dict_0005_0126" 9204
"/Engine/EngineMaterials/Substrate/Glints2/dict_0005_0145" 9205
"/Engine/EngineMaterials/Substrate/Glints2/dict_0005_0144" 9206
"/Engine/EngineMaterials/Substrate/Glints2/dict_0005_0143" 9207
"/Engine/EngineMaterials/Substrate/Glints2/dict_0005_0142" 9208
"/Engine/EngineMaterials/Substrate/Glints2/dict_0005_0141" 9209
"../../../Engine/Content/EngineMaterials/Substrate/Glints2/dict_0005_0158.uasset" 9210
"../../../Engine/Content/EngineMaterials/Substrate/Glints2/dict_0005_0161.uasset" 9211
"../../../Engine/Content/EngineMaterials/Substrate/Glints2/dict_0005_0165.uasset" 9212
"../../../Engine/Content/EngineMaterials/Substrate/Glints2/dict_0005_0162.uasset" 9213
"../../../Engine/Content/EngineMaterials/Substrate/Glints2/dict_0005_0166.uasset" 9214
"../../../Engine/Content/EngineMaterials/Substrate/Glints2/dict_0005_0168.uasset" 9215
"../../../Engine/Content/EngineMaterials/Substrate/Glints2/dict_0005_0171.uasset" 9216
"../../../Engine/Content/EngineMaterials/Substrate/Glints2/dict_0005_0173.uasset" 9217
"../../../Engine/Content/EngineMaterials/Substrate/Glints2/dict_0005_0175.uasset" 9218
"../../../Engine/Content/EngineMaterials/Substrate/Glints2/dict_0005_0159.uasset" 9219
"../../../Engine/Content/EngineMaterials/Substrate/Glints2/dict_0005_0169.uasset" 9220
"../../../Engine/Content/EngineMaterials/Substrate/Glints2/dict_0005_0172.uasset" 9221
"../../../Engine/Content/EngineMaterials/Substrate/Glints2/dict_0005_0163.uasset" 9222
"../../../Engine/Content/EngineMaterials/Substrate/Glints2/dict_0005_0167.uasset" 9223
"/Engine/EngineMaterials/Substrate/Glints2/dict_0005_0157" 9224
"../../../Engine/Content/EngineMaterials/Substrate/Glints2/dict_0005_0178.uasset" 9225
"../../../Engine/Content/EngineMaterials/Substrate/Glints2/dict_0005_0170.uasset" 9226
"../../../Engine/Content/EngineMaterials/Substrate/Glints2/dict_0005_0174.uasset" 9227
"../../../Engine/Content/EngineMaterials/Substrate/Glints2/dict_0005_0176.uasset" 9228
"../../../Engine/Content/EngineMaterials/Substrate/Glints2/dict_0005_0177.uasset" 9229
"../../../Engine/Content/EngineMaterials/Substrate/Glints2/dict_0005_0164.uasset" 9230
"../../../Engine/Content/EngineMaterials/Substrate/Glints2/dict_0005_0160.uasset" 9231
"/Engine/EngineMaterials/Substrate/Glints2/dict_0005_0156" 9232
"/Engine/EngineMaterials/Substrate/Glints2/dict_0005_0155" 9233
"/Engine/EngineMaterials/Substrate/Glints2/dict_0005_0154" 9234
"/Engine/EngineMaterials/Substrate/Glints2/dict_0005_0153" 9235
"/Engine/EngineMaterials/Substrate/Glints2/dict_0005_0152" 9236
"/Engine/EngineMaterials/Substrate/Glints2/dict_0005_0151" 9237
"/Engine/EngineMaterials/Substrate/Glints2/dict_0005_0150" 9238
"/Engine/EngineMaterials/Substrate/Glints2/dict_0005_0166" 9239
"/Engine/EngineMaterials/Substrate/Glints2/dict_0005_0148" 9240
"/Engine/EngineMaterials/Substrate/Glints2/dict_0005_0147" 9241
"/Engine/EngineMaterials/Substrate/Glints2/dict_0005_0165" 9242
"/Engine/EngineMaterials/Substrate/Glints2/dict_0005_0146" 9243
"/Engine/EngineMaterials/Substrate/Glints2/dict_0005_0162" 9244
"/Engine/EngineMaterials/Substrate/Glints2/dict_0005_0161" 9245
"/Engine/EngineMaterials/Substrate/Glints2/dict_0005_0158" 9246
"../../../Engine/Content/EngineMaterials/Substrate/Glints2/dict_0005_0179.uasset" 9247
"../../../Engine/Content/EngineMaterials/Substrate/Glints2/dict_0005_0180.uasset" 9248
"../../../Engine/Content/EngineMaterials/Substrate/Glints2/dict_0005_0181.uasset" 9249
"../../../Engine/Content/EngineMaterials/Substrate/Glints2/dict_0005_0184.uasset" 9250
"../../../Engine/Content/EngineMaterials/Substrate/Glints2/dict_0005_0186.uasset" 9251
"../../../Engine/Content/EngineMaterials/Substrate/Glints2/dict_0005_0182.uasset" 9252
"../../../Engine/Content/EngineMaterials/Substrate/Glints2/dict_0005_0188.uasset" 9253
"../../../Engine/Content/EngineMaterials/Substrate/Glints2/dict_0005_0191.uasset" 9254
"../../../Engine/Content/EngineMaterials/Substrate/Glints2/dict_0005_0193.uasset" 9255
"../../../Engine/Content/EngineMaterials/Substrate/Glints2/dict_0005_0194.uasset" 9256
"../../../Engine/Content/EngineMaterials/Substrate/Glints2/dict_0005_0192.uasset" 9257
"/Engine/EngineMaterials/Substrate/Glints2/dict_0005_0178" 9258
"../../../Engine/Content/EngineMaterials/Substrate/Glints2/dict_0005_0185.uasset" 9259
"../../../Engine/Content/EngineMaterials/Substrate/Glints2/dict_0005_0190.uasset" 9260
"/Engine/EngineMaterials/Substrate/Glints2/dict_0005_0177" 9261
"/Engine/EngineMaterials/Substrate/Glints2/dict_0005_0176" 9262
"../../../Engine/Content/EngineMaterials/Substrate/Glints2/dict_0005_0189.uasset" 9263
"/Engine/EngineMaterials/Substrate/Glints2/dict_0005_0175" 9264
"../../../Engine/Content/EngineMaterials/Substrate/Glints2/dict_0005_0187.uasset" 9265
"../../../Engine/Content/EngineMaterials/Substrate/Glints2/dict_0005_0183.uasset" 9266
"/Engine/EngineMaterials/Substrate/Glints2/dict_0005_0174" 9267
"/Engine/EngineMaterials/Substrate/Glints2/dict_0005_0173" 9268
"/Engine/EngineMaterials/Substrate/Glints2/dict_0005_0172" 9269
"/Engine/EngineMaterials/Substrate/Glints2/dict_0005_0171" 9270
"/Engine/EngineMaterials/Substrate/Glints2/dict_0005_0170" 9271
"/Engine/EngineMaterials/Substrate/Glints2/dict_0005_0169" 9272
"/Engine/EngineMaterials/Substrate/Glints2/dict_0005_0168" 9273
"/Engine/EngineMaterials/Substrate/Glints2/dict_0005_0167" 9274
"/Engine/EngineMaterials/Substrate/Glints2/dict_0005_0164" 9275
"/Engine/EngineMaterials/Substrate/Glints2/dict_0005_0163" 9276
"/Engine/EngineMaterials/Substrate/Glints2/dict_0005_0181" 9277
"/Engine/EngineMaterials/Substrate/Glints2/dict_0005_0180" 9278
"/Engine/EngineMaterials/Substrate/Glints2/dict_0005_0160" 9279
"/Engine/EngineMaterials/Substrate/Glints2/dict_0005_0159" 9280
"/Engine/EngineMaterials/Substrate/Glints2/dict_0005_0179" 9281
"../../../Engine/Content/EngineMaterials/Substrate/Glints2/dict_0005_0197.uasset" 9282
"../../../Engine/Content/EngineMaterials/Substrate/Glints2/dict_0005_0196.uasset" 9283
"../../../Engine/Content/EngineMaterials/Substrate/Glints2/dict_0005_0200.uasset" 9284
"../../../Engine/Content/EngineMaterials/Substrate/Glints2/dict_0005_0195.uasset" 9285
"../../../Engine/Content/EngineMaterials/Substrate/Glints2/dict_0005_0203.uasset" 9286
"../../../Engine/Content/EngineMaterials/Substrate/Glints2/dict_0005_0206.uasset" 9287
"../../../Engine/Content/EngineMaterials/Substrate/Glints2/dict_0005_0209.uasset" 9288
"../../../Engine/Content/EngineMaterials/Substrate/Glints2/dict_0005_0211.uasset" 9289
"../../../Engine/Content/EngineMaterials/Substrate/Glints2/dict_0005_0212.uasset" 9290
"../../../Engine/Content/EngineMaterials/Substrate/Glints2/dict_0005_0210.uasset" 9291
"/Engine/EngineMaterials/Substrate/Glints2/dict_0005_0194" 9292
"../../../Engine/Content/EngineMaterials/Substrate/Glints2/dict_0005_0208.uasset" 9293
"../../../Engine/Content/EngineMaterials/Substrate/Glints2/dict_0005_0207.uasset" 9294
"../../../Engine/Content/EngineMaterials/Substrate/Glints2/dict_0005_0198.uasset" 9295
"../../../Engine/Content/EngineMaterials/Substrate/Glints2/dict_0005_0205.uasset" 9296
"../../../Engine/Content/EngineMaterials/Substrate/Glints2/dict_0005_0213.uasset" 9297
"/Engine/EngineMaterials/Substrate/Glints2/dict_0005_0193" 9298
"/Engine/EngineMaterials/Substrate/Glints2/dict_0005_0192" 9299
"/Engine/EngineMaterials/Substrate/Glints2/dict_0005_0191" 9300
"/Engine/EngineMaterials/Substrate/Glints2/dict_0005_0190" 9301
"../../../Engine/Content/EngineMaterials/Substrate/Glints2/dict_0005_0199.uasset" 9302
"../../../Engine/Content/EngineMaterials/Substrate/Glints2/dict_0005_0204.uasset" 9303
"../../../Engine/Content/EngineMaterials/Substrate/Glints2/dict_0005_0202.uasset" 9304
"../../../Engine/Content/EngineMaterials/Substrate/Glints2/dict_0005_0201.uasset" 9305
"/Engine/EngineMaterials/Substrate/Glints2/dict_0005_0189" 9306
"/Engine/EngineMaterials/Substrate/Glints2/dict_0005_0188" 9307
"/Engine/EngineMaterials/Substrate/Glints2/dict_0005_0187" 9308
"/Engine/EngineMaterials/Substrate/Glints2/dict_0005_0186" 9309
"/Engine/EngineMaterials/Substrate/Glints2/dict_0005_0185" 9310
"/Engine/EngineMaterials/Substrate/Glints2/dict_0005_0184" 9311
"/Engine/EngineMaterials/Substrate/Glints2/dict_0005_0183" 9312
"/Engine/EngineMaterials/Substrate/Glints2/dict_0005_0182" 9313
"/Engine/EngineMaterials/Substrate/Glints2/dict_0005_0200" 9314
"/Engine/EngineMaterials/Substrate/Glints2/dict_0005_0197" 9315
"/Engine/EngineMaterials/Substrate/Glints2/dict_0005_0196" 9316
"/Engine/EngineMaterials/Substrate/Glints2/dict_0005_0195" 9317
"../../../Engine/Content/EngineMaterials/Substrate/Glints2/dict_0005_0218.uasset" 9318
"../../../Engine/Content/EngineMaterials/Substrate/Glints2/dict_0005_0216.uasset" 9319
"../../../Engine/Content/EngineMaterials/Substrate/Glints2/dict_0005_0220.uasset" 9320
"../../../Engine/Content/EngineMaterials/Substrate/Glints2/dict_0005_0221.uasset" 9321
"/Engine/EngineMaterials/Substrate/Glints2/dict_0005_0213" 9322
"../../../Engine/Content/EngineMaterials/Substrate/Glints2/dict_0005_0222.uasset" 9323
"../../../Engine/Content/EngineMaterials/Substrate/Glints2/dict_0005_0224.uasset" 9324
"../../../Engine/Content/EngineMaterials/Substrate/Glints2/dict_0005_0223.uasset" 9325
"../../../Engine/Content/EngineMaterials/Substrate/Glints2/dict_0005_0226.uasset" 9326
"../../../Engine/Content/EngineMaterials/Substrate/Glints2/dict_0005_0227.uasset" 9327
"../../../Engine/Content/EngineMaterials/Substrate/Glints2/dict_0005_0215.uasset" 9328
"../../../Engine/Content/EngineMaterials/Substrate/Glints2/dict_0005_0228.uasset" 9329
"../../../Engine/Content/EngineMaterials/Substrate/Glints2/dict_0005_0229.uasset" 9330
"../../../Engine/Content/EngineMaterials/Substrate/Glints2/dict_0005_0230.uasset" 9331
"../../../Engine/Content/EngineMaterials/Substrate/Glints2/dict_0005_0225.uasset" 9332
"/Engine/EngineMaterials/Substrate/Glints2/dict_0005_0212" 9333
"../../../Engine/Content/EngineMaterials/Substrate/Glints2/dict_0005_0214.uasset" 9334
"../../../Engine/Content/EngineMaterials/Substrate/Glints2/dict_0005_0219.uasset" 9335
"../../../Engine/Content/EngineMaterials/Substrate/Glints2/dict_0005_0217.uasset" 9336
"/Engine/EngineMaterials/Substrate/Glints2/dict_0005_0211" 9337
"/Engine/EngineMaterials/Substrate/Glints2/dict_0005_0210" 9338
"/Engine/EngineMaterials/Substrate/Glints2/dict_0005_0209" 9339
"/Engine/EngineMaterials/Substrate/Glints2/dict_0005_0208" 9340
"/Engine/EngineMaterials/Substrate/Glints2/dict_0005_0207" 9341
"/Engine/EngineMaterials/Substrate/Glints2/dict_0005_0206" 9342
"/Engine/EngineMaterials/Substrate/Glints2/dict_0005_0205" 9343
"/Engine/EngineMaterials/Substrate/Glints2/dict_0005_0204" 9344
"/Engine/EngineMaterials/Substrate/Glints2/dict_0005_0203" 9345
"/Engine/EngineMaterials/Substrate/Glints2/dict_0005_0202" 9346
"/Engine/EngineMaterials/Substrate/Glints2/dict_0005_0201" 9347
"/Engine/EngineMaterials/Substrate/Glints2/dict_0005_0199" 9348
"/Engine/EngineMaterials/Substrate/Glints2/dict_0005_0198" 9349
"../../../Engine/Content/EngineMaterials/Substrate/Glints2/dict_0005_0231.uasset" 9350
"../../../Engine/Content/EngineMaterials/Substrate/Glints2/dict_0005_0238.uasset" 9351
"../../../Engine/Content/EngineMaterials/Substrate/Glints2/dict_0005_0241.uasset" 9352
"../../../Engine/Content/EngineMaterials/Substrate/Glints2/dict_0005_0237.uasset" 9353
"../../../Engine/Content/EngineMaterials/Substrate/Glints2/dict_0005_0242.uasset" 9354
"../../../Engine/Content/EngineMaterials/Substrate/Glints2/dict_0005_0239.uasset" 9355
"/Engine/EngineMaterials/Substrate/Glints2/dict_0005_0230" 9356
"../../../Engine/Content/EngineMaterials/Substrate/Glints2/dict_0005_0245.uasset" 9357
"../../../Engine/Content/EngineMaterials/Substrate/Glints2/dict_0005_0243.uasset" 9358
"../../../Engine/Content/EngineMaterials/Substrate/Glints2/dict_0005_0232.uasset" 9359
"../../../Engine/Content/EngineMaterials/Substrate/Glints2/dict_0005_0244.uasset" 9360
"/Engine/EngineMaterials/Substrate/Glints2/dict_0005_0229" 9361
"/Engine/EngineMaterials/Substrate/Glints2/dict_0005_0228" 9362
"/Engine/EngineMaterials/Substrate/Glints2/dict_0005_0227" 9363
"../../../Engine/Content/EngineMaterials/Substrate/Glints2/dict_0005_0233.uasset" 9364
"../../../Engine/Content/EngineMaterials/Substrate/Glints2/dict_0005_0234.uasset" 9365
"../../../Engine/Content/EngineMaterials/Substrate/Glints2/dict_0005_0236.uasset" 9366
"/Engine/EngineMaterials/Substrate/Glints2/dict_0005_0226" 9367
"../../../Engine/Content/EngineMaterials/Substrate/Glints2/dict_0005_0235.uasset" 9368
"../../../Engine/Content/EngineMaterials/Substrate/Glints2/dict_0005_0240.uasset" 9369
"/Engine/EngineMaterials/Substrate/Glints2/dict_0005_0225" 9370
"/Engine/EngineMaterials/Substrate/Glints2/dict_0005_0224" 9371
"/Engine/EngineMaterials/Substrate/Glints2/dict_0005_0223" 9372
"/Engine/EngineMaterials/Substrate/Glints2/dict_0005_0222" 9373
"/Engine/EngineMaterials/Substrate/Glints2/dict_0005_0221" 9374
"/Engine/EngineMaterials/Substrate/Glints2/dict_0005_0220" 9375
"/Engine/EngineMaterials/Substrate/Glints2/dict_0005_0219" 9376
"/Engine/EngineMaterials/Substrate/Glints2/dict_0005_0218" 9377
"/Engine/EngineMaterials/Substrate/Glints2/dict_0005_0217" 9378
"/Engine/EngineMaterials/Substrate/Glints2/dict_0005_0231" 9379
"/Engine/EngineMaterials/Substrate/Glints2/dict_0005_0216" 9380
"/Engine/EngineMaterials/Substrate/Glints2/dict_0005_0215" 9381
"/Engine/EngineMaterials/Substrate/Glints2/dict_0005_0214" 9382
"../../../Engine/Content/EngineMaterials/Substrate/Glints2/dict_0005_0246.uasset" 9383
"../../../Engine/Content/EngineMaterials/Substrate/Glints2/dict_0005_0247.uasset" 9384
"../../../Engine/Content/EngineMaterials/Substrate/Glints2/dict_0005_0249.uasset" 9385
"../../../Engine/Content/EngineMaterials/Substrate/Glints2/dict_0005_0248.uasset" 9386
"../../../Engine/Content/EngineMaterials/Substrate/Glints2/dict_0005_0250.uasset" 9387
"../../../Engine/Content/EngineMaterials/Substrate/Glints2/dict_0005_0253.uasset" 9388
"../../../Engine/Content/EngineMaterials/Substrate/Glints2/dict_0005_0254.uasset" 9389
"../../../Engine/Content/EngineMaterials/Substrate/Glints2/dict_0006_0003.uasset" 9390
"../../../Engine/Content/EngineMaterials/Substrate/Glints2/dict_0006_0004.uasset" 9391
"../../../Engine/Content/EngineMaterials/Substrate/Glints2/dict_0006_0002.uasset" 9392
"../../../Engine/Content/EngineMaterials/Substrate/Glints2/dict_0006_0007.uasset" 9393
"/Engine/EngineMaterials/Substrate/Glints2/dict_0005_0245" 9394
"../../../Engine/Content/EngineMaterials/Substrate/Glints2/dict_0006_0000.uasset" 9395
"../../../Engine/Content/EngineMaterials/Substrate/Glints2/dict_0006_0001.uasset" 9396
"../../../Engine/Content/EngineMaterials/Substrate/Glints2/dict_0006_0005.uasset" 9397
"../../../Engine/Content/EngineMaterials/Substrate/Glints2/dict_0006_0006.uasset" 9398
"/Engine/EngineMaterials/Substrate/Glints2/dict_0005_0244" 9399
"../../../Engine/Content/EngineMaterials/Substrate/Glints2/dict_0005_0255.uasset" 9400
"/Engine/EngineMaterials/Substrate/Glints2/dict_0005_0243" 9401
"/Engine/EngineMaterials/Substrate/Glints2/dict_0005_0242" 9402
"../../../Engine/Content/EngineMaterials/Substrate/Glints2/dict_0005_0252.uasset" 9403
"/Engine/EngineMaterials/Substrate/Glints2/dict_0005_0241" 9404
"../../../Engine/Content/EngineMaterials/Substrate/Glints2/dict_0005_0251.uasset" 9405
"/Engine/EngineMaterials/Substrate/Glints2/dict_0005_0240" 9406
"/Engine/EngineMaterials/Substrate/Glints2/dict_0005_0239" 9407
"/Engine/EngineMaterials/Substrate/Glints2/dict_0005_0238" 9408
"/Engine/EngineMaterials/Substrate/Glints2/dict_0005_0237" 9409
"/Engine/EngineMaterials/Substrate/Glints2/dict_0005_0236" 9410
"/Engine/EngineMaterials/Substrate/Glints2/dict_0005_0235" 9411
"/Engine/EngineMaterials/Substrate/Glints2/dict_0005_0234" 9412
"/Engine/EngineMaterials/Substrate/Glints2/dict_0005_0233" 9413
"/Engine/EngineMaterials/Substrate/Glints2/dict_0005_0232" 9414
"/Engine/EngineMaterials/Substrate/Glints2/dict_0005_0249" 9415
"/Engine/EngineMaterials/Substrate/Glints2/dict_0005_0248" 9416
"/Engine/EngineMaterials/Substrate/Glints2/dict_0005_0247" 9417
"/Engine/EngineMaterials/Substrate/Glints2/dict_0005_0246" 9418
"../../../Engine/Content/EngineMaterials/Substrate/Glints2/dict_0006_0008.uasset" 9419
"../../../Engine/Content/EngineMaterials/Substrate/Glints2/dict_0006_0011.uasset" 9420
"../../../Engine/Content/EngineMaterials/Substrate/Glints2/dict_0006_0009.uasset" 9421
"../../../Engine/Content/EngineMaterials/Substrate/Glints2/dict_0006_0023.uasset" 9422
"../../../Engine/Content/EngineMaterials/Substrate/Glints2/dict_0006_0018.uasset" 9423
"../../../Engine/Content/EngineMaterials/Substrate/Glints2/dict_0006_0010.uasset" 9424
"../../../Engine/Content/EngineMaterials/Substrate/Glints2/dict_0006_0021.uasset" 9425
"../../../Engine/Content/EngineMaterials/Substrate/Glints2/dict_0006_0017.uasset" 9426
"../../../Engine/Content/EngineMaterials/Substrate/Glints2/dict_0006_0024.uasset" 9427
"../../../Engine/Content/EngineMaterials/Substrate/Glints2/dict_0006_0025.uasset" 9428
"../../../Engine/Content/EngineMaterials/Substrate/Glints2/dict_0006_0022.uasset" 9429
"../../../Engine/Content/EngineMaterials/Substrate/Glints2/dict_0006_0012.uasset" 9430
"../../../Engine/Content/EngineMaterials/Substrate/Glints2/dict_0006_0014.uasset" 9431
"../../../Engine/Content/EngineMaterials/Substrate/Glints2/dict_0006_0016.uasset" 9432
"/Engine/EngineMaterials/Substrate/Glints2/dict_0006_0007" 9433
"../../../Engine/Content/EngineMaterials/Substrate/Glints2/dict_0006_0013.uasset" 9434
"../../../Engine/Content/EngineMaterials/Substrate/Glints2/dict_0006_0020.uasset" 9435
"../../../Engine/Content/EngineMaterials/Substrate/Glints2/dict_0006_0019.uasset" 9436
"../../../Engine/Content/EngineMaterials/Substrate/Glints2/dict_0006_0015.uasset" 9437
"/Engine/EngineMaterials/Substrate/Glints2/dict_0006_0006" 9438
"/Engine/EngineMaterials/Substrate/Glints2/dict_0006_0005" 9439
"/Engine/EngineMaterials/Substrate/Glints2/dict_0006_0004" 9440
"/Engine/EngineMaterials/Substrate/Glints2/dict_0006_0003" 9441
"/Engine/EngineMaterials/Substrate/Glints2/dict_0006_0002" 9442
"/Engine/EngineMaterials/Substrate/Glints2/dict_0006_0001" 9443
"/Engine/EngineMaterials/Substrate/Glints2/dict_0006_0000" 9444
"/Engine/EngineMaterials/Substrate/Glints2/dict_0005_0255" 9445
"/Engine/EngineMaterials/Substrate/Glints2/dict_0005_0254" 9446
"/Engine/EngineMaterials/Substrate/Glints2/dict_0005_0253" 9447
"/Engine/EngineMaterials/Substrate/Glints2/dict_0005_0252" 9448
"/Engine/EngineMaterials/Substrate/Glints2/dict_0005_0251" 9449
"/Engine/EngineMaterials/Substrate/Glints2/dict_0005_0250" 9450
"/Engine/EngineMaterials/Substrate/Glints2/dict_0006_0011" 9451
"/Engine/EngineMaterials/Substrate/Glints2/dict_0006_0008" 9452
"../../../Engine/Content/EngineMaterials/Substrate/Glints2/dict_0006_0026.uasset" 9453
"../../../Engine/Content/EngineMaterials/Substrate/Glints2/dict_0006_0027.uasset" 9454
"../../../Engine/Content/EngineMaterials/Substrate/Glints2/dict_0006_0028.uasset" 9455
"../../../Engine/Content/EngineMaterials/Substrate/Glints2/dict_0006_0030.uasset" 9456
"../../../Engine/Content/EngineMaterials/Substrate/Glints2/dict_0006_0029.uasset" 9457
"../../../Engine/Content/EngineMaterials/Substrate/Glints2/dict_0006_0033.uasset" 9458
"../../../Engine/Content/EngineMaterials/Substrate/Glints2/dict_0006_0034.uasset" 9459
"../../../Engine/Content/EngineMaterials/Substrate/Glints2/dict_0006_0039.uasset" 9460
"../../../Engine/Content/EngineMaterials/Substrate/Glints2/dict_0006_0038.uasset" 9461
"../../../Engine/Content/EngineMaterials/Substrate/Glints2/dict_0006_0031.uasset" 9462
"/Engine/EngineMaterials/Substrate/Glints2/dict_0006_0025" 9463
"../../../Engine/Content/EngineMaterials/Substrate/Glints2/dict_0006_0035.uasset" 9464
"../../../Engine/Content/EngineMaterials/Substrate/Glints2/dict_0006_0041.uasset" 9465
"../../../Engine/Content/EngineMaterials/Substrate/Glints2/dict_0006_0037.uasset" 9466
"../../../Engine/Content/EngineMaterials/Substrate/Glints2/dict_0006_0036.uasset" 9467
"../../../Engine/Content/EngineMaterials/Substrate/Glints2/dict_0006_0040.uasset" 9468
"/Engine/EngineMaterials/Substrate/Glints2/dict_0006_0024" 9469
"/Engine/EngineMaterials/Substrate/Glints2/dict_0006_0023" 9470
"/Engine/EngineMaterials/Substrate/Glints2/dict_0006_0022" 9471
"../../../Engine/Content/EngineMaterials/Substrate/Glints2/dict_0006_0032.uasset" 9472
"/Engine/EngineMaterials/Substrate/Glints2/dict_0006_0021" 9473
"/Engine/EngineMaterials/Substrate/Glints2/dict_0006_0020" 9474
"/Engine/EngineMaterials/Substrate/Glints2/dict_0006_0019" 9475
"/Engine/EngineMaterials/Substrate/Glints2/dict_0006_0018" 9476
"/Engine/EngineMaterials/Substrate/Glints2/dict_0006_0017" 9477
"/Engine/EngineMaterials/Substrate/Glints2/dict_0006_0016" 9478
"/Engine/EngineMaterials/Substrate/Glints2/dict_0006_0015" 9479
"/Engine/EngineMaterials/Substrate/Glints2/dict_0006_0014" 9480
"/Engine/EngineMaterials/Substrate/Glints2/dict_0006_0013" 9481
"/Engine/EngineMaterials/Substrate/Glints2/dict_0006_0028" 9482
"/Engine/EngineMaterials/Substrate/Glints2/dict_0006_0012" 9483
"/Engine/EngineMaterials/Substrate/Glints2/dict_0006_0027" 9484
"/Engine/EngineMaterials/Substrate/Glints2/dict_0006_0010" 9485
"/Engine/EngineMaterials/Substrate/Glints2/dict_0006_0009" 9486
"/Engine/EngineMaterials/Substrate/Glints2/dict_0006_0026" 9487
"../../../Engine/Content/EngineMaterials/Substrate/Glints2/dict_0006_0042.uasset" 9488
"../../../Engine/Content/EngineMaterials/Substrate/Glints2/dict_0006_0044.uasset" 9489
"../../../Engine/Content/EngineMaterials/Substrate/Glints2/dict_0006_0045.uasset" 9490
"../../../Engine/Content/EngineMaterials/Substrate/Glints2/dict_0006_0049.uasset" 9491
"../../../Engine/Content/EngineMaterials/Substrate/Glints2/dict_0006_0050.uasset" 9492
"../../../Engine/Content/EngineMaterials/Substrate/Glints2/dict_0006_0052.uasset" 9493
"../../../Engine/Content/EngineMaterials/Substrate/Glints2/dict_0006_0055.uasset" 9494
"../../../Engine/Content/EngineMaterials/Substrate/Glints2/dict_0006_0057.uasset" 9495
"../../../Engine/Content/EngineMaterials/Substrate/Glints2/dict_0006_0058.uasset" 9496
"../../../Engine/Content/EngineMaterials/Substrate/Glints2/dict_0006_0059.uasset" 9497
"/Engine/EngineMaterials/Substrate/Glints2/dict_0006_0041" 9498
"../../../Engine/Content/EngineMaterials/Substrate/Glints2/dict_0006_0060.uasset" 9499
"../../../Engine/Content/EngineMaterials/Substrate/Glints2/dict_0006_0048.uasset" 9500
"../../../Engine/Content/EngineMaterials/Substrate/Glints2/dict_0006_0047.uasset" 9501
"../../../Engine/Content/EngineMaterials/Substrate/Glints2/dict_0006_0051.uasset" 9502
"../../../Engine/Content/EngineMaterials/Substrate/Glints2/dict_0006_0053.uasset" 9503
"../../../Engine/Content/EngineMaterials/Substrate/Glints2/dict_0006_0056.uasset" 9504
"/Engine/EngineMaterials/Substrate/Glints2/dict_0006_0040" 9505
"/Engine/EngineMaterials/Substrate/Glints2/dict_0006_0039" 9506
"../../../Engine/Content/EngineMaterials/Substrate/Glints2/dict_0006_0043.uasset" 9507
"../../../Engine/Content/EngineMaterials/Substrate/Glints2/dict_0006_0054.uasset" 9508
"../../../Engine/Content/EngineMaterials/Substrate/Glints2/dict_0006_0046.uasset" 9509
"/Engine/EngineMaterials/Substrate/Glints2/dict_0006_0038" 9510
"/Engine/EngineMaterials/Substrate/Glints2/dict_0006_0037" 9511
"/Engine/EngineMaterials/Substrate/Glints2/dict_0006_0036" 9512
"/Engine/EngineMaterials/Substrate/Glints2/dict_0006_0035" 9513
"/Engine/EngineMaterials/Substrate/Glints2/dict_0006_0034" 9514
"/Engine/EngineMaterials/Substrate/Glints2/dict_0006_0049" 9515
"/Engine/EngineMaterials/Substrate/Glints2/dict_0006_0033" 9516
"/Engine/EngineMaterials/Substrate/Glints2/dict_0006_0032" 9517
"/Engine/EngineMaterials/Substrate/Glints2/dict_0006_0031" 9518
"/Engine/EngineMaterials/Substrate/Glints2/dict_0006_0030" 9519
"/Engine/EngineMaterials/Substrate/Glints2/dict_0006_0029" 9520
"/Engine/EngineMaterials/Substrate/Glints2/dict_0006_0045" 9521
"/Engine/EngineMaterials/Substrate/Glints2/dict_0006_0044" 9522
"/Engine/EngineMaterials/Substrate/Glints2/dict_0006_0042" 9523
"../../../Engine/Content/EngineMaterials/Substrate/Glints2/dict_0006_0066.uasset" 9524
"../../../Engine/Content/EngineMaterials/Substrate/Glints2/dict_0006_0062.uasset" 9525
"../../../Engine/Content/EngineMaterials/Substrate/Glints2/dict_0006_0069.uasset" 9526
"../../../Engine/Content/EngineMaterials/Substrate/Glints2/dict_0006_0071.uasset" 9527
"../../../Engine/Content/EngineMaterials/Substrate/Glints2/dict_0006_0067.uasset" 9528
"../../../Engine/Content/EngineMaterials/Substrate/Glints2/dict_0006_0061.uasset" 9529
"../../../Engine/Content/EngineMaterials/Substrate/Glints2/dict_0006_0074.uasset" 9530
"../../../Engine/Content/EngineMaterials/Substrate/Glints2/dict_0006_0076.uasset" 9531
"/Engine/EngineMaterials/Substrate/Glints2/dict_0006_0060" 9532
"../../../Engine/Content/EngineMaterials/Substrate/Glints2/dict_0006_0072.uasset" 9533
"../../../Engine/Content/EngineMaterials/Substrate/Glints2/dict_0006_0070.uasset" 9534
"../../../Engine/Content/EngineMaterials/Substrate/Glints2/dict_0006_0073.uasset" 9535
"../../../Engine/Content/EngineMaterials/Substrate/Glints2/dict_0006_0065.uasset" 9536
"../../../Engine/Content/EngineMaterials/Substrate/Glints2/dict_0006_0077.uasset" 9537
"../../../Engine/Content/EngineMaterials/Substrate/Glints2/dict_0006_0064.uasset" 9538
"/Engine/EngineMaterials/Substrate/Glints2/dict_0006_0059" 9539
"/Engine/EngineMaterials/Substrate/Glints2/dict_0006_0058" 9540
"/Engine/EngineMaterials/Substrate/Glints2/dict_0006_0057" 9541
"../../../Engine/Content/EngineMaterials/Substrate/Glints2/dict_0006_0063.uasset" 9542
"../../../Engine/Content/EngineMaterials/Substrate/Glints2/dict_0006_0075.uasset" 9543
"../../../Engine/Content/EngineMaterials/Substrate/Glints2/dict_0006_0068.uasset" 9544
"/Engine/EngineMaterials/Substrate/Glints2/dict_0006_0056" 9545
"/Engine/EngineMaterials/Substrate/Glints2/dict_0006_0055" 9546
"/Engine/EngineMaterials/Substrate/Glints2/dict_0006_0054" 9547
"/Engine/EngineMaterials/Substrate/Glints2/dict_0006_0053" 9548
"/Engine/EngineMaterials/Substrate/Glints2/dict_0006_0052" 9549
"/Engine/EngineMaterials/Substrate/Glints2/dict_0006_0051" 9550
"/Engine/EngineMaterials/Substrate/Glints2/dict_0006_0050" 9551
"/Engine/EngineMaterials/Substrate/Glints2/dict_0006_0066" 9552
"/Engine/EngineMaterials/Substrate/Glints2/dict_0006_0048" 9553
"/Engine/EngineMaterials/Substrate/Glints2/dict_0006_0047" 9554
"/Engine/EngineMaterials/Substrate/Glints2/dict_0006_0046" 9555
"/Engine/EngineMaterials/Substrate/Glints2/dict_0006_0062" 9556
"/Engine/EngineMaterials/Substrate/Glints2/dict_0006_0043" 9557
"../../../Engine/Content/EngineMaterials/Substrate/Glints2/dict_0006_0078.uasset" 9558
"../../../Engine/Content/EngineMaterials/Substrate/Glints2/dict_0006_0082.uasset" 9559
"../../../Engine/Content/EngineMaterials/Substrate/Glints2/dict_0006_0085.uasset" 9560
"../../../Engine/Content/EngineMaterials/Substrate/Glints2/dict_0006_0081.uasset" 9561
"../../../Engine/Content/EngineMaterials/Substrate/Glints2/dict_0006_0084.uasset" 9562
"../../../Engine/Content/EngineMaterials/Substrate/Glints2/dict_0006_0083.uasset" 9563
"../../../Engine/Content/EngineMaterials/Substrate/Glints2/dict_0006_0094.uasset" 9564
"../../../Engine/Content/EngineMaterials/Substrate/Glints2/dict_0006_0086.uasset" 9565
"../../../Engine/Content/EngineMaterials/Substrate/Glints2/dict_0006_0088.uasset" 9566
"../../../Engine/Content/EngineMaterials/Substrate/Glints2/dict_0006_0087.uasset" 9567
"../../../Engine/Content/EngineMaterials/Substrate/Glints2/dict_0006_0090.uasset" 9568
"../../../Engine/Content/EngineMaterials/Substrate/Glints2/dict_0006_0091.uasset" 9569
"/Engine/EngineMaterials/Substrate/Glints2/dict_0006_0077" 9570
"../../../Engine/Content/EngineMaterials/Substrate/Glints2/dict_0006_0093.uasset" 9571
"../../../Engine/Content/EngineMaterials/Substrate/Glints2/dict_0006_0092.uasset" 9572
"/Engine/EngineMaterials/Substrate/Glints2/dict_0006_0076" 9573
"../../../Engine/Content/EngineMaterials/Substrate/Glints2/dict_0006_0079.uasset" 9574
"../../../Engine/Content/EngineMaterials/Substrate/Glints2/dict_0006_0089.uasset" 9575
"../../../Engine/Content/EngineMaterials/Substrate/Glints2/dict_0006_0080.uasset" 9576
"/Engine/EngineMaterials/Substrate/Glints2/dict_0006_0075" 9577
"/Engine/EngineMaterials/Substrate/Glints2/dict_0006_0074" 9578
"/Engine/EngineMaterials/Substrate/Glints2/dict_0006_0073" 9579
"/Engine/EngineMaterials/Substrate/Glints2/dict_0006_0072" 9580
"/Engine/EngineMaterials/Substrate/Glints2/dict_0006_0071" 9581
"/Engine/EngineMaterials/Substrate/Glints2/dict_0006_0070" 9582
"/Engine/EngineMaterials/Substrate/Glints2/dict_0006_0069" 9583
"/Engine/EngineMaterials/Substrate/Glints2/dict_0006_0068" 9584
"/Engine/EngineMaterials/Substrate/Glints2/dict_0006_0067" 9585
"/Engine/EngineMaterials/Substrate/Glints2/dict_0006_0065" 9586
"/Engine/EngineMaterials/Substrate/Glints2/dict_0006_0064" 9587
"/Engine/EngineMaterials/Substrate/Glints2/dict_0006_0063" 9588
"/Engine/EngineMaterials/Substrate/Glints2/dict_0006_0078" 9589
"/Engine/EngineMaterials/Substrate/Glints2/dict_0006_0061" 9590
"../../../Engine/Content/EngineMaterials/Substrate/Glints2/dict_0006_0095.uasset" 9591
"../../../Engine/Content/EngineMaterials/Substrate/Glints2/dict_0006_0101.uasset" 9592
"../../../Engine/Content/EngineMaterials/Substrate/Glints2/dict_0006_0097.uasset" 9593
"../../../Engine/Content/EngineMaterials/Substrate/Glints2/dict_0006_0098.uasset" 9594
"../../../Engine/Content/EngineMaterials/Substrate/Glints2/dict_0006_0100.uasset" 9595
"../../../Engine/Content/EngineMaterials/Substrate/Glints2/dict_0006_0099.uasset" 9596
"../../../Engine/Content/EngineMaterials/Substrate/Glints2/dict_0006_0103.uasset" 9597
"../../../Engine/Content/EngineMaterials/Substrate/Glints2/dict_0006_0105.uasset" 9598
"../../../Engine/Content/EngineMaterials/Substrate/Glints2/dict_0006_0110.uasset" 9599
"/Engine/EngineMaterials/Substrate/Glints2/dict_0006_0094" 9600
"../../../Engine/Content/EngineMaterials/Substrate/Glints2/dict_0006_0107.uasset" 9601
"../../../Engine/Content/EngineMaterials/Substrate/Glints2/dict_0006_0104.uasset" 9602
"../../../Engine/Content/EngineMaterials/Substrate/Glints2/dict_0006_0108.uasset" 9603
"../../../Engine/Content/EngineMaterials/Substrate/Glints2/dict_0006_0109.uasset" 9604
"../../../Engine/Content/EngineMaterials/Substrate/Glints2/dict_0006_0102.uasset" 9605
"../../../Engine/Content/EngineMaterials/Substrate/Glints2/dict_0006_0106.uasset" 9606
"../../../Engine/Content/EngineMaterials/Substrate/Glints2/dict_0006_0096.uasset" 9607
"/Engine/EngineMaterials/Substrate/Glints2/dict_0006_0093" 9608
"/Engine/EngineMaterials/Substrate/Glints2/dict_0006_0092" 9609
"/Engine/EngineMaterials/Substrate/Glints2/dict_0006_0091" 9610
"/Engine/EngineMaterials/Substrate/Glints2/dict_0006_0090" 9611
"/Engine/EngineMaterials/Substrate/Glints2/dict_0006_0089" 9612
"/Engine/EngineMaterials/Substrate/Glints2/dict_0006_0088" 9613
"/Engine/EngineMaterials/Substrate/Glints2/dict_0006_0087" 9614
"/Engine/EngineMaterials/Substrate/Glints2/dict_0006_0086" 9615
"/Engine/EngineMaterials/Substrate/Glints2/dict_0006_0085" 9616
"/Engine/EngineMaterials/Substrate/Glints2/dict_0006_0084" 9617
"/Engine/EngineMaterials/Substrate/Glints2/dict_0006_0083" 9618
"/Engine/EngineMaterials/Substrate/Glints2/dict_0006_0082" 9619
"/Engine/EngineMaterials/Substrate/Glints2/dict_0006_0081" 9620
"/Engine/EngineMaterials/Substrate/Glints2/dict_0006_0080" 9621
"/Engine/EngineMaterials/Substrate/Glints2/dict_0006_0079" 9622
"../../../Engine/Content/EngineMaterials/Substrate/Glints2/dict_0006_0111.uasset" 9623
"../../../Engine/Content/EngineMaterials/Substrate/Glints2/dict_0006_0112.uasset" 9624
"../../../Engine/Content/EngineMaterials/Substrate/Glints2/dict_0006_0114.uasset" 9625
"../../../Engine/Content/EngineMaterials/Substrate/Glints2/dict_0006_0115.uasset" 9626
"../../../Engine/Content/EngineMaterials/Substrate/Glints2/dict_0006_0116.uasset" 9627
"../../../Engine/Content/EngineMaterials/Substrate/Glints2/dict_0006_0123.uasset" 9628
"../../../Engine/Content/EngineMaterials/Substrate/Glints2/dict_0006_0124.uasset" 9629
"../../../Engine/Content/EngineMaterials/Substrate/Glints2/dict_0006_0118.uasset" 9630
"../../../Engine/Content/EngineMaterials/Substrate/Glints2/dict_0006_0125.uasset" 9631
"../../../Engine/Content/EngineMaterials/Substrate/Glints2/dict_0006_0126.uasset" 9632
"/Engine/EngineMaterials/Substrate/Glints2/dict_0006_0110" 9633
"../../../Engine/Content/EngineMaterials/Substrate/Glints2/dict_0006_0113.uasset" 9634
"../../../Engine/Content/EngineMaterials/Substrate/Glints2/dict_0006_0119.uasset" 9635
"../../../Engine/Content/EngineMaterials/Substrate/Glints2/dict_0006_0117.uasset" 9636
"../../../Engine/Content/EngineMaterials/Substrate/Glints2/dict_0006_0122.uasset" 9637
"../../../Engine/Content/EngineMaterials/Substrate/Glints2/dict_0006_0121.uasset" 9638
"/Engine/EngineMaterials/Substrate/Glints2/dict_0006_0109" 9639
"/Engine/EngineMaterials/Substrate/Glints2/dict_0006_0108" 9640
"../../../Engine/Content/EngineMaterials/Substrate/Glints2/dict_0006_0120.uasset" 9641
"/Engine/EngineMaterials/Substrate/Glints2/dict_0006_0107" 9642
"/Engine/EngineMaterials/Substrate/Glints2/dict_0006_0106" 9643
"/Engine/EngineMaterials/Substrate/Glints2/dict_0006_0105" 9644
"/Engine/EngineMaterials/Substrate/Glints2/dict_0006_0104" 9645
"/Engine/EngineMaterials/Substrate/Glints2/dict_0006_0103" 9646
"/Engine/EngineMaterials/Substrate/Glints2/dict_0006_0102" 9647
"/Engine/EngineMaterials/Substrate/Glints2/dict_0006_0101" 9648
"/Engine/EngineMaterials/Substrate/Glints2/dict_0006_0100" 9649
"/Engine/EngineMaterials/Substrate/Glints2/dict_0006_0099" 9650
"/Engine/EngineMaterials/Substrate/Glints2/dict_0006_0114" 9651
"/Engine/EngineMaterials/Substrate/Glints2/dict_0006_0098" 9652
"/Engine/EngineMaterials/Substrate/Glints2/dict_0006_0112" 9653
"/Engine/EngineMaterials/Substrate/Glints2/dict_0006_0097" 9654
"/Engine/EngineMaterials/Substrate/Glints2/dict_0006_0111" 9655
"/Engine/EngineMaterials/Substrate/Glints2/dict_0006_0096" 9656
"/Engine/EngineMaterials/Substrate/Glints2/dict_0006_0095" 9657
"../../../Engine/Content/EngineMaterials/Substrate/Glints2/dict_0006_0128.uasset" 9658
"../../../Engine/Content/EngineMaterials/Substrate/Glints2/dict_0006_0127.uasset" 9659
"../../../Engine/Content/EngineMaterials/Substrate/Glints2/dict_0006_0133.uasset" 9660
"../../../Engine/Content/EngineMaterials/Substrate/Glints2/dict_0006_0130.uasset" 9661
"../../../Engine/Content/EngineMaterials/Substrate/Glints2/dict_0006_0135.uasset" 9662
"../../../Engine/Content/EngineMaterials/Substrate/Glints2/dict_0006_0139.uasset" 9663
"../../../Engine/Content/EngineMaterials/Substrate/Glints2/dict_0006_0137.uasset" 9664
"../../../Engine/Content/EngineMaterials/Substrate/Glints2/dict_0006_0141.uasset" 9665
"../../../Engine/Content/EngineMaterials/Substrate/Glints2/dict_0006_0143.uasset" 9666
"../../../Engine/Content/EngineMaterials/Substrate/Glints2/dict_0006_0145.uasset" 9667
"../../../Engine/Content/EngineMaterials/Substrate/Glints2/dict_0006_0140.uasset" 9668
"../../../Engine/Content/EngineMaterials/Substrate/Glints2/dict_0006_0144.uasset" 9669
"/Engine/EngineMaterials/Substrate/Glints2/dict_0006_0126" 9670
"../../../Engine/Content/EngineMaterials/Substrate/Glints2/dict_0006_0136.uasset" 9671
"../../../Engine/Content/EngineMaterials/Substrate/Glints2/dict_0006_0131.uasset" 9672
"../../../Engine/Content/EngineMaterials/Substrate/Glints2/dict_0006_0138.uasset" 9673
"/Engine/EngineMaterials/Substrate/Glints2/dict_0006_0125" 9674
"/Engine/EngineMaterials/Substrate/Glints2/dict_0006_0124" 9675
"/Engine/EngineMaterials/Substrate/Glints2/dict_0006_0123" 9676
"/Engine/EngineMaterials/Substrate/Glints2/dict_0006_0122" 9677
"../../../Engine/Content/EngineMaterials/Substrate/Glints2/dict_0006_0142.uasset" 9678
"../../../Engine/Content/EngineMaterials/Substrate/Glints2/dict_0006_0129.uasset" 9679
"../../../Engine/Content/EngineMaterials/Substrate/Glints2/dict_0006_0134.uasset" 9680
"../../../Engine/Content/EngineMaterials/Substrate/Glints2/dict_0006_0132.uasset" 9681
"/Engine/EngineMaterials/Substrate/Glints2/dict_0006_0121" 9682
"/Engine/EngineMaterials/Substrate/Glints2/dict_0006_0120" 9683
"/Engine/EngineMaterials/Substrate/Glints2/dict_0006_0119" 9684
"/Engine/EngineMaterials/Substrate/Glints2/dict_0006_0118" 9685
"/Engine/EngineMaterials/Substrate/Glints2/dict_0006_0117" 9686
"/Engine/EngineMaterials/Substrate/Glints2/dict_0006_0139" 9687
"/Engine/EngineMaterials/Substrate/Glints2/dict_0006_0116" 9688
"/Engine/EngineMaterials/Substrate/Glints2/dict_0006_0135" 9689
"/Engine/EngineMaterials/Substrate/Glints2/dict_0006_0115" 9690
"/Engine/EngineMaterials/Substrate/Glints2/dict_0006_0133" 9691
"/Engine/EngineMaterials/Substrate/Glints2/dict_0006_0113" 9692
"/Engine/EngineMaterials/Substrate/Glints2/dict_0006_0130" 9693
"/Engine/EngineMaterials/Substrate/Glints2/dict_0006_0128" 9694
"/Engine/EngineMaterials/Substrate/Glints2/dict_0006_0127" 9695
"../../../Engine/Content/EngineMaterials/Substrate/Glints2/dict_0006_0146.uasset" 9696
"../../../Engine/Content/EngineMaterials/Substrate/Glints2/dict_0006_0147.uasset" 9697
"../../../Engine/Content/EngineMaterials/Substrate/Glints2/dict_0006_0151.uasset" 9698
"../../../Engine/Content/EngineMaterials/Substrate/Glints2/dict_0006_0150.uasset" 9699
"../../../Engine/Content/EngineMaterials/Substrate/Glints2/dict_0006_0153.uasset" 9700
"../../../Engine/Content/EngineMaterials/Substrate/Glints2/dict_0006_0157.uasset" 9701
"../../../Engine/Content/EngineMaterials/Substrate/Glints2/dict_0006_0149.uasset" 9702
"../../../Engine/Content/EngineMaterials/Substrate/Glints2/dict_0006_0155.uasset" 9703
"../../../Engine/Content/EngineMaterials/Substrate/Glints2/dict_0006_0160.uasset" 9704
"../../../Engine/Content/EngineMaterials/Substrate/Glints2/dict_0006_0159.uasset" 9705
"../../../Engine/Content/EngineMaterials/Substrate/Glints2/dict_0006_0164.uasset" 9706
"../../../Engine/Content/EngineMaterials/Substrate/Glints2/dict_0006_0154.uasset" 9707
"../../../Engine/Content/EngineMaterials/Substrate/Glints2/dict_0006_0162.uasset" 9708
"../../../Engine/Content/EngineMaterials/Substrate/Glints2/dict_0006_0156.uasset" 9709
"/Engine/EngineMaterials/Substrate/Glints2/dict_0006_0145" 9710
"../../../Engine/Content/EngineMaterials/Substrate/Glints2/dict_0006_0163.uasset" 9711
"/Engine/EngineMaterials/Substrate/Glints2/dict_0006_0144" 9712
"../../../Engine/Content/EngineMaterials/Substrate/Glints2/dict_0006_0148.uasset" 9713
"../../../Engine/Content/EngineMaterials/Substrate/Glints2/dict_0006_0161.uasset" 9714
"../../../Engine/Content/EngineMaterials/Substrate/Glints2/dict_0006_0158.uasset" 9715
"../../../Engine/Content/EngineMaterials/Substrate/Glints2/dict_0006_0152.uasset" 9716
"/Engine/EngineMaterials/Substrate/Glints2/dict_0006_0143" 9717
"/Engine/EngineMaterials/Substrate/Glints2/dict_0006_0142" 9718
"/Engine/EngineMaterials/Substrate/Glints2/dict_0006_0141" 9719
"/Engine/EngineMaterials/Substrate/Glints2/dict_0006_0140" 9720
"/Engine/EngineMaterials/Substrate/Glints2/dict_0006_0138" 9721
"/Engine/EngineMaterials/Substrate/Glints2/dict_0006_0137" 9722
"/Engine/EngineMaterials/Substrate/Glints2/dict_0006_0136" 9723
"/Engine/EngineMaterials/Substrate/Glints2/dict_0006_0151" 9724
"/Engine/EngineMaterials/Substrate/Glints2/dict_0006_0134" 9725
"/Engine/EngineMaterials/Substrate/Glints2/dict_0006_0150" 9726
"/Engine/EngineMaterials/Substrate/Glints2/dict_0006_0132" 9727
"/Engine/EngineMaterials/Substrate/Glints2/dict_0006_0131" 9728
"/Engine/EngineMaterials/Substrate/Glints2/dict_0006_0129" 9729
"/Engine/EngineMaterials/Substrate/Glints2/dict_0006_0147" 9730
"/Engine/EngineMaterials/Substrate/Glints2/dict_0006_0146" 9731
"../../../Engine/Content/EngineMaterials/Substrate/Glints2/dict_0006_0165.uasset" 9732
"../../../Engine/Content/EngineMaterials/Substrate/Glints2/dict_0006_0166.uasset" 9733
"../../../Engine/Content/EngineMaterials/Substrate/Glints2/dict_0006_0169.uasset" 9734
"../../../Engine/Content/EngineMaterials/Substrate/Glints2/dict_0006_0173.uasset" 9735
"../../../Engine/Content/EngineMaterials/Substrate/Glints2/dict_0006_0175.uasset" 9736
"../../../Engine/Content/EngineMaterials/Substrate/Glints2/dict_0006_0174.uasset" 9737
"../../../Engine/Content/EngineMaterials/Substrate/Glints2/dict_0006_0172.uasset" 9738
"../../../Engine/Content/EngineMaterials/Substrate/Glints2/dict_0006_0179.uasset" 9739
"/Engine/EngineMaterials/Substrate/Glints2/dict_0006_0164" 9740
"../../../Engine/Content/EngineMaterials/Substrate/Glints2/dict_0006_0181.uasset" 9741
"../../../Engine/Content/EngineMaterials/Substrate/Glints2/dict_0006_0176.uasset" 9742
"../../../Engine/Content/EngineMaterials/Substrate/Glints2/dict_0006_0180.uasset" 9743
"../../../Engine/Content/EngineMaterials/Substrate/Glints2/dict_0006_0178.uasset" 9744
"../../../Engine/Content/EngineMaterials/Substrate/Glints2/dict_0006_0177.uasset" 9745
"../../../Engine/Content/EngineMaterials/Substrate/Glints2/dict_0006_0171.uasset" 9746
"/Engine/EngineMaterials/Substrate/Glints2/dict_0006_0163" 9747
"/Engine/EngineMaterials/Substrate/Glints2/dict_0006_0162" 9748
"../../../Engine/Content/EngineMaterials/Substrate/Glints2/dict_0006_0170.uasset" 9749
"../../../Engine/Content/EngineMaterials/Substrate/Glints2/dict_0006_0168.uasset" 9750
"../../../Engine/Content/EngineMaterials/Substrate/Glints2/dict_0006_0167.uasset" 9751
"/Engine/EngineMaterials/Substrate/Glints2/dict_0006_0161" 9752
"/Engine/EngineMaterials/Substrate/Glints2/dict_0006_0160" 9753
"/Engine/EngineMaterials/Substrate/Glints2/dict_0006_0159" 9754
"/Engine/EngineMaterials/Substrate/Glints2/dict_0006_0158" 9755
"/Engine/EngineMaterials/Substrate/Glints2/dict_0006_0157" 9756
"/Engine/EngineMaterials/Substrate/Glints2/dict_0006_0156" 9757
"/Engine/EngineMaterials/Substrate/Glints2/dict_0006_0155" 9758
"/Engine/EngineMaterials/Substrate/Glints2/dict_0006_0154" 9759
"/Engine/EngineMaterials/Substrate/Glints2/dict_0006_0153" 9760
"/Engine/EngineMaterials/Substrate/Glints2/dict_0006_0152" 9761
"/Engine/EngineMaterials/Substrate/Glints2/dict_0006_0169" 9762
"/Engine/EngineMaterials/Substrate/Glints2/dict_0006_0149" 9763
"/Engine/EngineMaterials/Substrate/Glints2/dict_0006_0148" 9764
"/Engine/EngineMaterials/Substrate/Glints2/dict_0006_0166" 9765
"/Engine/EngineMaterials/Substrate/Glints2/dict_0006_0165" 9766
"../../../Engine/Content/EngineMaterials/Substrate/Glints2/dict_0006_0185.uasset" 9767
"../../../Engine/Content/EngineMaterials/Substrate/Glints2/dict_0006_0193.uasset" 9768
"../../../Engine/Content/EngineMaterials/Substrate/Glints2/dict_0006_0190.uasset" 9769
"../../../Engine/Content/EngineMaterials/Substrate/Glints2/dict_0006_0196.uasset" 9770
"../../../Engine/Content/EngineMaterials/Substrate/Glints2/dict_0006_0189.uasset" 9771
"../../../Engine/Content/EngineMaterials/Substrate/Glints2/dict_0006_0186.uasset" 9772
"../../../Engine/Content/EngineMaterials/Substrate/Glints2/dict_0006_0198.uasset" 9773
"../../../Engine/Content/EngineMaterials/Substrate/Glints2/dict_0006_0199.uasset" 9774
"../../../Engine/Content/EngineMaterials/Substrate/Glints2/dict_0006_0194.uasset" 9775
"/Engine/EngineMaterials/Substrate/Glints2/dict_0006_0181" 9776
"../../../Engine/Content/EngineMaterials/Substrate/Glints2/dict_0006_0195.uasset" 9777
"/Engine/EngineMaterials/Substrate/Glints2/dict_0006_0180" 9778
"../../../Engine/Content/EngineMaterials/Substrate/Glints2/dict_0006_0188.uasset" 9779
"../../../Engine/Content/EngineMaterials/Substrate/Glints2/dict_0006_0184.uasset" 9780
"../../../Engine/Content/EngineMaterials/Substrate/Glints2/dict_0006_0192.uasset" 9781
"../../../Engine/Content/EngineMaterials/Substrate/Glints2/dict_0006_0191.uasset" 9782
"../../../Engine/Content/EngineMaterials/Substrate/Glints2/dict_0006_0182.uasset" 9783
"../../../Engine/Content/EngineMaterials/Substrate/Glints2/dict_0006_0187.uasset" 9784
"../../../Engine/Content/EngineMaterials/Substrate/Glints2/dict_0006_0197.uasset" 9785
"/Engine/EngineMaterials/Substrate/Glints2/dict_0006_0179" 9786
"../../../Engine/Content/EngineMaterials/Substrate/Glints2/dict_0006_0183.uasset" 9787
"/Engine/EngineMaterials/Substrate/Glints2/dict_0006_0178" 9788
"/Engine/EngineMaterials/Substrate/Glints2/dict_0006_0177" 9789
"/Engine/EngineMaterials/Substrate/Glints2/dict_0006_0176" 9790
"/Engine/EngineMaterials/Substrate/Glints2/dict_0006_0175" 9791
"/Engine/EngineMaterials/Substrate/Glints2/dict_0006_0174" 9792
"/Engine/EngineMaterials/Substrate/Glints2/dict_0006_0173" 9793
"/Engine/EngineMaterials/Substrate/Glints2/dict_0006_0172" 9794
"/Engine/EngineMaterials/Substrate/Glints2/dict_0006_0171" 9795
"/Engine/EngineMaterials/Substrate/Glints2/dict_0006_0170" 9796
"/Engine/EngineMaterials/Substrate/Glints2/dict_0006_0168" 9797
"/Engine/EngineMaterials/Substrate/Glints2/dict_0006_0167" 9798
"../../../Engine/Content/EngineMaterials/Substrate/Glints2/dict_0006_0200.uasset" 9799
"../../../Engine/Content/EngineMaterials/Substrate/Glints2/dict_0006_0202.uasset" 9800
"../../../Engine/Content/EngineMaterials/Substrate/Glints2/dict_0006_0201.uasset" 9801
"../../../Engine/Content/EngineMaterials/Substrate/Glints2/dict_0006_0203.uasset" 9802
"../../../Engine/Content/EngineMaterials/Substrate/Glints2/dict_0006_0204.uasset" 9803
"../../../Engine/Content/EngineMaterials/Substrate/Glints2/dict_0006_0208.uasset" 9804
"../../../Engine/Content/EngineMaterials/Substrate/Glints2/dict_0006_0212.uasset" 9805
"../../../Engine/Content/EngineMaterials/Substrate/Glints2/dict_0006_0207.uasset" 9806
"../../../Engine/Content/EngineMaterials/Substrate/Glints2/dict_0006_0206.uasset" 9807
"../../../Engine/Content/EngineMaterials/Substrate/Glints2/dict_0006_0211.uasset" 9808
"../../../Engine/Content/EngineMaterials/Substrate/Glints2/dict_0006_0213.uasset" 9809
"/Engine/EngineMaterials/Substrate/Glints2/dict_0006_0199" 9810
"../../../Engine/Content/EngineMaterials/Substrate/Glints2/dict_0006_0209.uasset" 9811
"../../../Engine/Content/EngineMaterials/Substrate/Glints2/dict_0006_0210.uasset" 9812
"/Engine/EngineMaterials/Substrate/Glints2/dict_0006_0198" 9813
"/Engine/EngineMaterials/Substrate/Glints2/dict_0006_0197" 9814
"../../../Engine/Content/EngineMaterials/Substrate/Glints2/dict_0006_0205.uasset" 9815
"/Engine/EngineMaterials/Substrate/Glints2/dict_0006_0196" 9816
"/Engine/EngineMaterials/Substrate/Glints2/dict_0006_0195" 9817
"/Engine/EngineMaterials/Substrate/Glints2/dict_0006_0194" 9818
"/Engine/EngineMaterials/Substrate/Glints2/dict_0006_0193" 9819
"/Engine/EngineMaterials/Substrate/Glints2/dict_0006_0192" 9820
"/Engine/EngineMaterials/Substrate/Glints2/dict_0006_0191" 9821
"/Engine/EngineMaterials/Substrate/Glints2/dict_0006_0190" 9822
"/Engine/EngineMaterials/Substrate/Glints2/dict_0006_0189" 9823
"/Engine/EngineMaterials/Substrate/Glints2/dict_0006_0188" 9824
"/Engine/EngineMaterials/Substrate/Glints2/dict_0006_0187" 9825
"/Engine/EngineMaterials/Substrate/Glints2/dict_0006_0202" 9826
"/Engine/EngineMaterials/Substrate/Glints2/dict_0006_0186" 9827
"/Engine/EngineMaterials/Substrate/Glints2/dict_0006_0185" 9828
"/Engine/EngineMaterials/Substrate/Glints2/dict_0006_0201" 9829
"/Engine/EngineMaterials/Substrate/Glints2/dict_0006_0184" 9830
"/Engine/EngineMaterials/Substrate/Glints2/dict_0006_0200" 9831
"/Engine/EngineMaterials/Substrate/Glints2/dict_0006_0183" 9832
"/Engine/EngineMaterials/Substrate/Glints2/dict_0006_0182" 9833
"../../../Engine/Content/EngineMaterials/Substrate/Glints2/dict_0006_0214.uasset" 9834
"../../../Engine/Content/EngineMaterials/Substrate/Glints2/dict_0006_0216.uasset" 9835
"../../../Engine/Content/EngineMaterials/Substrate/Glints2/dict_0006_0215.uasset" 9836
"../../../Engine/Content/EngineMaterials/Substrate/Glints2/dict_0006_0219.uasset" 9837
"../../../Engine/Content/EngineMaterials/Substrate/Glints2/dict_0006_0217.uasset" 9838
"../../../Engine/Content/EngineMaterials/Substrate/Glints2/dict_0006_0224.uasset" 9839
"../../../Engine/Content/EngineMaterials/Substrate/Glints2/dict_0006_0226.uasset" 9840
"../../../Engine/Content/EngineMaterials/Substrate/Glints2/dict_0006_0222.uasset" 9841
"../../../Engine/Content/EngineMaterials/Substrate/Glints2/dict_0006_0228.uasset" 9842
"../../../Engine/Content/EngineMaterials/Substrate/Glints2/dict_0006_0227.uasset" 9843
"/Engine/EngineMaterials/Substrate/Glints2/dict_0006_0213" 9844
"../../../Engine/Content/EngineMaterials/Substrate/Glints2/dict_0006_0233.uasset" 9845
"../../../Engine/Content/EngineMaterials/Substrate/Glints2/dict_0006_0232.uasset" 9846
"../../../Engine/Content/EngineMaterials/Substrate/Glints2/dict_0006_0223.uasset" 9847
"../../../Engine/Content/EngineMaterials/Substrate/Glints2/dict_0006_0221.uasset" 9848
"../../../Engine/Content/EngineMaterials/Substrate/Glints2/dict_0006_0231.uasset" 9849
"../../../Engine/Content/EngineMaterials/Substrate/Glints2/dict_0006_0229.uasset" 9850
"/Engine/EngineMaterials/Substrate/Glints2/dict_0006_0212" 9851
"/Engine/EngineMaterials/Substrate/Glints2/dict_0006_0211" 9852
"/Engine/EngineMaterials/Substrate/Glints2/dict_0006_0210" 9853
"/Engine/EngineMaterials/Substrate/Glints2/dict_0006_0209" 9854
"../../../Engine/Content/EngineMaterials/Substrate/Glints2/dict_0006_0220.uasset" 9855
"../../../Engine/Content/EngineMaterials/Substrate/Glints2/dict_0006_0225.uasset" 9856
"../../../Engine/Content/EngineMaterials/Substrate/Glints2/dict_0006_0218.uasset" 9857
"../../../Engine/Content/EngineMaterials/Substrate/Glints2/dict_0006_0234.uasset" 9858
"../../../Engine/Content/EngineMaterials/Substrate/Glints2/dict_0006_0230.uasset" 9859
"/Engine/EngineMaterials/Substrate/Glints2/dict_0006_0208" 9860
"/Engine/EngineMaterials/Substrate/Glints2/dict_0006_0207" 9861
"/Engine/EngineMaterials/Substrate/Glints2/dict_0006_0206" 9862
"/Engine/EngineMaterials/Substrate/Glints2/dict_0006_0205" 9863
"/Engine/EngineMaterials/Substrate/Glints2/dict_0006_0204" 9864
"/Engine/EngineMaterials/Substrate/Glints2/dict_0006_0203" 9865
"/Engine/EngineMaterials/Substrate/Glints2/dict_0006_0219" 9866
"/Engine/EngineMaterials/Substrate/Glints2/dict_0006_0217" 9867
"/Engine/EngineMaterials/Substrate/Glints2/dict_0006_0216" 9868
"/Engine/EngineMaterials/Substrate/Glints2/dict_0006_0215" 9869
"/Engine/EngineMaterials/Substrate/Glints2/dict_0006_0214" 9870
"../../../Engine/Content/EngineMaterials/Substrate/Glints2/dict_0006_0235.uasset" 9871
"../../../Engine/Content/EngineMaterials/Substrate/Glints2/dict_0006_0236.uasset" 9872
"../../../Engine/Content/EngineMaterials/Substrate/Glints2/dict_0006_0237.uasset" 9873
"../../../Engine/Content/EngineMaterials/Substrate/Glints2/dict_0006_0238.uasset" 9874
"../../../Engine/Content/EngineMaterials/Substrate/Glints2/dict_0006_0239.uasset" 9875
"../../../Engine/Content/EngineMaterials/Substrate/Glints2/dict_0006_0241.uasset" 9876
"../../../Engine/Content/EngineMaterials/Substrate/Glints2/dict_0006_0243.uasset" 9877
"../../../Engine/Content/EngineMaterials/Substrate/Glints2/dict_0006_0248.uasset" 9878
"../../../Engine/Content/EngineMaterials/Substrate/Glints2/dict_0006_0249.uasset" 9879
"../../../Engine/Content/EngineMaterials/Substrate/Glints2/dict_0006_0250.uasset" 9880
"/Engine/EngineMaterials/Substrate/Glints2/dict_0006_0234" 9881
"../../../Engine/Content/EngineMaterials/Substrate/Glints2/dict_0006_0240.uasset" 9882
"../../../Engine/Content/EngineMaterials/Substrate/Glints2/dict_0006_0247.uasset" 9883
"../../../Engine/Content/EngineMaterials/Substrate/Glints2/dict_0006_0244.uasset" 9884
"/Engine/EngineMaterials/Substrate/Glints2/dict_0006_0233" 9885
"../../../Engine/Content/EngineMaterials/Substrate/Glints2/dict_0006_0246.uasset" 9886
"../../../Engine/Content/EngineMaterials/Substrate/Glints2/dict_0006_0245.uasset" 9887
"../../../Engine/Content/EngineMaterials/Substrate/Glints2/dict_0006_0242.uasset" 9888
"/Engine/EngineMaterials/Substrate/Glints2/dict_0006_0232" 9889
"/Engine/EngineMaterials/Substrate/Glints2/dict_0006_0231" 9890
"/Engine/EngineMaterials/Substrate/Glints2/dict_0006_0230" 9891
"/Engine/EngineMaterials/Substrate/Glints2/dict_0006_0229" 9892
"/Engine/EngineMaterials/Substrate/Glints2/dict_0006_0228" 9893
"/Engine/EngineMaterials/Substrate/Glints2/dict_0006_0227" 9894
"/Engine/EngineMaterials/Substrate/Glints2/dict_0006_0226" 9895
"/Engine/EngineMaterials/Substrate/Glints2/dict_0006_0225" 9896
"/Engine/EngineMaterials/Substrate/Glints2/dict_0006_0224" 9897
"/Engine/EngineMaterials/Substrate/Glints2/dict_0006_0223" 9898
"/Engine/EngineMaterials/Substrate/Glints2/dict_0006_0222" 9899
"/Engine/EngineMaterials/Substrate/Glints2/dict_0006_0221" 9900
"/Engine/EngineMaterials/Substrate/Glints2/dict_0006_0220" 9901
"/Engine/EngineMaterials/Substrate/Glints2/dict_0006_0218" 9902
"/Engine/EngineMaterials/Substrate/Glints2/dict_0006_0238" 9903
"/Engine/EngineMaterials/Substrate/Glints2/dict_0006_0237" 9904
"/Engine/EngineMaterials/Substrate/Glints2/dict_0006_0236" 9905
"/Engine/EngineMaterials/Substrate/Glints2/dict_0006_0235" 9906
"../../../Engine/Content/EngineMaterials/Substrate/Glints2/dict_0006_0251.uasset" 9907
"../../../Engine/Content/EngineMaterials/Substrate/Glints2/dict_0006_0252.uasset" 9908
"../../../Engine/Content/EngineMaterials/Substrate/Glints2/dict_0006_0253.uasset" 9909
"../../../Engine/Content/EngineMaterials/Substrate/Glints2/dict_0006_0254.uasset" 9910
"../../../Engine/Content/EngineMaterials/Substrate/Glints2/dict_0007_0001.uasset" 9911
"../../../Engine/Content/EngineMaterials/Substrate/Glints2/dict_0007_0005.uasset" 9912
"../../../Engine/Content/EngineMaterials/Substrate/Glints2/dict_0007_0007.uasset" 9913
"../../../Engine/Content/EngineMaterials/Substrate/Glints2/dict_0007_0004.uasset" 9914
"../../../Engine/Content/EngineMaterials/Substrate/Glints2/dict_0007_0000.uasset" 9915
"../../../Engine/Content/EngineMaterials/Substrate/Glints2/dict_0007_0006.uasset" 9916
"../../../Engine/Content/EngineMaterials/Substrate/Glints2/dict_0006_0255.uasset" 9917
"../../../Engine/Content/EngineMaterials/Substrate/Glints2/dict_0007_0002.uasset" 9918
"../../../Engine/Content/EngineMaterials/Substrate/Glints2/dict_0007_0011.uasset" 9919
"/Engine/EngineMaterials/Substrate/Glints2/dict_0006_0250" 9920
"../../../Engine/Content/EngineMaterials/Substrate/Glints2/dict_0007_0009.uasset" 9921
"../../../Engine/Content/EngineMaterials/Substrate/Glints2/dict_0007_0012.uasset" 9922
"../../../Engine/Content/EngineMaterials/Substrate/Glints2/dict_0007_0014.uasset" 9923
"../../../Engine/Content/EngineMaterials/Substrate/Glints2/dict_0007_0010.uasset" 9924
"../../../Engine/Content/EngineMaterials/Substrate/Glints2/dict_0007_0008.uasset" 9925
"../../../Engine/Content/EngineMaterials/Substrate/Glints2/dict_0007_0013.uasset" 9926
"../../../Engine/Content/EngineMaterials/Substrate/Glints2/dict_0007_0003.uasset" 9927
"/Engine/EngineMaterials/Substrate/Glints2/dict_0006_0249" 9928
"/Engine/EngineMaterials/Substrate/Glints2/dict_0006_0248" 9929
"/Engine/EngineMaterials/Substrate/Glints2/dict_0006_0247" 9930
"/Engine/EngineMaterials/Substrate/Glints2/dict_0006_0246" 9931
"/Engine/EngineMaterials/Substrate/Glints2/dict_0006_0245" 9932
"/Engine/EngineMaterials/Substrate/Glints2/dict_0006_0244" 9933
"/Engine/EngineMaterials/Substrate/Glints2/dict_0006_0243" 9934
"/Engine/EngineMaterials/Substrate/Glints2/dict_0006_0242" 9935
"/Engine/EngineMaterials/Substrate/Glints2/dict_0006_0241" 9936
"/Engine/EngineMaterials/Substrate/Glints2/dict_0006_0240" 9937
"/Engine/EngineMaterials/Substrate/Glints2/dict_0006_0239" 9938
"/Engine/EngineMaterials/Substrate/Glints2/dict_0006_0254" 9939
"/Engine/EngineMaterials/Substrate/Glints2/dict_0006_0253" 9940
"/Engine/EngineMaterials/Substrate/Glints2/dict_0006_0252" 9941
"/Engine/EngineMaterials/Substrate/Glints2/dict_0006_0251" 9942
"../../../Engine/Content/EngineMaterials/Substrate/Glints2/dict_0007_0015.uasset" 9943
"../../../Engine/Content/EngineMaterials/Substrate/Glints2/dict_0007_0017.uasset" 9944
"../../../Engine/Content/EngineMaterials/Substrate/Glints2/dict_0007_0016.uasset" 9945
"../../../Engine/Content/EngineMaterials/Substrate/Glints2/dict_0007_0023.uasset" 9946
"../../../Engine/Content/EngineMaterials/Substrate/Glints2/dict_0007_0020.uasset" 9947
"../../../Engine/Content/EngineMaterials/Substrate/Glints2/dict_0007_0025.uasset" 9948
"../../../Engine/Content/EngineMaterials/Substrate/Glints2/dict_0007_0027.uasset" 9949
"../../../Engine/Content/EngineMaterials/Substrate/Glints2/dict_0007_0029.uasset" 9950
"../../../Engine/Content/EngineMaterials/Substrate/Glints2/dict_0007_0024.uasset" 9951
"/Engine/EngineMaterials/Substrate/Glints2/dict_0007_0014" 9952
"../../../Engine/Content/EngineMaterials/Substrate/Glints2/dict_0007_0030.uasset" 9953
"../../../Engine/Content/EngineMaterials/Substrate/Glints2/dict_0007_0026.uasset" 9954
"../../../Engine/Content/EngineMaterials/Substrate/Glints2/dict_0007_0021.uasset" 9955
"../../../Engine/Content/EngineMaterials/Substrate/Glints2/dict_0007_0028.uasset" 9956
"../../../Engine/Content/EngineMaterials/Substrate/Glints2/dict_0007_0022.uasset" 9957
"/Engine/EngineMaterials/Substrate/Glints2/dict_0007_0013" 9958
"/Engine/EngineMaterials/Substrate/Glints2/dict_0007_0012" 9959
"../../../Engine/Content/EngineMaterials/Substrate/Glints2/dict_0007_0019.uasset" 9960
"../../../Engine/Content/EngineMaterials/Substrate/Glints2/dict_0007_0018.uasset" 9961
"/Engine/EngineMaterials/Substrate/Glints2/dict_0007_0011" 9962
"/Engine/EngineMaterials/Substrate/Glints2/dict_0007_0010" 9963
"/Engine/EngineMaterials/Substrate/Glints2/dict_0007_0009" 9964
"/Engine/EngineMaterials/Substrate/Glints2/dict_0007_0008" 9965
"/Engine/EngineMaterials/Substrate/Glints2/dict_0007_0007" 9966
"/Engine/EngineMaterials/Substrate/Glints2/dict_0007_0006" 9967
"/Engine/EngineMaterials/Substrate/Glints2/dict_0007_0005" 9968
"/Engine/EngineMaterials/Substrate/Glints2/dict_0007_0004" 9969
"/Engine/EngineMaterials/Substrate/Glints2/dict_0007_0003" 9970
"/Engine/EngineMaterials/Substrate/Glints2/dict_0007_0002" 9971
"/Engine/EngineMaterials/Substrate/Glints2/dict_0007_0001" 9972
"/Engine/EngineMaterials/Substrate/Glints2/dict_0007_0000" 9973
"/Engine/EngineMaterials/Substrate/Glints2/dict_0006_0255" 9974
"/Engine/EngineMaterials/Substrate/Glints2/dict_0007_0017" 9975
"/Engine/EngineMaterials/Substrate/Glints2/dict_0007_0016" 9976
"/Engine/EngineMaterials/Substrate/Glints2/dict_0007_0015" 9977
"../../../Engine/Content/EngineMaterials/Substrate/Glints2/dict_0007_0034.uasset" 9978
"../../../Engine/Content/EngineMaterials/Substrate/Glints2/dict_0007_0038.uasset" 9979
"../../../Engine/Content/EngineMaterials/Substrate/Glints2/dict_0007_0042.uasset" 9980
"../../../Engine/Content/EngineMaterials/Substrate/Glints2/dict_0007_0032.uasset" 9981
"../../../Engine/Content/EngineMaterials/Substrate/Glints2/dict_0007_0043.uasset" 9982
"/Engine/EngineMaterials/Substrate/Glints2/dict_0007_0030" 9983
"../../../Engine/Content/EngineMaterials/Substrate/Glints2/dict_0007_0033.uasset" 9984
"../../../Engine/Content/EngineMaterials/Substrate/Glints2/dict_0007_0041.uasset" 9985
"../../../Engine/Content/EngineMaterials/Substrate/Glints2/dict_0007_0044.uasset" 9986
"../../../Engine/Content/EngineMaterials/Substrate/Glints2/dict_0007_0040.uasset" 9987
"../../../Engine/Content/EngineMaterials/Substrate/Glints2/dict_0007_0035.uasset" 9988
"../../../Engine/Content/EngineMaterials/Substrate/Glints2/dict_0007_0049.uasset" 9989
"../../../Engine/Content/EngineMaterials/Substrate/Glints2/dict_0007_0046.uasset" 9990
"../../../Engine/Content/EngineMaterials/Substrate/Glints2/dict_0007_0037.uasset" 9991
"../../../Engine/Content/EngineMaterials/Substrate/Glints2/dict_0007_0031.uasset" 9992
"../../../Engine/Content/EngineMaterials/Substrate/Glints2/dict_0007_0047.uasset" 9993
"../../../Engine/Content/EngineMaterials/Substrate/Glints2/dict_0007_0039.uasset" 9994
"../../../Engine/Content/EngineMaterials/Substrate/Glints2/dict_0007_0036.uasset" 9995
"../../../Engine/Content/EngineMaterials/Substrate/Glints2/dict_0007_0045.uasset" 9996
"../../../Engine/Content/EngineMaterials/Substrate/Glints2/dict_0007_0048.uasset" 9997
"/Engine/EngineMaterials/Substrate/Glints2/dict_0007_0029" 9998
"/Engine/EngineMaterials/Substrate/Glints2/dict_0007_0028" 9999
"/Engine/EngineMaterials/Substrate/Glints2/dict_0007_0027" 10000
"/Engine/EngineMaterials/Substrate/Glints2/dict_0007_0026" 10001
"/Engine/EngineMaterials/Substrate/Glints2/dict_0007_0025" 10002
"/Engine/EngineMaterials/Substrate/Glints2/dict_0007_0024" 10003
"/Engine/EngineMaterials/Substrate/Glints2/dict_0007_0023" 10004
"/Engine/EngineMaterials/Substrate/Glints2/dict_0007_0022" 10005
"/Engine/EngineMaterials/Substrate/Glints2/dict_0007_0021" 10006
"/Engine/EngineMaterials/Substrate/Glints2/dict_0007_0020" 10007
"/Engine/EngineMaterials/Substrate/Glints2/dict_0007_0019" 10008
"/Engine/EngineMaterials/Substrate/Glints2/dict_0007_0018" 10009
"../../../Engine/Content/EngineMaterials/Substrate/Glints2/dict_0007_0051.uasset" 10010
"../../../Engine/Content/EngineMaterials/Substrate/Glints2/dict_0007_0053.uasset" 10011
"../../../Engine/Content/EngineMaterials/Substrate/Glints2/dict_0007_0050.uasset" 10012
"../../../Engine/Content/EngineMaterials/Substrate/Glints2/dict_0007_0056.uasset" 10013
"../../../Engine/Content/EngineMaterials/Substrate/Glints2/dict_0007_0055.uasset" 10014
"../../../Engine/Content/EngineMaterials/Substrate/Glints2/dict_0007_0060.uasset" 10015
"../../../Engine/Content/EngineMaterials/Substrate/Glints2/dict_0007_0062.uasset" 10016
"/Engine/EngineMaterials/Substrate/Glints2/dict_0007_0049" 10017
"../../../Engine/Content/EngineMaterials/Substrate/Glints2/dict_0007_0052.uasset" 10018
"../../../Engine/Content/EngineMaterials/Substrate/Glints2/dict_0007_0059.uasset" 10019
"../../../Engine/Content/EngineMaterials/Substrate/Glints2/dict_0007_0058.uasset" 10020
"../../../Engine/Content/EngineMaterials/Substrate/Glints2/dict_0007_0057.uasset" 10021
"../../../Engine/Content/EngineMaterials/Substrate/Glints2/dict_0007_0061.uasset" 10022
"../../../Engine/Content/EngineMaterials/Substrate/Glints2/dict_0007_0054.uasset" 10023
"/Engine/EngineMaterials/Substrate/Glints2/dict_0007_0048" 10024
"/Engine/EngineMaterials/Substrate/Glints2/dict_0007_0047" 10025
"/Engine/EngineMaterials/Substrate/Glints2/dict_0007_0046" 10026
"/Engine/EngineMaterials/Substrate/Glints2/dict_0007_0045" 10027
"/Engine/EngineMaterials/Substrate/Glints2/dict_0007_0044" 10028
"/Engine/EngineMaterials/Substrate/Glints2/dict_0007_0043" 10029
"/Engine/EngineMaterials/Substrate/Glints2/dict_0007_0042" 10030
"/Engine/EngineMaterials/Substrate/Glints2/dict_0007_0041" 10031
"/Engine/EngineMaterials/Substrate/Glints2/dict_0007_0040" 10032
"/Engine/EngineMaterials/Substrate/Glints2/dict_0007_0039" 10033
"/Engine/EngineMaterials/Substrate/Glints2/dict_0007_0038" 10034
"/Engine/EngineMaterials/Substrate/Glints2/dict_0007_0037" 10035
"/Engine/EngineMaterials/Substrate/Glints2/dict_0007_0036" 10036
"/Engine/EngineMaterials/Substrate/Glints2/dict_0007_0035" 10037
"/Engine/EngineMaterials/Substrate/Glints2/dict_0007_0051" 10038
"/Engine/EngineMaterials/Substrate/Glints2/dict_0007_0034" 10039
"/Engine/EngineMaterials/Substrate/Glints2/dict_0007_0033" 10040
"/Engine/EngineMaterials/Substrate/Glints2/dict_0007_0032" 10041
"/Engine/EngineMaterials/Substrate/Glints2/dict_0007_0031" 10042
"../../../Engine/Content/EngineMaterials/Substrate/Glints2/dict_0007_0063.uasset" 10043
"../../../Engine/Content/EngineMaterials/Substrate/Glints2/dict_0007_0066.uasset" 10044
"../../../Engine/Content/EngineMaterials/Substrate/Glints2/dict_0007_0065.uasset" 10045
"../../../Engine/Content/EngineMaterials/Substrate/Glints2/dict_0007_0068.uasset" 10046
"../../../Engine/Content/EngineMaterials/Substrate/Glints2/dict_0007_0069.uasset" 10047
"../../../Engine/Content/EngineMaterials/Substrate/Glints2/dict_0007_0071.uasset" 10048
"../../../Engine/Content/EngineMaterials/Substrate/Glints2/dict_0007_0077.uasset" 10049
"../../../Engine/Content/EngineMaterials/Substrate/Glints2/dict_0007_0074.uasset" 10050
"../../../Engine/Content/EngineMaterials/Substrate/Glints2/dict_0007_0081.uasset" 10051
"../../../Engine/Content/EngineMaterials/Substrate/Glints2/dict_0007_0073.uasset" 10052
"../../../Engine/Content/EngineMaterials/Substrate/Glints2/dict_0007_0075.uasset" 10053
"/Engine/EngineMaterials/Substrate/Glints2/dict_0007_0062" 10054
"../../../Engine/Content/EngineMaterials/Substrate/Glints2/dict_0007_0082.uasset" 10055
"../../../Engine/Content/EngineMaterials/Substrate/Glints2/dict_0007_0072.uasset" 10056
"../../../Engine/Content/EngineMaterials/Substrate/Glints2/dict_0007_0079.uasset" 10057
"../../../Engine/Content/EngineMaterials/Substrate/Glints2/dict_0007_0070.uasset" 10058
"../../../Engine/Content/EngineMaterials/Substrate/Glints2/dict_0007_0064.uasset" 10059
"../../../Engine/Content/EngineMaterials/Substrate/Glints2/dict_0007_0078.uasset" 10060
"../../../Engine/Content/EngineMaterials/Substrate/Glints2/dict_0007_0076.uasset" 10061
"../../../Engine/Content/EngineMaterials/Substrate/Glints2/dict_0007_0067.uasset" 10062
"/Engine/EngineMaterials/Substrate/Glints2/dict_0007_0061" 10063
"/Engine/EngineMaterials/Substrate/Glints2/dict_0007_0060" 10064
"/Engine/EngineMaterials/Substrate/Glints2/dict_0007_0059" 10065
"../../../Engine/Content/EngineMaterials/Substrate/Glints2/dict_0007_0080.uasset" 10066
"/Engine/EngineMaterials/Substrate/Glints2/dict_0007_0058" 10067
"/Engine/EngineMaterials/Substrate/Glints2/dict_0007_0057" 10068
"/Engine/EngineMaterials/Substrate/Glints2/dict_0007_0056" 10069
"/Engine/EngineMaterials/Substrate/Glints2/dict_0007_0055" 10070
"/Engine/EngineMaterials/Substrate/Glints2/dict_0007_0054" 10071
"/Engine/EngineMaterials/Substrate/Glints2/dict_0007_0053" 10072
"/Engine/EngineMaterials/Substrate/Glints2/dict_0007_0052" 10073
"/Engine/EngineMaterials/Substrate/Glints2/dict_0007_0066" 10074
"/Engine/EngineMaterials/Substrate/Glints2/dict_0007_0050" 10075
"/Engine/EngineMaterials/Substrate/Glints2/dict_0007_0065" 10076
"/Engine/EngineMaterials/Substrate/Glints2/dict_0007_0063" 10077
"../../../Engine/Content/EngineMaterials/Substrate/Glints2/dict_0007_0083.uasset" 10078
"../../../Engine/Content/EngineMaterials/Substrate/Glints2/dict_0007_0084.uasset" 10079
"../../../Engine/Content/EngineMaterials/Substrate/Glints2/dict_0007_0085.uasset" 10080
"../../../Engine/Content/EngineMaterials/Substrate/Glints2/dict_0007_0086.uasset" 10081
"../../../Engine/Content/EngineMaterials/Substrate/Glints2/dict_0007_0088.uasset" 10082
"../../../Engine/Content/EngineMaterials/Substrate/Glints2/dict_0007_0087.uasset" 10083
"../../../Engine/Content/EngineMaterials/Substrate/Glints2/dict_0007_0094.uasset" 10084
"../../../Engine/Content/EngineMaterials/Substrate/Glints2/dict_0007_0097.uasset" 10085
"../../../Engine/Content/EngineMaterials/Substrate/Glints2/dict_0007_0095.uasset" 10086
"/Engine/EngineMaterials/Substrate/Glints2/dict_0007_0082" 10087
"../../../Engine/Content/EngineMaterials/Substrate/Glints2/dict_0007_0092.uasset" 10088
"../../../Engine/Content/EngineMaterials/Substrate/Glints2/dict_0007_0089.uasset" 10089
"../../../Engine/Content/EngineMaterials/Substrate/Glints2/dict_0007_0093.uasset" 10090
"../../../Engine/Content/EngineMaterials/Substrate/Glints2/dict_0007_0091.uasset" 10091
"../../../Engine/Content/EngineMaterials/Substrate/Glints2/dict_0007_0090.uasset" 10092
"../../../Engine/Content/EngineMaterials/Substrate/Glints2/dict_0007_0096.uasset" 10093
"/Engine/EngineMaterials/Substrate/Glints2/dict_0007_0081" 10094
"/Engine/EngineMaterials/Substrate/Glints2/dict_0007_0080" 10095
"/Engine/EngineMaterials/Substrate/Glints2/dict_0007_0079" 10096
"/Engine/EngineMaterials/Substrate/Glints2/dict_0007_0078" 10097
"/Engine/EngineMaterials/Substrate/Glints2/dict_0007_0077" 10098
"/Engine/EngineMaterials/Substrate/Glints2/dict_0007_0076" 10099
"/Engine/EngineMaterials/Substrate/Glints2/dict_0007_0075" 10100
"/Engine/EngineMaterials/Substrate/Glints2/dict_0007_0074" 10101
"/Engine/EngineMaterials/Substrate/Glints2/dict_0007_0073" 10102
"/Engine/EngineMaterials/Substrate/Glints2/dict_0007_0072" 10103
"/Engine/EngineMaterials/Substrate/Glints2/dict_0007_0071" 10104
"/Engine/EngineMaterials/Substrate/Glints2/dict_0007_0070" 10105
"/Engine/EngineMaterials/Substrate/Glints2/dict_0007_0088" 10106
"/Engine/EngineMaterials/Substrate/Glints2/dict_0007_0069" 10107
"/Engine/EngineMaterials/Substrate/Glints2/dict_0007_0068" 10108
"/Engine/EngineMaterials/Substrate/Glints2/dict_0007_0067" 10109
"/Engine/EngineMaterials/Substrate/Glints2/dict_0007_0086" 10110
"/Engine/EngineMaterials/Substrate/Glints2/dict_0007_0085" 10111
"/Engine/EngineMaterials/Substrate/Glints2/dict_0007_0084" 10112
"/Engine/EngineMaterials/Substrate/Glints2/dict_0007_0064" 10113
"/Engine/EngineMaterials/Substrate/Glints2/dict_0007_0083" 10114
"../../../Engine/Content/EngineMaterials/Substrate/Glints2/dict_0007_0098.uasset" 10115
"../../../Engine/Content/EngineMaterials/Substrate/Glints2/dict_0007_0099.uasset" 10116
"../../../Engine/Content/EngineMaterials/Substrate/Glints2/dict_0007_0101.uasset" 10117
"../../../Engine/Content/EngineMaterials/Substrate/Glints2/dict_0007_0102.uasset" 10118
"../../../Engine/Content/EngineMaterials/Substrate/Glints2/dict_0007_0104.uasset" 10119
"../../../Engine/Content/EngineMaterials/Substrate/Glints2/dict_0007_0108.uasset" 10120
"../../../Engine/Content/EngineMaterials/Substrate/Glints2/dict_0007_0105.uasset" 10121
"../../../Engine/Content/EngineMaterials/Substrate/Glints2/dict_0007_0114.uasset" 10122
"../../../Engine/Content/EngineMaterials/Substrate/Glints2/dict_0007_0113.uasset" 10123
"../../../Engine/Content/EngineMaterials/Substrate/Glints2/dict_0007_0100.uasset" 10124
"../../../Engine/Content/EngineMaterials/Substrate/Glints2/dict_0007_0115.uasset" 10125
"../../../Engine/Content/EngineMaterials/Substrate/Glints2/dict_0007_0116.uasset" 10126
"../../../Engine/Content/EngineMaterials/Substrate/Glints2/dict_0007_0118.uasset" 10127
"../../../Engine/Content/EngineMaterials/Substrate/Glints2/dict_0007_0117.uasset" 10128
"../../../Engine/Content/EngineMaterials/Substrate/Glints2/dict_0007_0119.uasset" 10129
"../../../Engine/Content/EngineMaterials/Substrate/Glints2/dict_0007_0112.uasset" 10130
"/Engine/EngineMaterials/Substrate/Glints2/dict_0007_0097" 10131
"../../../Engine/Content/EngineMaterials/Substrate/Glints2/dict_0007_0109.uasset" 10132
"../../../Engine/Content/EngineMaterials/Substrate/Glints2/dict_0007_0110.uasset" 10133
"/Engine/EngineMaterials/Substrate/Glints2/dict_0007_0096" 10134
"/Engine/EngineMaterials/Substrate/Glints2/dict_0007_0095" 10135
"../../../Engine/Content/EngineMaterials/Substrate/Glints2/dict_0007_0111.uasset" 10136
"/Engine/EngineMaterials/Substrate/Glints2/dict_0007_0094" 10137
"../../../Engine/Content/EngineMaterials/Substrate/Glints2/dict_0007_0103.uasset" 10138
"../../../Engine/Content/EngineMaterials/Substrate/Glints2/dict_0007_0106.uasset" 10139
"../../../Engine/Content/EngineMaterials/Substrate/Glints2/dict_0007_0107.uasset" 10140
"/Engine/EngineMaterials/Substrate/Glints2/dict_0007_0093" 10141
"/Engine/EngineMaterials/Substrate/Glints2/dict_0007_0092" 10142
"/Engine/EngineMaterials/Substrate/Glints2/dict_0007_0091" 10143
"/Engine/EngineMaterials/Substrate/Glints2/dict_0007_0108" 10144
"/Engine/EngineMaterials/Substrate/Glints2/dict_0007_0090" 10145
"/Engine/EngineMaterials/Substrate/Glints2/dict_0007_0089" 10146
"/Engine/EngineMaterials/Substrate/Glints2/dict_0007_0087" 10147
"/Engine/EngineMaterials/Substrate/Glints2/dict_0007_0105" 10148
"/Engine/EngineMaterials/Substrate/Glints2/dict_0007_0104" 10149
"/Engine/EngineMaterials/Substrate/Glints2/dict_0007_0102" 10150
"/Engine/EngineMaterials/Substrate/Glints2/dict_0007_0101" 10151
"/Engine/EngineMaterials/Substrate/Glints2/dict_0007_0100" 10152
"/Engine/EngineMaterials/Substrate/Glints2/dict_0007_0099" 10153
"/Engine/EngineMaterials/Substrate/Glints2/dict_0007_0098" 10154
"../../../Engine/Content/EngineMaterials/Substrate/Glints2/dict_0007_0120.uasset" 10155
"../../../Engine/Content/EngineMaterials/Substrate/Glints2/dict_0007_0126.uasset" 10156
"../../../Engine/Content/EngineMaterials/Substrate/Glints2/dict_0007_0129.uasset" 10157
"../../../Engine/Content/EngineMaterials/Substrate/Glints2/dict_0007_0121.uasset" 10158
"../../../Engine/Content/EngineMaterials/Substrate/Glints2/dict_0007_0123.uasset" 10159
"../../../Engine/Content/EngineMaterials/Substrate/Glints2/dict_0007_0133.uasset" 10160
"../../../Engine/Content/EngineMaterials/Substrate/Glints2/dict_0007_0134.uasset" 10161
"../../../Engine/Content/EngineMaterials/Substrate/Glints2/dict_0007_0132.uasset" 10162
"../../../Engine/Content/EngineMaterials/Substrate/Glints2/dict_0007_0135.uasset" 10163
"../../../Engine/Content/EngineMaterials/Substrate/Glints2/dict_0007_0136.uasset" 10164
"../../../Engine/Content/EngineMaterials/Substrate/Glints2/dict_0007_0130.uasset" 10165
"../../../Engine/Content/EngineMaterials/Substrate/Glints2/dict_0007_0137.uasset" 10166
"../../../Engine/Content/EngineMaterials/Substrate/Glints2/dict_0007_0127.uasset" 10167
"/Engine/EngineMaterials/Substrate/Glints2/dict_0007_0119" 10168
"../../../Engine/Content/EngineMaterials/Substrate/Glints2/dict_0007_0131.uasset" 10169
"/Engine/EngineMaterials/Substrate/Glints2/dict_0007_0118" 10170
"/Engine/EngineMaterials/Substrate/Glints2/dict_0007_0117" 10171
"../../../Engine/Content/EngineMaterials/Substrate/Glints2/dict_0007_0125.uasset" 10172
"../../../Engine/Content/EngineMaterials/Substrate/Glints2/dict_0007_0122.uasset" 10173
"../../../Engine/Content/EngineMaterials/Substrate/Glints2/dict_0007_0124.uasset" 10174
"../../../Engine/Content/EngineMaterials/Substrate/Glints2/dict_0007_0128.uasset" 10175
"/Engine/EngineMaterials/Substrate/Glints2/dict_0007_0116" 10176
"/Engine/EngineMaterials/Substrate/Glints2/dict_0007_0115" 10177
"/Engine/EngineMaterials/Substrate/Glints2/dict_0007_0114" 10178
"/Engine/EngineMaterials/Substrate/Glints2/dict_0007_0113" 10179
"/Engine/EngineMaterials/Substrate/Glints2/dict_0007_0112" 10180
"/Engine/EngineMaterials/Substrate/Glints2/dict_0007_0111" 10181
"/Engine/EngineMaterials/Substrate/Glints2/dict_0007_0110" 10182
"/Engine/EngineMaterials/Substrate/Glints2/dict_0007_0109" 10183
"/Engine/EngineMaterials/Substrate/Glints2/dict_0007_0107" 10184
"/Engine/EngineMaterials/Substrate/Glints2/dict_0007_0106" 10185
"/Engine/EngineMaterials/Substrate/Glints2/dict_0007_0126" 10186
"/Engine/EngineMaterials/Substrate/Glints2/dict_0007_0103" 10187
"/Engine/EngineMaterials/Substrate/Glints2/dict_0007_0120" 10188
"../../../Engine/Content/EngineMaterials/Substrate/Glints2/dict_0007_0138.uasset" 10189
"../../../Engine/Content/EngineMaterials/Substrate/Glints2/dict_0007_0145.uasset" 10190
"../../../Engine/Content/EngineMaterials/Substrate/Glints2/dict_0007_0147.uasset" 10191
"/Engine/EngineMaterials/Substrate/Glints2/dict_0007_0137" 10192
"../../../Engine/Content/EngineMaterials/Substrate/Glints2/dict_0007_0149.uasset" 10193
"../../../Engine/Content/EngineMaterials/Substrate/Glints2/dict_0007_0143.uasset" 10194
"../../../Engine/Content/EngineMaterials/Substrate/Glints2/dict_0007_0140.uasset" 10195
"../../../Engine/Content/EngineMaterials/Substrate/Glints2/dict_0007_0148.uasset" 10196
"../../../Engine/Content/EngineMaterials/Substrate/Glints2/dict_0007_0146.uasset" 10197
"../../../Engine/Content/EngineMaterials/Substrate/Glints2/dict_0007_0153.uasset" 10198
"../../../Engine/Content/EngineMaterials/Substrate/Glints2/dict_0007_0152.uasset" 10199
"../../../Engine/Content/EngineMaterials/Substrate/Glints2/dict_0007_0151.uasset" 10200
"../../../Engine/Content/EngineMaterials/Substrate/Glints2/dict_0007_0150.uasset" 10201
"../../../Engine/Content/EngineMaterials/Substrate/Glints2/dict_0007_0144.uasset" 10202
"../../../Engine/Content/EngineMaterials/Substrate/Glints2/dict_0007_0142.uasset" 10203
"../../../Engine/Content/EngineMaterials/Substrate/Glints2/dict_0007_0141.uasset" 10204
"/Engine/EngineMaterials/Substrate/Glints2/dict_0007_0136" 10205
"/Engine/EngineMaterials/Substrate/Glints2/dict_0007_0135" 10206
"../../../Engine/Content/EngineMaterials/Substrate/Glints2/dict_0007_0139.uasset" 10207
"/Engine/EngineMaterials/Substrate/Glints2/dict_0007_0134" 10208
"/Engine/EngineMaterials/Substrate/Glints2/dict_0007_0133" 10209
"/Engine/EngineMaterials/Substrate/Glints2/dict_0007_0132" 10210
"/Engine/EngineMaterials/Substrate/Glints2/dict_0007_0131" 10211
"/Engine/EngineMaterials/Substrate/Glints2/dict_0007_0130" 10212
"/Engine/EngineMaterials/Substrate/Glints2/dict_0007_0129" 10213
"/Engine/EngineMaterials/Substrate/Glints2/dict_0007_0128" 10214
"/Engine/EngineMaterials/Substrate/Glints2/dict_0007_0127" 10215
"/Engine/EngineMaterials/Substrate/Glints2/dict_0007_0125" 10216
"/Engine/EngineMaterials/Substrate/Glints2/dict_0007_0124" 10217
"/Engine/EngineMaterials/Substrate/Glints2/dict_0007_0123" 10218
"/Engine/EngineMaterials/Substrate/Glints2/dict_0007_0122" 10219
"/Engine/EngineMaterials/Substrate/Glints2/dict_0007_0121" 10220
"/Engine/EngineMaterials/Substrate/Glints2/dict_0007_0138" 10221
"../../../Engine/Content/EngineMaterials/Substrate/Glints2/dict_0007_0157.uasset" 10222
"../../../Engine/Content/EngineMaterials/Substrate/Glints2/dict_0007_0154.uasset" 10223
"../../../Engine/Content/EngineMaterials/Substrate/Glints2/dict_0007_0161.uasset" 10224
"../../../Engine/Content/EngineMaterials/Substrate/Glints2/dict_0007_0163.uasset" 10225
"../../../Engine/Content/EngineMaterials/Substrate/Glints2/dict_0007_0158.uasset" 10226
"../../../Engine/Content/EngineMaterials/Substrate/Glints2/dict_0007_0166.uasset" 10227
"../../../Engine/Content/EngineMaterials/Substrate/Glints2/dict_0007_0167.uasset" 10228
"../../../Engine/Content/EngineMaterials/Substrate/Glints2/dict_0007_0168.uasset" 10229
"../../../Engine/Content/EngineMaterials/Substrate/Glints2/dict_0007_0165.uasset" 10230
"../../../Engine/Content/EngineMaterials/Substrate/Glints2/dict_0007_0160.uasset" 10231
"../../../Engine/Content/EngineMaterials/Substrate/Glints2/dict_0007_0162.uasset" 10232
"../../../Engine/Content/EngineMaterials/Substrate/Glints2/dict_0007_0159.uasset" 10233
"../../../Engine/Content/EngineMaterials/Substrate/Glints2/dict_0007_0169.uasset" 10234
"/Engine/EngineMaterials/Substrate/Glints2/dict_0007_0153" 10235
"../../../Engine/Content/EngineMaterials/Substrate/Glints2/dict_0007_0155.uasset" 10236
"../../../Engine/Content/EngineMaterials/Substrate/Glints2/dict_0007_0170.uasset" 10237
"../../../Engine/Content/EngineMaterials/Substrate/Glints2/dict_0007_0164.uasset" 10238
"/Engine/EngineMaterials/Substrate/Glints2/dict_0007_0152" 10239
"../../../Engine/Content/EngineMaterials/Substrate/Glints2/dict_0007_0156.uasset" 10240
"/Engine/EngineMaterials/Substrate/Glints2/dict_0007_0151" 10241
"/Engine/EngineMaterials/Substrate/Glints2/dict_0007_0150" 10242
"/Engine/EngineMaterials/Substrate/Glints2/dict_0007_0149" 10243
"/Engine/EngineMaterials/Substrate/Glints2/dict_0007_0148" 10244
"/Engine/EngineMaterials/Substrate/Glints2/dict_0007_0147" 10245
"/Engine/EngineMaterials/Substrate/Glints2/dict_0007_0146" 10246
"/Engine/EngineMaterials/Substrate/Glints2/dict_0007_0145" 10247
"/Engine/EngineMaterials/Substrate/Glints2/dict_0007_0144" 10248
"/Engine/EngineMaterials/Substrate/Glints2/dict_0007_0143" 10249
"/Engine/EngineMaterials/Substrate/Glints2/dict_0007_0142" 10250
"/Engine/EngineMaterials/Substrate/Glints2/dict_0007_0141" 10251
"/Engine/EngineMaterials/Substrate/Glints2/dict_0007_0140" 10252
"/Engine/EngineMaterials/Substrate/Glints2/dict_0007_0139" 10253
"/Engine/EngineMaterials/Substrate/Glints2/dict_0007_0157" 10254
"/Engine/EngineMaterials/Substrate/Glints2/dict_0007_0154" 10255
"../../../Engine/Content/EngineMaterials/Substrate/Glints2/dict_0007_0172.uasset" 10256
"../../../Engine/Content/EngineMaterials/Substrate/Glints2/dict_0007_0173.uasset" 10257
"../../../Engine/Content/EngineMaterials/Substrate/Glints2/dict_0007_0176.uasset" 10258
"../../../Engine/Content/EngineMaterials/Substrate/Glints2/dict_0007_0175.uasset" 10259
"../../../Engine/Content/EngineMaterials/Substrate/Glints2/dict_0007_0179.uasset" 10260
"../../../Engine/Content/EngineMaterials/Substrate/Glints2/dict_0007_0174.uasset" 10261
"../../../Engine/Content/EngineMaterials/Substrate/Glints2/dict_0007_0178.uasset" 10262
"../../../Engine/Content/EngineMaterials/Substrate/Glints2/dict_0007_0182.uasset" 10263
"/Engine/EngineMaterials/Substrate/Glints2/dict_0007_0170" 10264
"../../../Engine/Content/EngineMaterials/Substrate/Glints2/dict_0007_0183.uasset" 10265
"../../../Engine/Content/EngineMaterials/Substrate/Glints2/dict_0007_0184.uasset" 10266
"../../../Engine/Content/EngineMaterials/Substrate/Glints2/dict_0007_0181.uasset" 10267
"../../../Engine/Content/EngineMaterials/Substrate/Glints2/dict_0007_0187.uasset" 10268
"../../../Engine/Content/EngineMaterials/Substrate/Glints2/dict_0007_0185.uasset" 10269
"../../../Engine/Content/EngineMaterials/Substrate/Glints2/dict_0007_0171.uasset" 10270
"../../../Engine/Content/EngineMaterials/Substrate/Glints2/dict_0007_0186.uasset" 10271
"/Engine/EngineMaterials/Substrate/Glints2/dict_0007_0169" 10272
"/Engine/EngineMaterials/Substrate/Glints2/dict_0007_0168" 10273
"/Engine/EngineMaterials/Substrate/Glints2/dict_0007_0167" 10274
"../../../Engine/Content/EngineMaterials/Substrate/Glints2/dict_0007_0177.uasset" 10275
"../../../Engine/Content/EngineMaterials/Substrate/Glints2/dict_0007_0180.uasset" 10276
"/Engine/EngineMaterials/Substrate/Glints2/dict_0007_0166" 10277
"/Engine/EngineMaterials/Substrate/Glints2/dict_0007_0165" 10278
"/Engine/EngineMaterials/Substrate/Glints2/dict_0007_0164" 10279
"/Engine/EngineMaterials/Substrate/Glints2/dict_0007_0163" 10280
"/Engine/EngineMaterials/Substrate/Glints2/dict_0007_0162" 10281
"/Engine/EngineMaterials/Substrate/Glints2/dict_0007_0161" 10282
"/Engine/EngineMaterials/Substrate/Glints2/dict_0007_0176" 10283
"/Engine/EngineMaterials/Substrate/Glints2/dict_0007_0160" 10284
"/Engine/EngineMaterials/Substrate/Glints2/dict_0007_0159" 10285
"/Engine/EngineMaterials/Substrate/Glints2/dict_0007_0158" 10286
"/Engine/EngineMaterials/Substrate/Glints2/dict_0007_0172" 10287
"/Engine/EngineMaterials/Substrate/Glints2/dict_0007_0156" 10288
"/Engine/EngineMaterials/Substrate/Glints2/dict_0007_0155" 10289
"../../../Engine/Content/EngineMaterials/Substrate/Glints2/dict_0007_0188.uasset" 10290
"../../../Engine/Content/EngineMaterials/Substrate/Glints2/dict_0007_0190.uasset" 10291
"../../../Engine/Content/EngineMaterials/Substrate/Glints2/dict_0007_0191.uasset" 10292
"../../../Engine/Content/EngineMaterials/Substrate/Glints2/dict_0007_0192.uasset" 10293
"../../../Engine/Content/EngineMaterials/Substrate/Glints2/dict_0007_0194.uasset" 10294
"../../../Engine/Content/EngineMaterials/Substrate/Glints2/dict_0007_0201.uasset" 10295
"../../../Engine/Content/EngineMaterials/Substrate/Glints2/dict_0007_0202.uasset" 10296
"../../../Engine/Content/EngineMaterials/Substrate/Glints2/dict_0007_0203.uasset" 10297
"../../../Engine/Content/EngineMaterials/Substrate/Glints2/dict_0007_0204.uasset" 10298
"../../../Engine/Content/EngineMaterials/Substrate/Glints2/dict_0007_0189.uasset" 10299
"/Engine/EngineMaterials/Substrate/Glints2/dict_0007_0187" 10300
"../../../Engine/Content/EngineMaterials/Substrate/Glints2/dict_0007_0193.uasset" 10301
"../../../Engine/Content/EngineMaterials/Substrate/Glints2/dict_0007_0199.uasset" 10302
"../../../Engine/Content/EngineMaterials/Substrate/Glints2/dict_0007_0200.uasset" 10303
"../../../Engine/Content/EngineMaterials/Substrate/Glints2/dict_0007_0196.uasset" 10304
"../../../Engine/Content/EngineMaterials/Substrate/Glints2/dict_0007_0197.uasset" 10305
"../../../Engine/Content/EngineMaterials/Substrate/Glints2/dict_0007_0198.uasset" 10306
"/Engine/EngineMaterials/Substrate/Glints2/dict_0007_0186" 10307
"../../../Engine/Content/EngineMaterials/Substrate/Glints2/dict_0007_0195.uasset" 10308
"/Engine/EngineMaterials/Substrate/Glints2/dict_0007_0185" 10309
"/Engine/EngineMaterials/Substrate/Glints2/dict_0007_0184" 10310
"/Engine/EngineMaterials/Substrate/Glints2/dict_0007_0183" 10311
"/Engine/EngineMaterials/Substrate/Glints2/dict_0007_0182" 10312
"/Engine/EngineMaterials/Substrate/Glints2/dict_0007_0181" 10313
"/Engine/EngineMaterials/Substrate/Glints2/dict_0007_0180" 10314
"/Engine/EngineMaterials/Substrate/Glints2/dict_0007_0179" 10315
"/Engine/EngineMaterials/Substrate/Glints2/dict_0007_0178" 10316
"/Engine/EngineMaterials/Substrate/Glints2/dict_0007_0177" 10317
"/Engine/EngineMaterials/Substrate/Glints2/dict_0007_0175" 10318
"/Engine/EngineMaterials/Substrate/Glints2/dict_0007_0174" 10319
"/Engine/EngineMaterials/Substrate/Glints2/dict_0007_0173" 10320
"/Engine/EngineMaterials/Substrate/Glints2/dict_0007_0191" 10321
"/Engine/EngineMaterials/Substrate/Glints2/dict_0007_0190" 10322
"/Engine/EngineMaterials/Substrate/Glints2/dict_0007_0188" 10323
"/Engine/EngineMaterials/Substrate/Glints2/dict_0007_0171" 10324
"../../../Engine/Content/EngineMaterials/Substrate/Glints2/dict_0007_0205.uasset" 10325
"../../../Engine/Content/EngineMaterials/Substrate/Glints2/dict_0007_0207.uasset" 10326
"../../../Engine/Content/EngineMaterials/Substrate/Glints2/dict_0007_0206.uasset" 10327
"../../../Engine/Content/EngineMaterials/Substrate/Glints2/dict_0007_0213.uasset" 10328
"../../../Engine/Content/EngineMaterials/Substrate/Glints2/dict_0007_0216.uasset" 10329
"../../../Engine/Content/EngineMaterials/Substrate/Glints2/dict_0007_0215.uasset" 10330
"../../../Engine/Content/EngineMaterials/Substrate/Glints2/dict_0007_0220.uasset" 10331
"/Engine/EngineMaterials/Substrate/Glints2/dict_0007_0204" 10332
"../../../Engine/Content/EngineMaterials/Substrate/Glints2/dict_0007_0221.uasset" 10333
"../../../Engine/Content/EngineMaterials/Substrate/Glints2/dict_0007_0217.uasset" 10334
"../../../Engine/Content/EngineMaterials/Substrate/Glints2/dict_0007_0210.uasset" 10335
"../../../Engine/Content/EngineMaterials/Substrate/Glints2/dict_0007_0208.uasset" 10336
"../../../Engine/Content/EngineMaterials/Substrate/Glints2/dict_0007_0222.uasset" 10337
"../../../Engine/Content/EngineMaterials/Substrate/Glints2/dict_0007_0214.uasset" 10338
"../../../Engine/Content/EngineMaterials/Substrate/Glints2/dict_0007_0211.uasset" 10339
"../../../Engine/Content/EngineMaterials/Substrate/Glints2/dict_0007_0212.uasset" 10340
"/Engine/EngineMaterials/Substrate/Glints2/dict_0007_0203" 10341
"../../../Engine/Content/EngineMaterials/Substrate/Glints2/dict_0007_0209.uasset" 10342
"/Engine/EngineMaterials/Substrate/Glints2/dict_0007_0202" 10343
"/Engine/EngineMaterials/Substrate/Glints2/dict_0007_0201" 10344
"/Engine/EngineMaterials/Substrate/Glints2/dict_0007_0200" 10345
"../../../Engine/Content/EngineMaterials/Substrate/Glints2/dict_0007_0218.uasset" 10346
"../../../Engine/Content/EngineMaterials/Substrate/Glints2/dict_0007_0219.uasset" 10347
"/Engine/EngineMaterials/Substrate/Glints2/dict_0007_0199" 10348
"/Engine/EngineMaterials/Substrate/Glints2/dict_0007_0198" 10349
"/Engine/EngineMaterials/Substrate/Glints2/dict_0007_0197" 10350
"/Engine/EngineMaterials/Substrate/Glints2/dict_0007_0196" 10351
"/Engine/EngineMaterials/Substrate/Glints2/dict_0007_0195" 10352
"/Engine/EngineMaterials/Substrate/Glints2/dict_0007_0194" 10353
"/Engine/EngineMaterials/Substrate/Glints2/dict_0007_0193" 10354
"/Engine/EngineMaterials/Substrate/Glints2/dict_0007_0192" 10355
"/Engine/EngineMaterials/Substrate/Glints2/dict_0007_0207" 10356
"/Engine/EngineMaterials/Substrate/Glints2/dict_0007_0189" 10357
"/Engine/EngineMaterials/Substrate/Glints2/dict_0007_0206" 10358
"/Engine/EngineMaterials/Substrate/Glints2/dict_0007_0205" 10359
"../../../Engine/Content/EngineMaterials/Substrate/Glints2/dict_0007_0223.uasset" 10360
"../../../Engine/Content/EngineMaterials/Substrate/Glints2/dict_0007_0224.uasset" 10361
"../../../Engine/Content/EngineMaterials/Substrate/Glints2/dict_0007_0232.uasset" 10362
"../../../Engine/Content/EngineMaterials/Substrate/Glints2/dict_0007_0229.uasset" 10363
"../../../Engine/Content/EngineMaterials/Substrate/Glints2/dict_0007_0228.uasset" 10364
"../../../Engine/Content/EngineMaterials/Substrate/Glints2/dict_0007_0233.uasset" 10365
"../../../Engine/Content/EngineMaterials/Substrate/Glints2/dict_0007_0235.uasset" 10366
"../../../Engine/Content/EngineMaterials/Substrate/Glints2/dict_0007_0236.uasset" 10367
"../../../Engine/Content/EngineMaterials/Substrate/Glints2/dict_0007_0237.uasset" 10368
"../../../Engine/Content/EngineMaterials/Substrate/Glints2/dict_0007_0227.uasset" 10369
"../../../Engine/Content/EngineMaterials/Substrate/Glints2/dict_0007_0239.uasset" 10370
"../../../Engine/Content/EngineMaterials/Substrate/Glints2/dict_0007_0238.uasset" 10371
"../../../Engine/Content/EngineMaterials/Substrate/Glints2/dict_0007_0226.uasset" 10372
"../../../Engine/Content/EngineMaterials/Substrate/Glints2/dict_0007_0234.uasset" 10373
"/Engine/EngineMaterials/Substrate/Glints2/dict_0007_0222" 10374
"../../../Engine/Content/EngineMaterials/Substrate/Glints2/dict_0007_0225.uasset" 10375
"../../../Engine/Content/EngineMaterials/Substrate/Glints2/dict_0007_0230.uasset" 10376
"/Engine/EngineMaterials/Substrate/Glints2/dict_0007_0221" 10377
"/Engine/EngineMaterials/Substrate/Glints2/dict_0007_0220" 10378
"/Engine/EngineMaterials/Substrate/Glints2/dict_0007_0219" 10379
"../../../Engine/Content/EngineMaterials/Substrate/Glints2/dict_0007_0231.uasset" 10380
"/Engine/EngineMaterials/Substrate/Glints2/dict_0007_0218" 10381
"/Engine/EngineMaterials/Substrate/Glints2/dict_0007_0217" 10382
"/Engine/EngineMaterials/Substrate/Glints2/dict_0007_0216" 10383
"/Engine/EngineMaterials/Substrate/Glints2/dict_0007_0215" 10384
"/Engine/EngineMaterials/Substrate/Glints2/dict_0007_0214" 10385
"/Engine/EngineMaterials/Substrate/Glints2/dict_0007_0213" 10386
"/Engine/EngineMaterials/Substrate/Glints2/dict_0007_0212" 10387
"/Engine/EngineMaterials/Substrate/Glints2/dict_0007_0211" 10388
"/Engine/EngineMaterials/Substrate/Glints2/dict_0007_0210" 10389
"/Engine/EngineMaterials/Substrate/Glints2/dict_0007_0209" 10390
"/Engine/EngineMaterials/Substrate/Glints2/dict_0007_0208" 10391
"/Engine/EngineMaterials/Substrate/Glints2/dict_0007_0224" 10392
"/Engine/EngineMaterials/Substrate/Glints2/dict_0007_0223" 10393
"../../../Engine/Content/EngineMaterials/Substrate/Glints2/dict_0007_0240.uasset" 10394
"../../../Engine/Content/EngineMaterials/Substrate/Glints2/dict_0007_0243.uasset" 10395
"../../../Engine/Content/EngineMaterials/Substrate/Glints2/dict_0007_0241.uasset" 10396
"../../../Engine/Content/EngineMaterials/Substrate/Glints2/dict_0007_0251.uasset" 10397
"../../../Engine/Content/EngineMaterials/Substrate/Glints2/dict_0007_0247.uasset" 10398
"../../../Engine/Content/EngineMaterials/Substrate/Glints2/dict_0007_0253.uasset" 10399
"../../../Engine/Content/EngineMaterials/Substrate/Glints2/dict_0007_0246.uasset" 10400
"../../../Engine/Content/EngineMaterials/Substrate/Glints2/dict_0007_0248.uasset" 10401
"../../../Engine/Content/EngineMaterials/Substrate/Glints2/AGlintTex2dArray2.uasset" 10402
"../../../Engine/Content/EngineMaterials/Substrate/Glints2/dict_0007_0245.uasset" 10403
"../../../Engine/Content/EngineMaterials/Substrate/Glints2/dict_0007_0250.uasset" 10404
"/Engine/EngineMaterials/Substrate/Glints2/dict_0007_0239" 10405
"../../../Engine/Content/EngineMaterials/Substrate/Glints2/dict_0007_0254.uasset" 10406
"../../../Engine/Content/EngineMaterials/Substrate/Glints2/dict_0007_0252.uasset" 10407
"../../../Engine/Content/EngineMaterials/Substrate/Glints2/dict_0007_0255.uasset" 10408
"/Engine/EngineMaterials/Substrate/Glints2/dict_0007_0238" 10409
"/Engine/EngineMaterials/Substrate/Glints2/dict_0007_0237" 10410
"/Engine/EngineMaterials/Substrate/Glints2/dict_0007_0236" 10411
"../../../Engine/Content/EngineMaterials/Substrate/Glints2/dict_0007_0242.uasset" 10412
"../../../Engine/Content/EngineMaterials/Substrate/Glints2/dict_0007_0244.uasset" 10413
"../../../Engine/Content/EngineMaterials/Substrate/Glints2/dict_0007_0249.uasset" 10414
"/Engine/EngineMaterials/Substrate/Glints2/dict_0007_0235" 10415
"/Engine/EngineMaterials/Substrate/Glints2/dict_0007_0234" 10416
"/Engine/EngineMaterials/Substrate/Glints2/dict_0007_0233" 10417
"/Engine/EngineMaterials/Substrate/Glints2/dict_0007_0232" 10418
"/Engine/EngineMaterials/Substrate/Glints2/dict_0007_0231" 10419
"/Engine/EngineMaterials/Substrate/Glints2/dict_0007_0230" 10420
"/Engine/EngineMaterials/Substrate/Glints2/dict_0007_0229" 10421
"/Engine/EngineMaterials/Substrate/Glints2/dict_0007_0228" 10422
"/Engine/EngineMaterials/Substrate/Glints2/dict_0007_0227" 10423
"/Engine/EngineMaterials/Substrate/Glints2/dict_0007_0243" 10424
"/Engine/EngineMaterials/Substrate/Glints2/dict_0007_0226" 10425
"/Engine/EngineMaterials/Substrate/Glints2/dict_0007_0225" 10426
"/Engine/EngineMaterials/Substrate/Glints2/dict_0007_0241" 10427
"/Engine/EngineMaterials/Substrate/Glints2/dict_0007_0240" 10428
"../../../Engine/Content/EngineMaterials/Substrate/Volume/SubstrateSimpleVolumeLUT3D.uasset" 10429
"../../../Engine/Content/EngineMaterials/DefaultCalibrationGrayscale.uasset" 10430
"../../../Engine/Content/Functions/MaterialLayerFunctions/MatLayerBlend_OverrideOpacity.uasset" 10431
"../../../Engine/Content/Functions/Engine_MaterialFunctions02/Utility/BlendAngleCorrectedNormals.uasset" 10432
"../../../Engine/Content/EngineMaterials/Substrate/Volume/SubstrateSimpleVolumeLUT2D.uasset" 10433
"../../../Engine/Plugins/Interchange/Assets/Content/Functions/MX_Displacement.uasset" 10434
"../../../Engine/Plugins/NNE/NNEDenoiser/Content/NNEDIM_ColorAlbedoNormal_Default.uasset" 10435
"../../../Engine/Plugins/NNE/NNEDenoiser/Content/NNEDIM_HighQuality_Alpha.uasset" 10436
"../../../Engine/Content/EngineMaterials/Substrate/Volume/SubstrateSimpleVolumeEnvLUT2D.uasset" 10437
"../../../Engine/Content/EngineMaterials/PPM_DefaultCalibrationColor.uasset" 10438
"/Engine/EngineMaterials/Substrate/Glints2/AGlintTex2dArray2" 10439
"../../../Engine/Content/Functions/Engine_MaterialFunctions03/Procedurals/HeightToNormalSmooth.uasset" 10440
"../../../Engine/Plugins/NNE/NNEDenoiser/Content/NNEDIM_ColorAlbedoNormal_Alpha.uasset" 10441
"../../../Engine/Plugins/NNE/NNEDenoiser/Content/NNEDIM_HighQuality_Default.uasset" 10442
"../../../Engine/Plugins/Interchange/Assets/Content/Functions/MX_Surface.uasset" 10443
"../../../Engine/Plugins/NNE/NNEDenoiser/Content/NNEDOM_Output_Alpha.uasset" 10444
"../../../Engine/Content/EngineMaterials/Substrate/Volume/SubstrateSimpleVolumeEnvLUT3D.uasset" 10445
"../../../Engine/Content/EngineMaterials/PPM_DefaultCalibrationGrayscale.uasset" 10446
"../../../Engine/Content/EngineMaterials/DefaultCalibrationColor.uasset" 10447
"/Engine/Functions/Engine_MaterialFunctions02/Utility/BlendAngleCorrectedNormals" 10448
"/Engine/Functions/MaterialLayerFunctions/MatLayerBlend_OverrideOpacity" 10449
"/Engine/EngineMaterials/DefaultCalibrationGrayscale" 10450
"/Engine/EngineMaterials/Substrate/Volume/SubstrateSimpleVolumeLUT3D" 10451
"/NNEDenoiser/NNEDOM_Output_Alpha" 10452
"../../../Engine/Plugins/NNE/NNEDenoiser/Content/NNEDOM_Output_Default.uasset" 10453
"../../../Engine/Plugins/NNE/NNEDenoiser/Content/NNEDTIM_ColorAlbedoNormal_Alpha.uasset" 10454
"/NNEDenoiser/NNEDIM_HighQuality_Default" 10455
"/NNEDenoiser/NNEDIM_HighQuality_Alpha" 10456
"/NNEDenoiser/NNEDIM_ColorAlbedoNormal_Default" 10457
"/NNEDenoiser/NNEDIM_ColorAlbedoNormal_Alpha" 10458
"/InterchangeAssets/Functions/MX_Displacement" 10459
"/InterchangeAssets/Functions/MX_Surface" 10460
"/Engine/EngineMaterials/PPM_DefaultCalibrationGrayscale" 10461
"/Engine/EngineMaterials/PPM_DefaultCalibrationColor" 10462
"/Engine/EngineMaterials/Substrate/Volume/SubstrateSimpleVolumeEnvLUT3D" 10463
"../../../Engine/Plugins/NNE/NNEDenoiser/Content/NNEDTIM_ColorAlbedoNormal_Default.uasset" 10464
"../../../Engine/Plugins/NNE/NNEDenoiser/Content/NNEDT_Oidn2-3_Balanced.uasset" 10465
"../../../Engine/Plugins/NNE/NNEDenoiser/Content/NNEDTOM_Output_Alpha.uasset" 10466
"../../../Engine/Plugins/NNE/NNEDenoiser/Content/NNED_Oidn2-3_Balanced_Alpha.uasset" 10467
"../../../Engine/Plugins/NNE/NNEDenoiser/Content/NNEDT_Oidn2-3_Balanced_Alpha.uasset" 10468
"../../../Engine/Plugins/NNE/NNEDenoiser/Content/NNED_Oidn2-3_HighQuality.uasset" 10469
"../../../Engine/Plugins/NNE/NNEDenoiser/Content/NNE_oidn2-3-0_rt_hdr_alb_nrm_small__dyn__fp16_opset11_DenoiseAlpha.uasset" 10470
"../../../Engine/Plugins/NNE/NNEDenoiser/Content/NNED_Oidn2-3_Fast_Alpha.uasset" 10471
"../../../Engine/Plugins/NNE/NNEDenoiser/Content/NNED_Oidn2-3_HighQuality_Alpha.uasset" 10472
"../../../Engine/Plugins/NNE/NNEDenoiser/Content/NNE_oidn2-3-0_rt_hdr_alb_nrm_small__dyn__fp16_opset11_ForwardAlpha.uasset" 10473
"../../../Engine/Plugins/NNE/NNEDenoiser/Content/NNEDTOM_Output_Default.uasset" 10474
"../../../Engine/Plugins/NNE/NNEDenoiser/Content/NNED_Oidn2-3_Balanced.uasset" 10475
"../../../Engine/Plugins/NNE/NNEDenoiser/Content/NNE_oidn2-3-0_rt_hdr_calb_cnrm_large__dyn__fp16_opset11_DenoiseAlpha.uasset" 10476
"../../../Engine/Plugins/NNE/NNEDenoiser/Content/NNE_oidn2-3-0_rt_hdr_calb_cnrm_large__dyn__fp16_opset11_ForwardAlpha.uasset" 10477
"../../../Engine/Plugins/NNE/NNEDenoiser/Content/NNE_oidn2-3-0_rt_hdr_alb_nrm__dyn__fp16_opset11_ForwardAlpha.uasset" 10478
"../../../Engine/Plugins/NNE/NNEDenoiser/Content/NNED_Oidn2-3_Fast.uasset" 10479
"../../../Engine/Plugins/NNE/NNEDenoiser/Content/NNE_oidn2-3-0_rt_hdr_alb_nrm__dyn__fp16_opset11_DenoiseAlpha.uasset" 10480
"/NNEDenoiser/NNEDTIM_ColorAlbedoNormal_Default" 10481
"/NNEDenoiser/NNEDTIM_ColorAlbedoNormal_Alpha" 10482
"/NNEDenoiser/NNEDOM_Output_Default" 10483
"/NNEDenoiser/NNE_oidn2-3-0_rt_hdr_alb_nrm_small__dyn__fp16_opset11_ForwardAlpha" 10484
"/NNEDenoiser/NNE_oidn2-3-0_rt_hdr_alb_nrm_small__dyn__fp16_opset11_DenoiseAlpha" 10485
"/NNEDenoiser/NNED_Oidn2-3_HighQuality_Alpha" 10486
"/NNEDenoiser/NNED_Oidn2-3_HighQuality" 10487
"/NNEDenoiser/NNED_Oidn2-3_Fast_Alpha" 10488
"/NNEDenoiser/NNED_Oidn2-3_Fast" 10489
"/NNEDenoiser/NNED_Oidn2-3_Balanced_Alpha" 10490
"/NNEDenoiser/NNED_Oidn2-3_Balanced" 10491
"C:/Users/jessw/Documents/GitHub/CasualProductionDreamTeam/DreamRunner/Intermediate/ORTOptimizerPass_OptimizedCFA4EBD24C19246AF76510BBD60D9DD6.onnx" 10492
"C:/Users/jessw/Documents/GitHub/CasualProductionDreamTeam/DreamRunner/Intermediate/ORTOptimizerPass_OptimizedAE8A91524ED4394B4EE552B879B2AE6B.onnx" 10493
"C:/Users/jessw/Documents/GitHub/CasualProductionDreamTeam/DreamRunner/Intermediate/ORTOptimizerPass_OptimizedC8F5024B4BFB5E0245344794CDD99ECA.onnx" 10494
"C:/Users/jessw/Documents/GitHub/CasualProductionDreamTeam/DreamRunner/Intermediate/ORTOptimizerPass_OptimizedA9BB21AB430FB05A2B7CC9963BC4B137.onnx" 10495
"/NNEDenoiser/NNEDT_Oidn2-3_Balanced_Alpha" 10496
"/NNEDenoiser/NNE_oidn2-3-0_rt_hdr_calb_cnrm_large__dyn__fp16_opset11_ForwardAlpha" 10497
"/NNEDenoiser/NNE_oidn2-3-0_rt_hdr_calb_cnrm_large__dyn__fp16_opset11_DenoiseAlpha" 10498
"/NNEDenoiser/NNE_oidn2-3-0_rt_hdr_alb_nrm__dyn__fp16_opset11_ForwardAlpha" 10499
"/NNEDenoiser/NNEDT_Oidn2-3_Balanced" 10500
"/NNEDenoiser/NNEDTOM_Output_Default" 10501
"/NNEDenoiser/NNE_oidn2-3-0_rt_hdr_alb_nrm__dyn__fp16_opset11_DenoiseAlpha" 10502
"/NNEDenoiser/NNEDTOM_Output_Alpha" 10503
"C:/Users/jessw/Documents/GitHub/CasualProductionDreamTeam/DreamRunner/Intermediate/ORTOptimizerPass_Optimized08166F4C4CF36A1FC65ED1B8195EA6D5.onnx" 10504
"C:/Users/jessw/Documents/GitHub/CasualProductionDreamTeam/DreamRunner/Intermediate/ORTOptimizerPass_Optimized8F76F442485868889280EEB8FCD19846.onnx" 10505
"C:/Users/jessw/Documents/GitHub/CasualProductionDreamTeam/DreamRunner/Intermediate/ORTOptimizerPass_OptimizedFBFD509D48CC8DBC244140B4A3861910.onnx" 10506
"C:/Users/jessw/Documents/GitHub/CasualProductionDreamTeam/DreamRunner/Intermediate/ORTOptimizerPass_Optimized7B03D71940B169500DA6E58F0F94CE0E.onnx" 10507
"C:/Users/jessw/Documents/GitHub/CasualProductionDreamTeam/DreamRunner/Intermediate/ORTOptimizerPass_Optimized69797B5C4837F0751A9F89A3E1FF10AA.onnx" 10508
"C:/Users/jessw/Documents/GitHub/CasualProductionDreamTeam/DreamRunner/Intermediate/ORTOptimizerPass_OptimizedF5EFFD774518F6BDDE0D79ABDD367D7E.onnx" 10509
"C:/Users/jessw/Documents/GitHub/CasualProductionDreamTeam/DreamRunner/Intermediate/ORTOptimizerPass_Optimized37D105344B618D8E00054882AFAC69FE.onnx" 10510
"C:/Users/jessw/Documents/GitHub/CasualProductionDreamTeam/DreamRunner/Intermediate/ORTOptimizerPass_Optimized518CA99E49EB51EBAAA0569673E10D96.onnx" 10511
"C:/Users/jessw/Documents/GitHub/CasualProductionDreamTeam/DreamRunner/DerivedDataCache/VT/TEXTURE_7C16439390E24F1F9468894FB4D4BC55_VTCHUNK44B429B40BB45A070EB17C1259C28734996A2F49" 10512
"C:/Users/jessw/Documents/GitHub/CasualProductionDreamTeam/DreamRunner/DerivedDataCache/VT/TEXTURE_7C16439390E24F1F9468894FB4D4BC55_VTCHUNK967C747FFC357A828288FA05D93CD5DCECDA891B" 10513
"../../../Engine/Content/EngineResources/FilmGrains/Marcie_Grain_v3_128_M2_000.uasset" 10514
"../../../Engine/Content/EngineMaterials/DefaultBloomKernel.uasset" 10515
"../../../Engine/Content/EngineResources/Development/ZenLogo_64.uasset" 10516
"../../../Engine/Content/EngineMaterials/LTC/Sheen_LTC.uasset" 10517
"../../../Engine/Content/EditorResources/BSPVertex.uasset" 10518
"../../../Engine/Content/EngineMaterials/FastBlueNoise_scalar_128x128x8.uasset" 10519
"../../../Engine/Content/EngineMaterials/FastBlueNoise_vec2_128x128x64.uasset" 10520
"../../../Engine/Content/EngineMaterials/FastBlueNoise_scalar_128x128x64.uasset" 10521
"../../../Engine/Content/EngineDebugMaterials/DebugEditorMaterial.uasset" 10522
"C:/Users/jessw/Documents/GitHub/CasualProductionDreamTeam/DreamRunner/DerivedDataCache/VT/TEXTURE_7C16439390E24F1F9468894FB4D4BC55_VTCHUNK2A5F9F60441DA258D18B46D59C64D5BAD50E8EE3" 10523
"C:/Users/jessw/Documents/GitHub/CasualProductionDreamTeam/DreamRunner/DerivedDataCache/VT/TEXTURE_7C16439390E24F1F9468894FB4D4BC55_VTCHUNKC0393DE8C5B4673D99D1BECB92AA8C1F72FEB491" 10524
"C:/Users/jessw/Documents/GitHub/CasualProductionDreamTeam/DreamRunner/DerivedDataCache/VT/TEXTURE_7C16439390E24F1F9468894FB4D4BC55_VTCHUNK02D4C3BCAD7DFA48AB32B8281FB06B8B83DB6275" 10525
"/Engine/EngineMaterials/LTC/Sheen_LTC" 10526
"/Engine/EngineMaterials/FastBlueNoise_vec2_128x128x64" 10527
"/Engine/EngineMaterials/FastBlueNoise_scalar_128x128x8" 10528
"/Engine/EngineMaterials/FastBlueNoise_scalar_128x128x64" 10529
"/Engine/EngineDebugMaterials/DebugEditorMaterial" 10530
"/Engine/EngineResources/Development/ZenLogo_64" 10531
"/Engine/EngineResources/FilmGrains/Marcie_Grain_v3_128_M2_000" 10532
"/Engine/EngineMaterials/DefaultBloomKernel" 10533
"/Engine/EditorResources/BSPVertex" 10534
"../../../Engine/Content/EngineSounds/Master.uasset" 10535
"../../../Engine/Content/EngineMaterials/EnergyConservation/Sheen_Energy.uasset" 10536
"../../../Engine/Plugins/Interchange/Runtime/Content/Pipelines/DefaultAssetsPipeline.uasset" 10537
"../../../Engine/Content/EngineMaterials/EnergyConservation/Diffuse_Energy.uasset" 10538
"../../../Engine/Plugins/Interchange/Runtime/Content/Pipelines/DefaultGLTFAssetsPipeline.uasset" 10539
"../../../Engine/Plugins/Interchange/Runtime/Content/Pipelines/DefaultTexturePipeline.uasset" 10540
"../../../Engine/Plugins/Interchange/Runtime/Content/Pipelines/DefaultMaterialXPipeline.uasset" 10541
"../../../Engine/Plugins/Interchange/Runtime/Content/Pipelines/DefaultSceneLevelPipeline.uasset" 10542
"../../../Engine/Plugins/Interchange/Runtime/Content/Pipelines/DefaultGLTFPipeline.uasset" 10543
"../../../Engine/Plugins/Interchange/Assets/Content/Functions/MX_UsdPreviewSurface.uasset" 10544
"../../../Engine/Plugins/Interchange/Assets/Content/Functions/MX_SheenBSDF.uasset" 10545
"/Engine/EngineSounds/Master" 10546
"../../../Engine/Plugins/Interchange/Runtime/Content/Pipelines/DefaultSceneAssetsPipeline.uasset" 10547
"../../../Engine/Plugins/Interchange/Runtime/Content/Pipelines/DefaultMaterialPipeline.uasset" 10548
"../../../Engine/Plugins/Interchange/Assets/Content/Functions/MX_SurfaceUnlit.uasset" 10549
"../../../Engine/Plugins/Interchange/Assets/Content/Functions/MX_UniformEDF.uasset" 10550
"../../../Engine/Plugins/Animation/ControlRig/Content/Controls/ControlRigGizmoMaterial.uasset" 10551
"../../../Engine/Plugins/Interchange/Assets/Content/Functions/MX_ConductorBSDF.uasset" 10552
"../../../Engine/Plugins/Interchange/Assets/Content/Functions/MX_BurleyDiffuseBSDF.uasset" 10553
"../../../Engine/Plugins/Interchange/Assets/Content/Functions/MX_AbsorptionVDF.uasset" 10554
"../../../Engine/Plugins/Interchange/Assets/Content/Functions/MX_AnisotropicVDF.uasset" 10555
"../../../Engine/Plugins/Interchange/Assets/Content/Functions/MX_ConicalEDF.uasset" 10556
"../../../Engine/Plugins/Interchange/Assets/Content/Functions/MX_TranslucentBSDF.uasset" 10557
"/Engine/EngineMaterials/EnergyConservation/Sheen_Energy" 10558
"../../../Engine/Plugins/Interchange/Assets/Content/Functions/MX_SubsurfaceBSDF.uasset" 10559
"../../../Engine/Plugins/Interchange/Assets/Content/Functions/MX_OrenNayarBSDF.uasset" 10560
"../../../Engine/Plugins/Interchange/Runtime/Content/Pipelines/DefaultGLTFSceneAssetsPipeline.uasset" 10561
"../../../Engine/Plugins/Interchange/Assets/Content/Functions/MX_DielectricBSDF.uasset" 10562
"../../../Engine/Plugins/Interchange/Assets/Content/Functions/MX_ThinFilmBSDF.uasset" 10563
"../../../Engine/Plugins/Interchange/Assets/Content/Functions/MX_MeasuredEDF.uasset" 10564
"../../../Engine/Plugins/Interchange/Assets/Content/Functions/MX_GeneralizedSchlickBSDF.uasset" 10565
"/ControlRig/Controls/ControlRigGizmoMaterial" 10566
"/InterchangeAssets/Functions/MX_AnisotropicVDF" 10567
"/InterchangeAssets/Functions/MX_AbsorptionVDF" 10568
"/InterchangeAssets/Functions/MX_MeasuredEDF" 10569
"/InterchangeAssets/Functions/MX_BurleyDiffuseBSDF" 10570
"/InterchangeAssets/Functions/MX_OrenNayarBSDF" 10571
"/InterchangeAssets/Functions/MX_ConicalEDF" 10572
"/InterchangeAssets/Functions/MX_UsdPreviewSurface" 10573
"/InterchangeAssets/Functions/MX_UniformEDF" 10574
"/InterchangeAssets/Functions/MX_SurfaceUnlit" 10575
"/Interchange/Pipelines/DefaultGLTFSceneAssetsPipeline" 10576
"/InterchangeAssets/Functions/MX_ThinFilmBSDF" 10577
"/Interchange/Pipelines/DefaultSceneLevelPipeline" 10578
"/InterchangeAssets/Functions/MX_SheenBSDF" 10579
"/InterchangeAssets/Functions/MX_SubsurfaceBSDF" 10580
"/Interchange/Pipelines/DefaultSceneAssetsPipeline" 10581
"/Interchange/Pipelines/DefaultTexturePipeline" 10582
"/InterchangeAssets/Functions/MX_GeneralizedSchlickBSDF" 10583
"/Interchange/Pipelines/DefaultMaterialPipeline" 10584
"/Interchange/Pipelines/DefaultGLTFPipeline" 10585
"/Interchange/Pipelines/DefaultGLTFAssetsPipeline" 10586
"/Interchange/Pipelines/DefaultMaterialXPipeline" 10587
"/Interchange/Pipelines/DefaultAssetsPipeline" 10588
"/Engine/EngineMaterials/EnergyConservation/Diffuse_Energy" 10589
"/InterchangeAssets/Functions/MX_ConductorBSDF" 10590
"/InterchangeAssets/Functions/MX_DielectricBSDF" 10591
"/InterchangeAssets/Functions/MX_TranslucentBSDF" 10592
"C:/Users/jessw/Documents/GitHub/CasualProductionDreamTeam/DreamRunner/Saved/Cooked/Windows/DreamRunner/Metadata/CookedSettings.txt" 10593
